stimulus,index,content,word_len,freq_zipf,dep_dist,depth,integration_cost,dep_label,pos_tag,lemma,sentence_id,token_id_sent
breakfast-pos.text.0,0,Breakfast,9,4.82144801901753,0,0,0.0,ROOT,NOUN,breakfast,0,0
breakfast-pos.text.0,1,with,4,6.703147736191453,1,1,0.8,prep,ADP,with,0,1
breakfast-pos.text.0,2,a,1,7.3099551280128585,1,4,0.3,det,DET,a,0,2
breakfast-pos.text.0,3,Stranger,8,4.431363764158987,5,3,2.5,nmod,PROPN,Stranger,0,3
breakfast-pos.text.0,4,The,3,7.469073206544746,1,4,0.3,det,DET,the,0,4
breakfast-pos.text.0,5,diner's,6,4.093071306376063,3,3,1.5,poss,NOUN,diner,0,5
breakfast-pos.text.0,6,fluorescent,11,2.7708520116421442,1,3,0.5,compound,NOUN,fluorescent,0,7
breakfast-pos.text.0,7,lights,6,5.218010042984363,7,2,3.7,pobj,NOUN,light,0,8
breakfast-pos.text.0,8,hummed,6,3.6830470382388496,1,3,0.5,acl,VERB,hum,0,9
breakfast-pos.text.0,9,"overhead,",8,3.5646660642520893,1,4,0.6,advmod,ADV,overhead,0,10
breakfast-pos.text.0,10,casting,7,3.6190933306267428,11,1,1.7000000000000002,punct,PUNCT,",",0,11
breakfast-pos.text.0,11,an,2,6.270478525477336,2,3,0.6,det,DET,an,0,13
breakfast-pos.text.0,12,unforgiving,11,2.7075701760979363,1,3,0.6,amod,VERB,unforgive,0,14
breakfast-pos.text.0,13,glare,5,3.2068258760318495,3,2,3.0,dobj,NOUN,glare,0,15
breakfast-pos.text.0,14,over,4,6.12165503058072,1,3,0.8,prep,ADP,over,0,16
breakfast-pos.text.0,15,the,3,7.469073206544746,2,5,0.6,det,DET,the,0,17
breakfast-pos.text.0,16,Formica,7,2.4913616938342726,1,5,0.5,compound,PROPN,Formica,0,18
breakfast-pos.text.0,17,countertops,11,2.64,3,4,1.5,pobj,NOUN,countertop,0,19
breakfast-pos.text.0,18,and,3,7.126710513400982,1,5,0.5,cc,CCONJ,and,0,20
breakfast-pos.text.0,19,vinyl,5,3.093421685162235,1,6,0.5,compound,NOUN,vinyl,0,21
breakfast-pos.text.0,20,booths.,6,4.308991029000164,3,5,1.5,conj,NOUN,booth,0,22
breakfast-pos.text.0,21,Rachel,6,4.15,23,1,4.1000000000000005,punct,PUNCT,.,0,23
breakfast-pos.text.0,22,settled,7,4.623456048069934,0,0,0.0,ROOT,VERB,settle,1,1
breakfast-pos.text.0,23,into,4,5.926645935044691,1,1,0.8,prep,ADP,into,1,2
breakfast-pos.text.0,24,her,3,6.452678661106354,2,3,1.0,poss,PRON,her,1,3
breakfast-pos.text.0,25,usual,5,4.571009672309305,1,3,0.6,amod,ADJ,usual,1,4
breakfast-pos.text.0,26,"booth,",5,4.308991029000164,3,2,1.5,pobj,NOUN,booth,1,5
breakfast-pos.text.0,27,scanning,8,3.367355921026019,5,1,0.5,punct,PUNCT,",",1,6
breakfast-pos.text.0,28,the,3,7.469073206544746,1,3,0.3,det,DET,the,1,8
breakfast-pos.text.0,29,menu,4,3.998259338423699,2,2,2.0,dobj,NOUN,menu,1,9
breakfast-pos.text.0,30,with,4,6.703147736191453,3,2,2.4000000000000004,prep,ADP,with,1,10
breakfast-pos.text.0,31,practiced,9,3.5224442335063197,1,4,0.6,amod,ADJ,practiced,1,11
breakfast-pos.text.0,32,familiarity.,11,2.8260748027008264,2,3,1.0,pobj,NOUN,familiarity,1,12
breakfast-pos.text.0,33,She,3,6.572044028989929,12,1,1.9000000000000004,punct,PUNCT,.,1,13
breakfast-pos.text.0,34,ordered,7,5.194708551575122,0,0,0.0,ROOT,VERB,order,2,1
breakfast-pos.text.0,35,her,3,6.452678661106354,2,2,1.0,poss,PRON,her,2,2
breakfast-pos.text.0,36,usual,5,4.571009672309305,1,2,0.6,amod,ADJ,usual,2,3
breakfast-pos.text.0,37,breakfast:,9,4.82144801901753,3,1,3.0,dobj,NOUN,breakfast,2,4
breakfast-pos.text.0,38,scrambled,9,3.8573324964312685,1,2,0.1,punct,PUNCT,:,2,5
breakfast-pos.text.0,39,"eggs,",4,4.415640979896154,3,2,1.5,appos,NOUN,egg,2,7
breakfast-pos.text.0,40,crispy,6,3.3560258571931225,1,3,0.1,punct,PUNCT,",",2,8
breakfast-pos.text.0,41,"bacon,",5,4.074084689028243,3,3,1.5,conj,PROPN,bacon,2,10
breakfast-pos.text.0,42,and,3,7.126710513400982,1,4,0.1,punct,PUNCT,",",2,11
breakfast-pos.text.0,43,whole-grain,10,,,,,,,,,
breakfast-pos.text.0,44,toast.,5,4.524655712357777,6,4,3.1,conj,NOUN,toast,2,16
breakfast-pos.text.0,45,The,3,7.469073206544746,16,1,2.7,punct,PUNCT,.,2,17
breakfast-pos.text.0,46,"waitress,",8,4.061829307294699,10,1,10.5,nsubj,NOUN,waitress,3,1
breakfast-pos.text.0,47,a,1,7.3099551280128585,1,2,0.1,punct,PUNCT,",",3,2
breakfast-pos.text.0,48,bleary-eyed,10,,,,,,,,,
breakfast-pos.text.0,49,woman,5,5.63811969986024,6,2,3.1,appos,NOUN,woman,3,7
breakfast-pos.text.0,50,named,5,5.80744031177937,1,3,0.5,acl,VERB,name,3,8
breakfast-pos.text.0,51,"Darla,",5,2.58,1,4,0.5,oprd,PROPN,Darla,3,9
breakfast-pos.text.0,52,scribbled,9,2.7075701760979363,9,2,1.3,punct,PUNCT,",",3,10
breakfast-pos.text.0,53,down,4,6.173264958940605,1,1,0.5,prt,ADP,down,3,12
breakfast-pos.text.0,54,the,3,7.469073206544746,1,2,0.3,det,DET,the,3,13
breakfast-pos.text.0,55,order,5,5.194708551575122,3,1,3.0,dobj,NOUN,order,3,14
breakfast-pos.text.0,56,and,3,7.126710513400982,4,1,2.0,cc,CCONJ,and,3,15
breakfast-pos.text.0,57,trudged,7,2.380211241711606,5,1,2.5,conj,VERB,trudge,3,16
breakfast-pos.text.0,58,"away,",4,5.863857961883973,1,2,0.6,advmod,ADV,away,3,17
breakfast-pos.text.0,59,leaving,7,5.150418694479298,2,2,0.2,punct,PUNCT,",",3,18
breakfast-pos.text.0,60,Rachel,6,4.15,1,3,1.0,dobj,PROPN,Rachel,3,20
breakfast-pos.text.0,61,to,2,7.355601686871925,1,4,0.3,aux,PART,to,3,21
breakfast-pos.text.0,62,wait.,4,5.919208884270423,3,3,1.5,xcomp,VERB,wait,3,22
breakfast-pos.text.0,63,Minutes,7,5.436194462320936,12,1,1.9000000000000004,punct,PUNCT,.,3,23
breakfast-pos.text.0,64,ticked,6,3.8603380065709936,1,2,0.5,acl,VERB,tick,4,1
breakfast-pos.text.0,65,"by,",2,6.127257098825985,1,3,0.8,prep,ADP,by,4,2
breakfast-pos.text.0,66,and,3,7.126710513400982,2,3,0.2,punct,PUNCT,",",4,3
breakfast-pos.text.0,67,Rachel's,7,4.15,2,2,1.0,poss,PROPN,Rachel,4,5
breakfast-pos.text.0,68,stomach,7,4.529173603261723,1,1,1.0,nsubj,NOUN,stomach,4,7
breakfast-pos.text.0,69,growled,7,2.9912260756924947,0,0,0.0,ROOT,VERB,growl,4,8
breakfast-pos.text.0,70,in,2,6.990046118048168,1,1,0.8,prep,ADP,in,4,9
breakfast-pos.text.0,71,anticipation.,12,3.3961993470957363,1,2,0.5,pobj,NOUN,anticipation,4,10
breakfast-pos.text.0,72,When,4,6.308372299806312,3,1,0.30000000000000004,punct,PUNCT,.,4,11
breakfast-pos.text.0,73,Darla,5,2.58,1,2,1.0,nsubj,PROPN,Darla,5,1
breakfast-pos.text.0,74,returned,8,4.962321972729584,9,1,4.9,advcl,VERB,return,5,2
breakfast-pos.text.0,75,with,4,6.703147736191453,1,2,0.8,prep,ADP,with,5,3
breakfast-pos.text.0,76,a,1,7.3099551280128585,2,4,0.6,det,DET,a,5,4
breakfast-pos.text.0,77,steaming,8,3.296665190261531,1,4,0.5,compound,NOUN,steaming,5,5
breakfast-pos.text.0,78,"plate,",5,4.409087369447835,3,3,1.5,pobj,NOUN,plate,5,6
breakfast-pos.text.0,79,Rachel's,7,4.15,2,2,1.0,poss,PROPN,Rachel,5,8
breakfast-pos.text.0,80,eyes,4,5.0483641052798855,1,1,1.0,nsubj,NOUN,eye,5,10
breakfast-pos.text.0,81,widened,7,2.9138138523837167,0,0,0.0,ROOT,VERB,widen,5,11
breakfast-pos.text.0,82,in,2,6.990046118048168,1,1,0.8,prep,ADP,in,5,12
breakfast-pos.text.0,83,confusion.,9,3.852479993636856,1,2,0.5,pobj,NOUN,confusion,5,13
breakfast-pos.text.0,84,Instead,7,4.899108858193399,3,1,0.30000000000000004,punct,PUNCT,.,5,14
breakfast-pos.text.0,85,of,2,7.063605036452092,0,0,0.0,ROOT,ADP,of,6,1
breakfast-pos.text.0,86,"eggs,",4,4.415640979896154,1,1,0.5,pobj,NOUN,egg,6,2
delayed-neg.naturalness,0,How,3,6.485184613433453,1,2,0.6,advmod,SCONJ,how,0,0
delayed-neg.naturalness,1,natural,7,4.6268534146667255,3,1,1.5,acomp,ADJ,natural,0,1
delayed-neg.naturalness,2,and,3,7.126710513400982,1,2,0.5,cc,CCONJ,and,0,2
delayed-neg.naturalness,3,fluent,6,3.0644579892269186,2,2,1.0,conj,ADJ,fluent,0,3
delayed-neg.naturalness,4,was,3,6.7594230602184195,0,0,0.0,ROOT,AUX,be,0,4
delayed-neg.naturalness,5,the,3,7.469073206544746,2,2,0.6,det,DET,the,0,5
delayed-neg.naturalness,6,writing,7,5.103119253545714,1,2,0.5,compound,VERB,write,0,6
delayed-neg.naturalness,7,style,5,4.478277831919605,3,1,1.5,attr,NOUN,style,0,7
delayed-neg.naturalness,8,in,2,6.990046118048168,1,2,0.8,prep,ADP,in,0,8
delayed-neg.naturalness,9,this,4,6.9019337688086235,1,4,0.3,det,DET,this,0,9
delayed-neg.naturalness,10,text?,4,3.7193312869837265,2,3,1.0,pobj,NOUN,text,0,10
delayed-neg.naturalness,11,4,0,5.78,7,1,0.9000000000000001,punct,PUNCT,?,0,11
delayed-neg.naturalness,12,–,0,,1,1,0.1,punct,PUNCT,–,1,1
delayed-neg.naturalness,13,very,4,6.093859261503438,1,3,0.6,advmod,ADV,very,1,2
delayed-neg.naturalness,14,natural,7,4.6268534146667255,1,2,0.6,amod,ADJ,natural,1,3
delayed-neg.naturalness,15,3,0,5.91,4,1,2.0,appos,NUM,3,1,4
delayed-neg.naturalness,16,–,0,,1,2,0.1,punct,PUNCT,–,1,5
delayed-neg.naturalness,17,rather,6,5.057742155828753,1,4,0.6,advmod,ADV,rather,1,6
delayed-neg.naturalness,18,natural,7,4.6268534146667255,1,3,0.6,amod,ADJ,natural,1,7
delayed-neg.naturalness,19,2,0,6.0,4,2,2.0,appos,NUM,2,1,8
delayed-neg.naturalness,20,–,0,,1,3,0.1,punct,PUNCT,–,1,9
delayed-neg.naturalness,21,rather,6,5.057742155828753,1,3,0.6,advmod,ADV,rather,1,10
delayed-neg.naturalness,22,unnatural,9,3.4393326938302624,1,2,0.6,amod,ADJ,unnatural,1,11
delayed-neg.naturalness,23,1,0,6.0,12,1,6.7,appos,NUM,1,1,12
delayed-neg.naturalness,24,–,0,,1,2,0.1,punct,PUNCT,–,1,13
delayed-neg.naturalness,25,very,4,6.093859261503438,1,3,0.6,advmod,ADV,very,1,14
delayed-neg.naturalness,26,unnatural,9,3.4393326938302624,3,2,1.7999999999999998,amod,ADJ,unnatural,1,15
prize-zero.naturalness,0,How,3,6.485184613433453,1,2,0.6,advmod,SCONJ,how,0,0
prize-zero.naturalness,1,natural,7,4.6268534146667255,3,1,1.5,acomp,ADJ,natural,0,1
prize-zero.naturalness,2,and,3,7.126710513400982,1,2,0.5,cc,CCONJ,and,0,2
prize-zero.naturalness,3,fluent,6,3.0644579892269186,2,2,1.0,conj,ADJ,fluent,0,3
prize-zero.naturalness,4,was,3,6.7594230602184195,0,0,0.0,ROOT,AUX,be,0,4
prize-zero.naturalness,5,the,3,7.469073206544746,2,2,0.6,det,DET,the,0,5
prize-zero.naturalness,6,writing,7,5.103119253545714,1,2,0.5,compound,VERB,write,0,6
prize-zero.naturalness,7,style,5,4.478277831919605,3,1,1.5,attr,NOUN,style,0,7
prize-zero.naturalness,8,in,2,6.990046118048168,1,2,0.8,prep,ADP,in,0,8
prize-zero.naturalness,9,this,4,6.9019337688086235,1,4,0.3,det,DET,this,0,9
prize-zero.naturalness,10,text?,4,3.7193312869837265,2,3,1.0,pobj,NOUN,text,0,10
prize-zero.naturalness,11,4,0,5.78,7,1,0.9000000000000001,punct,PUNCT,?,0,11
prize-zero.naturalness,12,–,0,,1,1,0.1,punct,PUNCT,–,1,1
prize-zero.naturalness,13,very,4,6.093859261503438,1,3,0.6,advmod,ADV,very,1,2
prize-zero.naturalness,14,natural,7,4.6268534146667255,1,2,0.6,amod,ADJ,natural,1,3
prize-zero.naturalness,15,3,0,5.91,4,1,2.0,appos,NUM,3,1,4
prize-zero.naturalness,16,–,0,,1,2,0.1,punct,PUNCT,–,1,5
prize-zero.naturalness,17,rather,6,5.057742155828753,1,4,0.6,advmod,ADV,rather,1,6
prize-zero.naturalness,18,natural,7,4.6268534146667255,1,3,0.6,amod,ADJ,natural,1,7
prize-zero.naturalness,19,2,0,6.0,4,2,2.0,appos,NUM,2,1,8
prize-zero.naturalness,20,–,0,,1,3,0.1,punct,PUNCT,–,1,9
prize-zero.naturalness,21,rather,6,5.057742155828753,1,3,0.6,advmod,ADV,rather,1,10
prize-zero.naturalness,22,unnatural,9,3.4393326938302624,1,2,0.6,amod,ADJ,unnatural,1,11
prize-zero.naturalness,23,1,0,6.0,12,1,6.7,appos,NUM,1,1,12
prize-zero.naturalness,24,–,0,,1,2,0.1,punct,PUNCT,–,1,13
prize-zero.naturalness,25,very,4,6.093859261503438,1,3,0.6,advmod,ADV,very,1,14
prize-zero.naturalness,26,unnatural,9,3.4393326938302624,3,2,1.7999999999999998,amod,ADJ,unnatural,1,15
blackout-neg.text.2,240,"open,",4,5.505706061959787,0,0,0.0,ROOT,ADJ,open,0,0
blackout-neg.text.2,241,just,4,6.67661497234708,1,1,0.1,punct,PUNCT,",",0,1
blackout-neg.text.2,242,a,1,7.3099551280128585,1,2,0.3,det,DET,a,0,3
blackout-neg.text.2,243,crack.,5,4.516403148447403,4,1,2.0,dep,NOUN,crack,0,4
blackout-neg.text.2,244,It,2,7.276377005067547,5,1,0.5,punct,PUNCT,.,0,5
blackout-neg.text.2,245,was,3,6.7594230602184195,0,0,0.0,ROOT,AUX,be,1,1
blackout-neg.text.2,246,as,2,6.345769610954118,5,2,2.5,mark,SCONJ,as,1,2
blackout-neg.text.2,247,if,2,6.549171303929439,4,2,2.0,mark,SCONJ,if,1,3
blackout-neg.text.2,248,someone,7,5.649451693528405,3,2,3.0,nsubj,PRON,someone,1,4
blackout-neg.text.2,249,had,3,6.789680109103924,2,2,0.6,aux,AUX,have,1,5
blackout-neg.text.2,250,been,4,6.7594230602184195,1,2,0.3,aux,AUX,be,1,6
blackout-neg.text.2,251,waiting,7,5.919208884270423,6,1,3.1,advcl,VERB,wait,1,7
blackout-neg.text.2,252,for,3,6.838540569153386,1,2,0.8,prep,ADP,for,1,8
blackout-neg.text.2,253,"them,",4,6.613095166038459,1,3,0.5,pobj,PRON,they,1,9
blackout-neg.text.2,254,had,3,6.224253283752622,9,1,1.3,punct,PUNCT,",",1,10
blackout-neg.text.2,255,been,4,6.7594230602184195,1,2,0.3,aux,AUX,be,1,12
blackout-neg.text.2,256,waiting,7,5.919208884270423,12,1,6.7,ccomp,VERB,wait,1,13
blackout-neg.text.2,257,for,3,6.838540569153386,3,3,1.5,mark,SCONJ,for,1,14
blackout-neg.text.2,258,them,4,6.613095166038459,2,3,2.0,nsubj,PRON,they,1,15
blackout-neg.text.2,259,to,2,7.355601686871925,1,3,0.3,aux,PART,to,1,16
blackout-neg.text.2,260,come,4,6.497065171063486,4,2,2.0,advcl,VERB,come,1,17
blackout-neg.text.2,261,and,3,7.126710513400982,1,3,0.5,cc,CCONJ,and,1,18
blackout-neg.text.2,262,find,4,5.919580118612771,2,3,1.0,conj,VERB,find,1,19
blackout-neg.text.2,263,the,3,7.469073206544746,1,5,0.3,det,DET,the,1,20
blackout-neg.text.2,264,light.,5,5.218010042984363,2,4,2.0,dobj,NOUN,light,1,21
blackout-neg.text.2,265,And,3,7.126710513400982,21,1,3.7,punct,PUNCT,.,1,22
blackout-neg.text.2,266,"then,",4,6.17304925458245,12,1,7.8999999999999995,advmod,ADV,then,2,1
blackout-neg.text.2,267,just,4,6.67661497234708,11,1,1.7000000000000002,punct,PUNCT,",",2,2
blackout-neg.text.2,268,as,2,6.345769610954118,2,2,1.0,mark,SCONJ,as,2,4
blackout-neg.text.2,269,they,4,6.613095166038459,1,2,1.0,nsubj,PRON,they,2,5
blackout-neg.text.2,270,were,4,6.7594230602184195,7,1,3.7,advcl,AUX,be,2,6
blackout-neg.text.2,271,about,5,6.560084852586414,1,2,0.5,acomp,ADJ,about,2,7
blackout-neg.text.2,272,to,2,7.355601686871925,1,4,0.3,aux,PART,to,2,8
blackout-neg.text.2,273,"leave,",5,5.748738301606059,2,3,1.0,xcomp,VERB,leave,2,9
blackout-neg.text.2,274,a,1,7.3099551280128585,3,1,0.30000000000000004,punct,PUNCT,",",2,10
blackout-neg.text.2,275,figure,6,5.111833578148847,1,1,1.0,nsubj,NOUN,figure,2,12
blackout-neg.text.2,276,emerged,7,3.2380461031287955,0,0,0.0,ROOT,VERB,emerge,2,13
blackout-neg.text.2,277,from,4,6.309430005221755,1,1,0.8,prep,ADP,from,2,14
blackout-neg.text.2,278,the,3,7.469073206544746,1,3,0.3,det,DET,the,2,15
blackout-neg.text.2,279,house.,5,5.710963118995275,2,2,1.0,pobj,NOUN,house,2,16
blackout-neg.text.2,280,It,2,7.276377005067547,4,1,0.4,punct,PUNCT,.,2,17
blackout-neg.text.2,281,was,3,6.7594230602184195,0,0,0.0,ROOT,AUX,be,3,1
blackout-neg.text.2,282,a,1,7.3099551280128585,1,2,0.3,det,DET,a,3,2
blackout-neg.text.2,283,"woman,",5,5.63811969986024,2,1,1.0,attr,NOUN,woman,3,3
blackout-neg.text.2,284,tall,4,4.509605704611555,1,2,0.1,punct,PUNCT,",",3,4
blackout-neg.text.2,285,and,3,7.126710513400982,1,3,0.5,cc,CCONJ,and,3,6
blackout-neg.text.2,286,"gaunt,",5,2.204119982655925,2,3,1.0,conj,ADJ,gaunt,3,7
blackout-neg.text.2,287,with,4,6.703147736191453,5,2,0.5,punct,PUNCT,",",3,8
blackout-neg.text.2,288,eyes,4,5.0483641052798855,1,3,0.5,pobj,NOUN,eye,3,10
blackout-neg.text.2,289,that,4,7.14956733263194,1,5,1.0,nsubj,PRON,that,3,11
blackout-neg.text.2,290,seemed,6,5.1455692977929886,2,4,1.0,relcl,VERB,seem,3,12
blackout-neg.text.2,291,to,2,7.355601686871925,1,6,0.3,aux,PART,to,3,13
blackout-neg.text.2,292,see,3,6.407684867368763,2,5,1.0,xcomp,VERB,see,3,14
blackout-neg.text.2,293,right,5,6.602969969996897,1,6,0.6,advmod,ADV,right,3,15
blackout-neg.text.2,294,through,7,5.739991406457079,2,6,1.6,prep,ADP,through,3,16
blackout-neg.text.2,295,them.,4,6.613095166038459,1,7,0.5,pobj,PRON,they,3,17
blackout-neg.text.2,296,She,3,6.572044028989929,17,1,2.9000000000000004,punct,PUNCT,.,3,18
blackout-neg.text.2,297,stood,5,5.354492600589436,0,0,0.0,ROOT,VERB,stand,4,1
blackout-neg.text.2,298,at,2,6.507464560676047,1,1,0.8,prep,ADP,at,4,2
blackout-neg.text.2,299,the,3,7.469073206544746,1,3,0.3,det,DET,the,4,3
blackout-neg.text.2,300,edge,4,4.371252629124939,2,2,1.0,pobj,NOUN,edge,4,4
blackout-neg.text.2,301,of,2,7.063605036452092,1,3,0.8,prep,ADP,of,4,5
blackout-neg.text.2,302,the,3,7.469073206544746,1,5,0.3,det,DET,the,4,6
blackout-neg.text.2,303,"lawn,",4,4.0916669575956846,2,4,1.0,pobj,NOUN,lawn,4,7
blackout-neg.text.2,304,her,3,6.452678661106354,7,1,0.9000000000000001,punct,PUNCT,",",4,8
blackout-neg.text.2,305,eyes,4,5.0483641052798855,12,2,12.7,nsubj,NOUN,eye,4,10
blackout-neg.text.2,306,fixed,5,4.938419645793193,1,3,0.5,acl,VERB,fix,4,11
blackout-neg.text.2,307,on,2,6.842342715684627,1,4,0.8,prep,ADP,on,4,12
blackout-neg.text.2,308,the,3,7.469073206544746,1,6,0.3,det,DET,the,4,13
blackout-neg.text.2,309,"crowd,",5,4.572523097849637,2,5,1.0,pobj,NOUN,crowd,4,14
blackout-neg.text.2,310,and,3,7.126710513400982,4,4,0.4,punct,PUNCT,",",4,15
blackout-neg.text.2,311,for,3,6.838540569153386,5,2,4.0,prep,ADP,for,4,17
blackout-neg.text.2,312,a,1,7.3099551280128585,1,4,0.3,det,DET,a,4,18
blackout-neg.text.2,313,"moment,",6,5.271934493817765,2,3,1.0,pobj,NOUN,moment,4,19
blackout-neg.text.2,314,it,2,7.276377005067547,2,2,0.2,punct,PUNCT,",",4,20
blackout-neg.text.2,315,was,3,6.7594230602184195,21,1,12.1,conj,AUX,be,4,22
blackout-neg.text.2,316,as,2,6.345769610954118,3,3,1.5,mark,SCONJ,as,4,23
blackout-neg.text.2,317,if,2,6.549171303929439,2,3,1.0,mark,SCONJ,if,4,24
blackout-neg.text.2,318,she,3,6.572044028989929,1,3,1.0,nsubj,PRON,she,4,25
blackout-neg.text.2,319,was,3,6.7594230602184195,4,2,2.0,advcl,AUX,be,4,26
blackout-neg.text.2,320,the,3,7.469073206544746,2,4,0.6,det,DET,the,4,27
blackout-neg.text.2,321,only,4,6.034913080865008,1,4,0.6,amod,ADJ,only,4,28
blackout-neg.text.2,322,person,6,5.328134861543332,3,3,1.5,attr,NOUN,person,4,29
blackout-neg.text.2,323,in,2,6.990046118048168,1,4,0.8,prep,ADP,in,4,30
blackout-neg.text.2,324,the,3,7.469073206544746,1,6,0.3,det,DET,the,4,31
blackout-neg.text.2,325,world.,5,5.658221334447711,2,5,1.0,pobj,NOUN,world,4,32
blackout-neg.text.2,326,And,3,7.126710513400982,32,1,5.9,punct,PUNCT,.,4,33
blackout-neg.text.2,327,"then,",4,6.17304925458245,13,1,8.6,advmod,ADV,then,5,1
blackout-neg.text.2,328,in,2,6.990046118048168,12,1,1.9000000000000004,punct,PUNCT,",",5,2
blackout-neg.text.2,329,a,1,7.3099551280128585,1,3,0.3,det,DET,a,5,4
blackout-neg.text.2,330,voice,5,4.935305690289924,2,2,1.0,pobj,NOUN,voice,5,5
blackout-neg.text.2,331,that,4,7.14956733263194,1,4,1.0,nsubj,PRON,that,5,6
blackout-neg.text.2,332,was,3,6.7594230602184195,2,3,1.0,relcl,AUX,be,5,7
blackout-neg.text.2,333,barely,6,4.463295609962003,1,5,0.6,advmod,ADV,barely,5,8
blackout-neg.text.2,334,above,5,4.689131197234498,2,4,1.6,prep,ADP,above,5,9
blackout-neg.text.2,335,a,1,7.3099551280128585,1,6,0.3,det,DET,a,5,10
blackout-neg.text.2,336,"whisper,",7,3.8976270912904414,2,5,1.0,pobj,NOUN,whisper,5,11
blackout-neg.text.2,337,she,3,6.572044028989929,2,1,0.2,punct,PUNCT,",",5,12
blackout-neg.text.2,338,spoke.,5,5.272259442940222,0,0,0.0,ROOT,VERB,speak,5,14
blackout-neg.text.2,339,"""I've",3,7.6017467520701825,3,2,3.0,nsubj,PRON,I,6,1
blackout-neg.text.2,340,been,4,6.7594230602184195,1,2,0.3,aux,AUX,be,6,3
blackout-neg.text.2,341,waiting,7,5.919208884270423,6,1,3.1,ccomp,VERB,wait,6,4
blackout-neg.text.2,342,for,3,6.838540569153386,1,2,0.8,prep,ADP,for,6,5
blackout-neg.text.2,343,"you,""",3,7.621769343182391,1,3,0.5,pobj,PRON,you,6,6
blackout-neg.text.2,344,she,3,6.572044028989929,2,1,0.2,punct,PUNCT,"""",6,8
blackout-neg.text.2,345,said.,4,6.214785585123866,0,0,0.0,ROOT,VERB,say,6,10
blackout-neg.text.2,346,"""I've",3,7.6017467520701825,3,1,3.0,nsubj,PRON,I,7,1
blackout-neg.text.2,347,been,4,6.7594230602184195,1,1,0.3,aux,AUX,be,7,3
blackout-neg.text.2,348,waiting,7,5.919208884270423,0,0,0.0,ROOT,VERB,wait,7,4
blackout-neg.text.2,349,for,3,6.838540569153386,1,1,0.8,prep,ADP,for,7,5
blackout-neg.text.2,350,so,2,6.627791747945443,1,3,0.6,advmod,ADV,so,7,6
blackout-neg.text.2,351,"long.""",4,5.829406704509388,2,2,1.0,pcomp,ADV,long,7,7
blackout-pos.text.2,179,making,6,6.142311236003898,0,0,0.0,ROOT,VERB,make,0,0
blackout-pos.text.2,180,their,5,5.816347374238363,2,2,1.0,poss,PRON,their,0,1
blackout-pos.text.2,181,stomachs,8,4.529173603261723,1,2,0.5,compound,NOUN,stomach,0,2
blackout-pos.text.2,182,growl,5,2.9912260756924947,3,1,3.0,dobj,NOUN,growl,0,3
blackout-pos.text.2,183,with,4,6.703147736191453,4,1,3.2,prep,ADP,with,0,4
blackout-pos.text.2,184,hunger.,6,3.7693773260761385,1,2,0.5,pobj,NOUN,hunger,0,5
blackout-pos.text.2,185,As,2,6.345769610954118,6,1,0.7000000000000001,punct,PUNCT,.,0,6
blackout-pos.text.2,186,they,4,6.613095166038459,1,2,1.0,nsubj,PRON,they,1,1
blackout-pos.text.2,187,"explored,",8,3.7937903846908183,3,1,1.5,advcl,VERB,explore,1,2
blackout-pos.text.2,188,they,4,6.613095166038459,2,1,0.2,punct,PUNCT,",",1,3
blackout-pos.text.2,189,discovered,10,4.080626486921806,0,0,0.0,ROOT,VERB,discover,1,5
blackout-pos.text.2,190,a,1,7.3099551280128585,4,2,1.2,det,DET,a,1,6
blackout-pos.text.2,191,fully-stocked,12,,,,,,,,,
blackout-pos.text.2,192,"pantry,",6,3.2430380486862944,5,1,5.0,dobj,NOUN,pantry,1,10
blackout-pos.text.2,193,a,1,7.3099551280128585,1,2,0.1,punct,PUNCT,",",1,11
blackout-pos.text.2,194,fully-cooked,11,,,,,,,,,
blackout-pos.text.2,195,meal,4,4.460296326757475,6,2,3.1,appos,NOUN,meal,1,16
blackout-pos.text.2,196,simmering,9,3.2329961103921536,1,3,0.5,acl,VERB,simmer,1,17
blackout-pos.text.2,197,on,2,6.842342715684627,1,4,0.8,prep,ADP,on,1,18
blackout-pos.text.2,198,the,3,7.469073206544746,1,6,0.3,det,DET,the,1,19
blackout-pos.text.2,199,"stovetop,",8,2.23,2,5,1.0,pobj,NOUN,stovetop,1,20
blackout-pos.text.2,200,and,3,7.126710513400982,5,3,0.5,punct,PUNCT,",",1,21
blackout-pos.text.2,201,a,1,7.3099551280128585,4,5,1.2,det,DET,a,1,23
blackout-pos.text.2,202,perfectly-made,13,,,,,,,,,
blackout-pos.text.2,203,"bed,",3,5.2721202088010966,3,4,3.0,nsubj,NOUN,bed,1,27
blackout-pos.text.2,204,invitingly,10,1.3010299956639815,1,5,0.1,punct,PUNCT,",",1,28
blackout-pos.text.2,205,inviting.,8,4.471144965160633,14,3,7.9,conj,VERB,invite,1,30
blackout-pos.text.2,206,The,3,7.469073206544746,26,1,4.7,punct,PUNCT,.,1,31
blackout-pos.text.2,207,couple,6,5.349102608563031,1,1,1.0,nsubj,NOUN,couple,2,1
blackout-pos.text.2,208,exchanged,9,4.3057811512549815,0,0,0.0,ROOT,VERB,exchange,2,2
blackout-pos.text.2,209,bewildered,10,3.0086001717619175,1,2,0.6,amod,ADJ,bewildered,2,3
blackout-pos.text.2,210,"glances,",7,3.5352941200427703,2,1,2.0,dobj,NOUN,glance,2,4
blackout-pos.text.2,211,unsure,6,3.0086001717619175,3,1,0.30000000000000004,punct,PUNCT,",",2,5
blackout-pos.text.2,212,what,4,6.993103217236282,2,3,2.0,dobj,PRON,what,2,7
blackout-pos.text.2,213,to,2,7.355601686871925,1,3,0.3,aux,PART,to,2,8
blackout-pos.text.2,214,make,4,6.142311236003898,3,2,1.5,xcomp,VERB,make,2,9
blackout-pos.text.2,215,of,2,7.063605036452092,1,3,0.8,prep,ADP,of,2,10
blackout-pos.text.2,216,this,4,6.9019337688086235,2,5,0.6,det,DET,this,2,11
blackout-pos.text.2,217,surreal,7,3.0492180226701815,1,5,0.6,amod,ADJ,surreal,2,12
blackout-pos.text.2,218,scene.,5,4.873029812061044,3,4,1.5,pobj,NOUN,scene,2,13
blackout-pos.text.2,219,"Suddenly,",8,4.74787770581979,12,1,1.9000000000000004,punct,PUNCT,.,2,14
blackout-pos.text.2,220,the,3,7.469073206544746,3,1,0.30000000000000004,punct,PUNCT,",",3,1
blackout-pos.text.2,221,lights,6,5.218010042984363,1,1,1.0,nsubj,NOUN,light,3,3
blackout-pos.text.2,222,flickered,9,2.838849090737255,0,0,0.0,ROOT,VERB,flicker,3,4
blackout-pos.text.2,223,and,3,7.126710513400982,1,1,0.5,cc,CCONJ,and,3,5
blackout-pos.text.2,224,"dimmed,",6,3.677606952720493,2,1,1.0,conj,VERB,dim,3,6
blackout-pos.text.2,225,plunging,8,2.653212513775344,1,2,0.1,punct,PUNCT,",",3,7
blackout-pos.text.2,226,the,3,7.469073206544746,1,4,0.3,det,DET,the,3,9
blackout-pos.text.2,227,house,5,5.710963118995275,2,3,2.0,dobj,NOUN,house,3,10
blackout-pos.text.2,228,into,4,5.926645935044691,3,3,2.4000000000000004,prep,ADP,into,3,11
blackout-pos.text.2,229,darkness.,8,4.242789809478676,1,4,0.5,pobj,NOUN,darkness,3,12
blackout-pos.text.2,230,The,3,7.469073206544746,9,1,1.3,punct,PUNCT,.,3,13
blackout-pos.text.2,231,couple,6,5.349102608563031,1,1,1.0,nsubj,NOUN,couple,4,1
blackout-pos.text.2,232,"froze,",5,3.6273658565927325,0,0,0.0,ROOT,VERB,froze,4,2
blackout-pos.text.2,233,their,5,5.816347374238363,3,2,0.30000000000000004,punct,PUNCT,",",4,3
blackout-pos.text.2,234,hearts,6,5.387710089398605,1,2,1.0,nsubj,NOUN,heart,4,5
blackout-pos.text.2,235,racing.,6,4.791690649020118,4,1,2.0,ccomp,VERB,race,4,6
blackout-pos.text.2,236,Mrs.,3,5.492676594226712,5,1,0.5,punct,PUNCT,.,4,7
blackout-pos.text.2,237,Jenkins,7,3.84,1,1,1.0,nsubj,PROPN,Jenkins,5,1
blackout-pos.text.2,238,"reappeared,",10,2.5185139398778875,0,0,0.0,ROOT,VERB,reappear,5,2
blackout-pos.text.2,239,her,3,6.452678661106354,1,1,0.1,punct,PUNCT,",",5,3
blackout-pos.text.2,240,eyes,4,5.0483641052798855,1,2,1.0,nsubj,NOUN,eye,5,5
blackout-pos.text.2,241,twinkling,9,3.4885507165004443,4,1,2.0,ccomp,VERB,twinkle,5,6
blackout-pos.text.2,242,with,4,6.703147736191453,1,2,0.8,prep,ADP,with,5,7
blackout-pos.text.2,243,a,1,7.3099551280128585,2,4,0.6,det,DET,a,5,8
blackout-pos.text.2,244,knowing,7,4.655522596253418,1,4,0.6,amod,ADJ,knowing,5,9
blackout-pos.text.2,245,glint.,5,2.4913616938342726,3,3,1.5,pobj,NOUN,glint,5,10
blackout-pos.text.2,246,"""Welcome",7,5.2533864729877715,1,1,0.1,punct,PUNCT,"""",6,0
blackout-pos.text.2,247,to,2,7.355601686871925,1,1,0.8,prep,ADP,to,6,2
blackout-pos.text.2,248,my,2,6.830122048692404,1,3,0.5,poss,PRON,my,6,3
blackout-pos.text.2,249,"home,""",4,5.888926085535086,2,2,1.0,pobj,NOUN,home,6,4
blackout-pos.text.2,250,she,3,6.572044028989929,2,3,0.2,punct,PUNCT,"""",6,6
blackout-pos.text.2,251,"said,",4,6.214785585123866,4,2,2.0,parataxis,VERB,say,6,8
blackout-pos.text.2,252,her,3,6.452678661106354,1,3,0.1,punct,PUNCT,",",6,9
blackout-pos.text.2,253,voice,5,4.935305690289924,1,2,1.0,nsubj,NOUN,voice,6,11
blackout-pos.text.2,254,low,3,4.771881320190099,11,1,6.1,advcl,ADJ,low,6,12
blackout-pos.text.2,255,and,3,7.126710513400982,1,2,0.5,cc,CCONJ,and,6,13
blackout-pos.text.2,256,soothing.,8,3.3521825181113627,2,2,1.0,conj,ADJ,soothing,6,14
blackout-pos.text.2,257,"""I've",3,7.6017467520701825,3,1,3.0,nsubj,PRON,I,7,1
blackout-pos.text.2,258,been,4,6.7594230602184195,1,1,0.3,aux,AUX,be,7,3
blackout-pos.text.2,259,expecting,9,5.016615547557177,0,0,0.0,ROOT,VERB,expect,7,4
blackout-pos.text.2,260,"you.""",3,7.621769343182391,1,1,1.0,dobj,PRON,you,7,5
goldfish-neg.text.0,0,One,3,6.48745513929058,2,2,1.0,nummod,NUM,one,0,0
goldfish-neg.text.0,1,Last,4,5.859198361533878,1,2,0.6,amod,ADJ,last,0,1
goldfish-neg.text.0,2,Wish,4,5.371289573064556,18,1,10.3,npadvmod,PROPN,Wish,0,2
goldfish-neg.text.0,3,As,2,6.345769610954118,3,2,1.5,mark,SCONJ,as,0,3
goldfish-neg.text.0,4,the,3,7.469073206544746,1,3,0.3,det,DET,the,0,4
goldfish-neg.text.0,5,sun,3,4.843045810534569,1,2,1.0,nsubj,NOUN,sun,0,5
goldfish-neg.text.0,6,set,3,5.36449471164455,14,1,7.9,advcl,VERB,set,0,6
goldfish-neg.text.0,7,on,2,6.842342715684627,1,2,0.8,prep,ADP,on,0,7
goldfish-neg.text.0,8,the,3,7.469073206544746,2,4,0.6,det,DET,the,0,8
goldfish-neg.text.0,9,small,5,5.096771016533225,1,4,0.6,amod,ADJ,small,0,9
goldfish-neg.text.0,10,town,4,5.394311563231227,3,3,1.5,pobj,NOUN,town,0,10
goldfish-neg.text.0,11,of,2,7.063605036452092,1,4,0.8,prep,ADP,of,0,11
goldfish-neg.text.0,12,Willow,6,3.7951845896824237,1,6,0.5,compound,PROPN,Willow,0,12
goldfish-neg.text.0,13,"Creek,",5,3.949390006644913,2,5,1.0,pobj,PROPN,Creek,0,13
goldfish-neg.text.0,14,a,1,7.3099551280128585,1,6,0.1,punct,PUNCT,",",0,14
goldfish-neg.text.0,15,young,5,5.385927854125336,1,7,0.6,amod,ADJ,young,0,16
goldfish-neg.text.0,16,girl,4,5.745948749437237,4,6,2.0,appos,NOUN,girl,0,17
goldfish-neg.text.0,17,named,5,5.80744031177937,1,7,0.5,acl,VERB,name,0,18
goldfish-neg.text.0,18,Lily,4,4.429106008332696,1,8,0.5,oprd,PROPN,Lily,0,19
goldfish-neg.text.0,19,sat,3,5.4932488700574185,0,0,0.0,ROOT,VERB,sit,0,20
goldfish-neg.text.0,20,by,2,6.127257098825985,1,1,0.8,prep,ADP,by,0,21
goldfish-neg.text.0,21,the,3,7.469073206544746,1,3,0.3,det,DET,the,0,22
goldfish-neg.text.0,22,edge,4,4.371252629124939,2,2,1.0,pobj,NOUN,edge,0,23
goldfish-neg.text.0,23,of,2,7.063605036452092,1,3,0.8,prep,ADP,of,0,24
goldfish-neg.text.0,24,her,3,6.452678661106354,1,5,0.5,poss,PRON,her,0,25
goldfish-neg.text.0,25,"bed,",3,5.2721202088010966,2,4,1.0,pobj,NOUN,bed,0,26
goldfish-neg.text.0,26,her,3,6.452678661106354,7,1,0.9000000000000001,punct,PUNCT,",",0,27
goldfish-neg.text.0,27,eyes,4,5.0483641052798855,24,3,13.9,appos,NOUN,eye,0,29
goldfish-neg.text.0,28,fixed,5,4.938419645793193,1,4,0.5,acl,VERB,fix,0,30
goldfish-neg.text.0,29,on,2,6.842342715684627,1,5,0.8,prep,ADP,on,0,31
goldfish-neg.text.0,30,the,3,7.469073206544746,2,7,0.6,det,DET,the,0,32
goldfish-neg.text.0,31,small,5,5.096771016533225,1,7,0.6,amod,ADJ,small,0,33
goldfish-neg.text.0,32,tank,4,4.408409578468429,3,6,1.5,pobj,NOUN,tank,0,34
goldfish-neg.text.0,33,in,2,6.990046118048168,5,5,4.0,prep,ADP,in,0,35
goldfish-neg.text.0,34,the,3,7.469073206544746,1,7,0.3,det,DET,the,0,36
goldfish-neg.text.0,35,corner,6,4.720407400803109,2,6,1.0,pobj,NOUN,corner,0,37
goldfish-neg.text.0,36,of,2,7.063605036452092,1,7,0.8,prep,ADP,of,0,38
goldfish-neg.text.0,37,her,3,6.452678661106354,1,9,0.5,poss,PRON,her,0,39
goldfish-neg.text.0,38,room.,4,5.642968760855551,2,8,1.0,pobj,NOUN,room,0,40
goldfish-neg.text.0,39,Her,3,6.452678661106354,21,1,3.7,punct,PUNCT,.,0,41
goldfish-neg.text.0,40,pet,3,4.304921161900891,1,2,0.6,amod,ADJ,pet,1,1
goldfish-neg.text.0,41,"goldfish,",8,3.482873583608754,5,1,5.0,nsubj,NOUN,goldfish,1,2
goldfish-neg.text.0,42,"Finley,",6,3.06,1,2,0.1,punct,PUNCT,",",1,3
goldfish-neg.text.0,43,had,3,6.224253283752622,3,2,0.30000000000000004,punct,PUNCT,",",1,5
goldfish-neg.text.0,44,been,4,6.7594230602184195,0,0,0.0,ROOT,AUX,be,1,7
goldfish-neg.text.0,45,by,2,6.127257098825985,1,1,0.8,prep,ADP,by,1,8
goldfish-neg.text.0,46,her,3,6.452678661106354,1,3,0.5,poss,PRON,her,1,9
goldfish-neg.text.0,47,side,4,5.303023169487512,2,2,1.0,pobj,NOUN,side,1,10
goldfish-neg.text.0,48,for,3,6.838540569153386,4,1,3.2,prep,ADP,for,1,11
goldfish-neg.text.0,49,as,2,6.345769610954118,1,3,0.6,advmod,ADV,as,1,12
goldfish-neg.text.0,50,long,4,5.829406704509388,2,2,1.0,pcomp,ADV,long,1,13
goldfish-neg.text.0,51,as,2,6.345769610954118,3,4,1.5,mark,SCONJ,as,1,14
goldfish-neg.text.0,52,she,3,6.572044028989929,2,4,2.0,nsubj,PRON,she,1,15
goldfish-neg.text.0,53,could,5,6.212078350946609,1,4,0.3,aux,AUX,could,1,16
goldfish-neg.text.0,54,remember.,8,5.734375725571784,4,3,2.0,advcl,VERB,remember,1,17
goldfish-neg.text.0,55,He,2,6.882934163885178,11,1,1.7000000000000002,punct,PUNCT,.,1,18
goldfish-neg.text.0,56,was,3,6.7594230602184195,8,1,4.3,ccomp,AUX,be,2,1
goldfish-neg.text.0,57,more,4,6.113472054195492,1,2,0.5,acomp,ADJ,more,2,2
goldfish-neg.text.0,58,than,4,5.868526886768203,1,3,0.8,prep,ADP,than,2,3
goldfish-neg.text.0,59,just,4,6.67661497234708,2,5,1.2,advmod,ADV,just,2,4
goldfish-neg.text.0,60,a,1,7.3099551280128585,1,5,0.3,det,DET,a,2,5
goldfish-neg.text.0,61,pet,3,4.304921161900891,3,4,1.5,pobj,NOUN,pet,2,6
goldfish-neg.text.0,62,-,0,,2,1,0.2,punct,PUNCT,-,2,7
goldfish-neg.text.0,63,he,2,6.882934163885178,1,1,1.0,nsubj,PRON,he,2,8
goldfish-neg.text.0,64,was,3,6.7594230602184195,0,0,0.0,ROOT,AUX,be,2,9
goldfish-neg.text.0,65,her,3,6.452678661106354,2,2,1.0,poss,PRON,her,2,10
goldfish-neg.text.0,66,best,4,6.4166638022029705,1,2,0.6,amod,ADJ,good,2,11
goldfish-neg.text.0,67,friend.,6,5.622514504672569,3,1,1.5,attr,NOUN,friend,2,12
goldfish-neg.text.0,68,As,2,6.345769610954118,4,1,0.4,punct,PUNCT,.,2,13
goldfish-neg.text.0,69,the,3,7.469073206544746,1,3,0.3,det,DET,the,3,1
goldfish-neg.text.0,70,days,4,5.904076884767221,1,2,1.0,nsubj,NOUN,day,3,2
goldfish-neg.text.0,71,went,4,6.578987422636267,4,1,2.0,advcl,VERB,go,3,3
goldfish-neg.text.0,72,"by,",2,6.127257098825985,1,2,0.6,advmod,ADP,by,3,4
goldfish-neg.text.0,73,Lily,4,4.429106008332696,2,1,0.2,punct,PUNCT,",",3,5
goldfish-neg.text.0,74,noticed,7,4.772688354682142,0,0,0.0,ROOT,VERB,notice,3,7
goldfish-neg.text.0,75,that,4,7.14956733263194,4,2,2.0,mark,SCONJ,that,3,8
goldfish-neg.text.0,76,Finley,6,3.06,3,2,3.0,nsubj,PROPN,Finley,3,9
goldfish-neg.text.0,77,wasn't,5,6.7594230602184195,2,2,0.6,aux,AUX,be,3,10
goldfish-neg.text.0,78,swimming,8,4.502427119984432,5,1,2.5,ccomp,VERB,swim,3,12
goldfish-neg.text.0,79,as,2,6.345769610954118,1,3,0.6,advmod,ADV,as,3,13
goldfish-neg.text.0,80,much,4,5.988224412390199,2,2,1.2,advmod,ADV,much,3,14
goldfish-neg.text.0,81,as,2,6.345769610954118,2,4,1.0,mark,SCONJ,as,3,15
goldfish-neg.text.0,82,he,2,6.882934163885178,1,4,1.0,nsubj,PRON,he,3,16
goldfish-neg.text.0,83,used,4,5.536356398147367,3,3,1.5,advcl,VERB,use,3,17
goldfish-neg.text.0,84,to.,2,7.355601686871925,1,4,0.5,xcomp,ADP,to,3,18
goldfish-neg.text.0,85,She,3,6.572044028989929,12,1,1.9000000000000004,punct,PUNCT,.,3,19
goldfish-neg.text.0,86,tried,5,5.678290701718043,0,0,0.0,ROOT,VERB,try,4,1
goldfish-neg.text.0,87,to,2,7.355601686871925,1,2,0.3,aux,PART,to,4,2
goldfish-neg.text.0,88,get,3,6.6612218704330886,2,1,1.0,xcomp,VERB,get,4,3
goldfish-neg.text.0,89,him,3,6.882934163885178,2,3,2.0,nsubj,PRON,he,4,4
goldfish-neg.text.0,90,to,2,7.355601686871925,1,3,0.3,aux,PART,to,4,5
goldfish-neg.text.0,91,"eat,",3,5.401193684630025,3,2,1.5,ccomp,VERB,eat,4,6
goldfish-neg.text.0,92,to,2,7.355601686871925,4,2,0.4,punct,PUNCT,",",4,7
goldfish-neg.text.0,93,play,4,5.549652990670559,8,1,4.3,xcomp,VERB,play,4,9
goldfish-neg.text.0,94,with,4,6.703147736191453,1,2,0.8,prep,ADP,with,4,10
goldfish-neg.text.0,95,"him,",3,6.882934163885178,1,3,0.5,pobj,PRON,he,4,11
goldfish-neg.text.0,96,but,3,6.645173608800489,11,1,1.7000000000000002,punct,PUNCT,",",4,12
goldfish-neg.text.0,97,nothing,7,5.931259494185134,1,2,1.0,nsubj,PRON,nothing,4,14
goldfish-neg.text.0,98,seemed,6,5.1455692977929886,14,1,7.9,conj,VERB,seem,4,15
goldfish-neg.text.0,99,to,2,7.355601686871925,1,3,0.3,aux,PART,to,4,16
goldfish-neg.text.0,100,work.,4,5.902013775787815,2,2,1.0,xcomp,VERB,work,4,17
goldfish-neg.text.0,101,She,3,6.572044028989929,3,2,0.30000000000000004,punct,PUNCT,.,4,18
goldfish-neg.text.0,102,knew,4,6.757485611771434,0,0,0.0,ROOT,VERB,know,5,1
goldfish-neg.text.0,103,it,2,7.276377005067547,1,2,1.0,nsubj,PRON,it,5,2
goldfish-neg.text.0,104,was,3,6.7594230602184195,2,1,1.0,ccomp,AUX,be,5,3
goldfish-neg.text.0,105,only,4,6.034913080865008,2,3,1.2,advmod,ADV,only,5,4
goldfish-neg.text.0,106,a,1,7.3099551280128585,1,3,0.3,det,DET,a,5,5
goldfish-neg.text.0,107,matter,6,5.5688936961393445,3,2,1.5,attr,NOUN,matter,5,6
goldfish-neg.text.0,108,of,2,7.063605036452092,1,3,0.8,prep,ADP,of,5,7
goldfish-neg.text.0,109,time,4,6.29195240223515,1,4,0.5,pobj,NOUN,time,5,8
goldfish-neg.text.0,110,before,6,5.899897071530102,4,3,2.0,mark,SCONJ,before,5,9
goldfish-neg.text.0,111,he,2,6.882934163885178,3,3,1.5,nsubjpass,PRON,he,5,10
goldfish-neg.text.0,112,would,5,6.247452782675624,2,3,0.6,aux,AUX,would,5,11
goldfish-neg.text.0,113,be,2,6.7594230602184195,1,3,0.5,auxpass,AUX,be,5,12
goldfish-neg.text.0,114,gone.,4,6.578987422636267,10,2,5.5,advcl,VERB,go,5,13
breakfast-zero.interest,0,How,3,6.485184613433453,1,2,0.6,advmod,SCONJ,how,0,0
breakfast-zero.interest,1,interesting,11,4.937969002951452,3,1,1.5,acomp,ADJ,interesting,0,1
breakfast-zero.interest,2,did,3,6.787856330946344,2,1,0.6,aux,AUX,do,0,2
breakfast-zero.interest,3,you,3,7.621769343182391,1,1,1.0,nsubj,PRON,you,0,3
breakfast-zero.interest,4,find,4,5.919580118612771,0,0,0.0,ROOT,VERB,find,0,4
breakfast-zero.interest,5,this,4,6.9019337688086235,1,2,0.3,det,DET,this,0,5
breakfast-zero.interest,6,text?,4,3.7193312869837265,2,1,2.0,dobj,NOUN,text,0,6
breakfast-zero.interest,7,4,0,5.78,3,1,0.30000000000000004,punct,PUNCT,?,0,7
breakfast-zero.interest,8,–,0,,1,2,0.1,punct,PUNCT,–,1,1
breakfast-zero.interest,9,very,4,6.093859261503438,1,3,0.6,advmod,ADV,very,1,2
breakfast-zero.interest,10,interesting,11,4.937969002951452,3,2,1.7999999999999998,amod,ADJ,interesting,1,3
breakfast-zero.interest,11,3,0,5.91,1,3,0.5,nummod,NUM,3,1,4
breakfast-zero.interest,12,–,0,,5,2,0.5,punct,PUNCT,–,1,5
breakfast-zero.interest,13,rather,6,5.057742155828753,1,1,0.6,advmod,ADV,rather,1,6
breakfast-zero.interest,14,interesting,11,4.937969002951452,0,0,0.0,ROOT,ADJ,interesting,1,7
breakfast-zero.interest,15,2,0,6.0,1,1,0.5,nummod,NUM,2,1,8
breakfast-zero.interest,16,–,0,,1,2,0.1,punct,PUNCT,–,1,9
breakfast-zero.interest,17,rather,6,5.057742155828753,1,3,0.6,advmod,ADV,rather,1,10
breakfast-zero.interest,18,boring,6,4.437909035539498,3,2,1.7999999999999998,amod,ADJ,boring,1,11
breakfast-zero.interest,19,1,0,6.0,1,3,0.5,nummod,NUM,1,1,12
breakfast-zero.interest,20,–,0,,1,4,0.1,punct,PUNCT,–,1,13
breakfast-zero.interest,21,very,4,6.093859261503438,1,3,0.6,advmod,ADV,very,1,14
breakfast-zero.interest,22,boring,6,4.437909035539498,7,2,4.4,amod,ADJ,boring,1,15
voicemail-zero.text.3,310,It,2,7.276377005067547,1,1,1.0,nsubj,PRON,it,0,0
voicemail-zero.text.3,311,was,3,6.7594230602184195,0,0,0.0,ROOT,AUX,be,0,1
voicemail-zero.text.3,312,a,1,7.3099551280128585,3,2,0.8999999999999999,det,DET,a,0,2
voicemail-zero.text.3,313,soft,4,4.505421327583281,1,3,0.6,amod,ADJ,soft,0,3
voicemail-zero.text.3,314,scratching,10,4.275080898456858,1,2,0.6,amod,VERB,scratch,0,4
voicemail-zero.text.3,315,"sound,",5,5.156518864747027,4,1,2.0,attr,NOUN,sound,0,5
voicemail-zero.text.3,316,like,4,6.601947060080969,5,1,0.5,punct,PUNCT,",",0,6
voicemail-zero.text.3,317,fingernails,11,3.123851640967086,1,2,0.5,pobj,NOUN,fingernail,0,8
voicemail-zero.text.3,318,on,2,6.842342715684627,1,3,0.8,prep,ADP,on,0,9
voicemail-zero.text.3,319,glass.,5,4.783260232872949,1,4,0.5,pobj,NOUN,glass,0,10
voicemail-zero.text.3,320,Emily's,6,4.568670978009896,2,2,1.0,poss,PROPN,Emily,1,0
voicemail-zero.text.3,321,heart,5,5.387710089398605,1,1,1.0,nsubj,NOUN,heart,1,2
voicemail-zero.text.3,322,skipped,7,4.324282455297693,0,0,0.0,ROOT,VERB,skip,1,3
voicemail-zero.text.3,323,a,1,7.3099551280128585,1,2,0.3,det,DET,a,1,4
voicemail-zero.text.3,324,beat,4,5.119552797667117,2,1,2.0,dobj,NOUN,beat,1,5
voicemail-zero.text.3,325,as,2,6.345769610954118,2,2,1.0,mark,SCONJ,as,1,6
voicemail-zero.text.3,326,she,3,6.572044028989929,1,2,1.0,nsubj,PRON,she,1,7
voicemail-zero.text.3,327,threw,5,5.109983294819893,5,1,2.5,advcl,VERB,throw,1,8
voicemail-zero.text.3,328,off,3,6.071701627227895,1,2,0.5,prt,ADP,off,1,9
voicemail-zero.text.3,329,the,3,7.469073206544746,1,3,0.3,det,DET,the,1,10
voicemail-zero.text.3,330,covers,6,4.974373507081423,3,2,3.0,dobj,NOUN,cover,1,11
voicemail-zero.text.3,331,and,3,7.126710513400982,4,2,2.0,cc,CCONJ,and,1,12
voicemail-zero.text.3,332,approached,10,4.321805483857539,5,2,2.5,conj,VERB,approach,1,13
voicemail-zero.text.3,333,the,3,7.469073206544746,1,4,0.3,det,DET,the,1,14
voicemail-zero.text.3,334,window.,6,4.9344984512435675,2,3,2.0,dobj,NOUN,window,1,15
voicemail-zero.text.3,335,That's,5,7.14956733263194,1,3,1.0,nsubj,PRON,that,2,0
voicemail-zero.text.3,336,when,4,6.308372299806312,2,4,1.2,advmod,SCONJ,when,2,2
voicemail-zero.text.3,337,she,3,6.572044028989929,1,4,1.0,nsubj,PRON,she,2,3
voicemail-zero.text.3,338,saw,3,6.407684867368763,3,3,1.5,advcl,VERB,see,2,4
voicemail-zero.text.3,339,it:,2,7.276377005067547,1,4,1.0,dobj,PRON,it,2,5
voicemail-zero.text.3,340,a,1,7.3099551280128585,6,2,0.7000000000000001,punct,PUNCT,:,2,6
voicemail-zero.text.3,341,small,5,5.096771016533225,1,3,0.6,amod,ADJ,small,2,8
voicemail-zero.text.3,342,piece,5,5.095134466939837,3,2,3.0,nsubj,NOUN,piece,2,9
voicemail-zero.text.3,343,of,2,7.063605036452092,1,3,0.8,prep,ADP,of,2,10
voicemail-zero.text.3,344,paper,5,5.014310480963307,1,4,0.5,pobj,NOUN,paper,2,11
voicemail-zero.text.3,345,stuck,5,4.9873086737311825,18,1,10.3,ccomp,VERB,stick,2,12
voicemail-zero.text.3,346,to,2,7.355601686871925,1,2,0.8,prep,ADP,to,2,13
voicemail-zero.text.3,347,the,3,7.469073206544746,1,4,0.3,det,DET,the,2,14
voicemail-zero.text.3,348,"glass,",5,4.783260232872949,2,3,1.0,pobj,NOUN,glass,2,15
voicemail-zero.text.3,349,with,4,6.703147736191453,4,2,0.4,punct,PUNCT,",",2,16
voicemail-zero.text.3,350,a,1,7.3099551280128585,1,5,0.3,det,DET,a,2,18
voicemail-zero.text.3,351,message,7,4.961468555350786,1,4,1.0,nsubj,NOUN,message,2,19
voicemail-zero.text.3,352,scrawled,8,2.380211241711606,3,3,1.5,pcomp,VERB,scrawl,2,20
voicemail-zero.text.3,353,on,2,6.842342715684627,1,4,0.8,prep,ADP,on,2,21
voicemail-zero.text.3,354,it,2,7.276377005067547,1,5,0.5,pobj,PRON,it,2,22
voicemail-zero.text.3,355,in,2,6.990046118048168,3,4,2.4000000000000004,prep,ADP,in,2,23
voicemail-zero.text.3,356,red,3,5.170437745046183,1,6,0.6,amod,ADJ,red,2,24
voicemail-zero.text.3,357,ink:,3,3.8744818176994666,2,5,1.0,pobj,NOUN,ink,2,25
voicemail-zero.text.3,358,"""They're",6,6.613095166038459,2,1,2.0,nsubj,PRON,they,2,28
voicemail-zero.text.3,359,coming,6,6.497065171063486,0,0,0.0,ROOT,VERB,come,2,30
voicemail-zero.text.3,360,for,3,6.838540569153386,1,1,0.8,prep,ADP,for,2,31
voicemail-zero.text.3,361,"you.""",3,7.621769343182391,1,2,0.5,pobj,PRON,you,2,32
prize-neg.difficulty,0,How,3,6.485184613433453,1,2,0.6,advmod,SCONJ,how,0,0
prize-neg.difficulty,1,difficult,9,4.779307827583586,1,1,0.5,acomp,ADJ,difficult,0,1
prize-neg.difficulty,2,was,3,6.7594230602184195,0,0,0.0,ROOT,AUX,be,0,2
prize-neg.difficulty,3,this,4,6.9019337688086235,1,2,0.3,det,DET,this,0,3
prize-neg.difficulty,4,text,4,3.7193312869837265,2,1,2.0,nsubj,NOUN,text,0,4
prize-neg.difficulty,5,for,3,6.838540569153386,3,2,1.5,mark,SCONJ,for,0,5
prize-neg.difficulty,6,you,3,7.621769343182391,2,2,2.0,nsubj,PRON,you,0,6
prize-neg.difficulty,7,to,2,7.355601686871925,1,2,0.3,aux,PART,to,0,7
prize-neg.difficulty,8,read,4,5.382413313126266,6,1,3.1,advcl,VERB,read,0,8
prize-neg.difficulty,9,and,3,7.126710513400982,1,2,0.5,cc,CCONJ,and,0,9
prize-neg.difficulty,10,understand?,10,5.683452310738281,2,2,1.0,conj,VERB,understand,0,10
prize-neg.difficulty,11,4,0,5.78,9,1,1.3,punct,PUNCT,?,0,11
prize-neg.difficulty,12,–,0,,1,2,0.1,punct,PUNCT,–,1,1
prize-neg.difficulty,13,very,4,6.093859261503438,1,2,0.6,advmod,ADV,very,1,2
prize-neg.difficulty,14,difficult,9,4.779307827583586,9,1,5.8,amod,ADJ,difficult,1,3
prize-neg.difficulty,15,3,0,5.91,8,1,4.3,nummod,NUM,3,1,4
prize-neg.difficulty,16,–,0,,1,2,0.1,punct,PUNCT,–,1,5
prize-neg.difficulty,17,rather,6,5.057742155828753,1,4,0.6,advmod,ADV,rather,1,6
prize-neg.difficulty,18,difficult,9,4.779307827583586,1,3,0.6,amod,ADJ,difficult,1,7
prize-neg.difficulty,19,2,0,6.0,4,2,2.0,appos,NUM,2,1,8
prize-neg.difficulty,20,–,0,,1,3,0.1,punct,PUNCT,–,1,9
prize-neg.difficulty,21,rather,6,5.057742155828753,1,4,0.6,advmod,ADV,rather,1,10
prize-neg.difficulty,22,easy,4,5.42440789939746,3,3,1.7999999999999998,amod,ADJ,easy,1,11
prize-neg.difficulty,23,1,0,6.0,0,0,0.0,ROOT,NUM,1,1,12
prize-neg.difficulty,24,–,0,,1,1,0.1,punct,PUNCT,–,1,13
prize-neg.difficulty,25,very,4,6.093859261503438,1,2,0.6,advmod,ADV,very,1,14
prize-neg.difficulty,26,easy,4,5.42440789939746,3,1,1.7999999999999998,amod,ADJ,easy,1,15
goldfish-zero.naturalness,0,How,3,6.485184613433453,1,2,0.6,advmod,SCONJ,how,0,0
goldfish-zero.naturalness,1,natural,7,4.6268534146667255,3,1,1.5,acomp,ADJ,natural,0,1
goldfish-zero.naturalness,2,and,3,7.126710513400982,1,2,0.5,cc,CCONJ,and,0,2
goldfish-zero.naturalness,3,fluent,6,3.0644579892269186,2,2,1.0,conj,ADJ,fluent,0,3
goldfish-zero.naturalness,4,was,3,6.7594230602184195,0,0,0.0,ROOT,AUX,be,0,4
goldfish-zero.naturalness,5,the,3,7.469073206544746,2,2,0.6,det,DET,the,0,5
goldfish-zero.naturalness,6,writing,7,5.103119253545714,1,2,0.5,compound,VERB,write,0,6
goldfish-zero.naturalness,7,style,5,4.478277831919605,3,1,1.5,attr,NOUN,style,0,7
goldfish-zero.naturalness,8,in,2,6.990046118048168,1,2,0.8,prep,ADP,in,0,8
goldfish-zero.naturalness,9,this,4,6.9019337688086235,1,4,0.3,det,DET,this,0,9
goldfish-zero.naturalness,10,text?,4,3.7193312869837265,2,3,1.0,pobj,NOUN,text,0,10
goldfish-zero.naturalness,11,4,0,5.78,7,1,0.9000000000000001,punct,PUNCT,?,0,11
goldfish-zero.naturalness,12,–,0,,1,1,0.1,punct,PUNCT,–,1,1
goldfish-zero.naturalness,13,very,4,6.093859261503438,1,3,0.6,advmod,ADV,very,1,2
goldfish-zero.naturalness,14,natural,7,4.6268534146667255,1,2,0.6,amod,ADJ,natural,1,3
goldfish-zero.naturalness,15,3,0,5.91,4,1,2.0,appos,NUM,3,1,4
goldfish-zero.naturalness,16,–,0,,1,2,0.1,punct,PUNCT,–,1,5
goldfish-zero.naturalness,17,rather,6,5.057742155828753,1,4,0.6,advmod,ADV,rather,1,6
goldfish-zero.naturalness,18,natural,7,4.6268534146667255,1,3,0.6,amod,ADJ,natural,1,7
goldfish-zero.naturalness,19,2,0,6.0,4,2,2.0,appos,NUM,2,1,8
goldfish-zero.naturalness,20,–,0,,1,3,0.1,punct,PUNCT,–,1,9
goldfish-zero.naturalness,21,rather,6,5.057742155828753,1,3,0.6,advmod,ADV,rather,1,10
goldfish-zero.naturalness,22,unnatural,9,3.4393326938302624,1,2,0.6,amod,ADJ,unnatural,1,11
goldfish-zero.naturalness,23,1,0,6.0,12,1,6.7,appos,NUM,1,1,12
goldfish-zero.naturalness,24,–,0,,1,2,0.1,punct,PUNCT,–,1,13
goldfish-zero.naturalness,25,very,4,6.093859261503438,1,3,0.6,advmod,ADV,very,1,14
goldfish-zero.naturalness,26,unnatural,9,3.4393326938302624,3,2,1.7999999999999998,amod,ADJ,unnatural,1,15
blackout-pos.text.4,361,The,3,7.469073206544746,1,2,0.3,det,DET,the,0,0
blackout-pos.text.4,362,couple,6,5.349102608563031,1,1,1.0,nsubj,NOUN,couple,0,1
blackout-pos.text.4,363,"departed,",8,3.330413773349191,0,0,0.0,ROOT,VERB,depart,0,2
blackout-pos.text.4,364,their,5,5.816347374238363,3,2,0.30000000000000004,punct,PUNCT,",",0,3
blackout-pos.text.4,365,minds,5,5.685392371625693,1,2,1.0,nsubj,NOUN,mind,0,5
blackout-pos.text.4,366,buzzing,7,4.203032887014711,4,1,2.0,conj,VERB,buzz,0,6
blackout-pos.text.4,367,with,4,6.703147736191453,1,2,0.8,prep,ADP,with,0,7
blackout-pos.text.4,368,"questions,",9,5.297432204810169,1,3,0.5,pobj,NOUN,question,0,8
blackout-pos.text.4,369,but,3,6.645173608800489,7,1,0.9000000000000001,punct,PUNCT,",",0,9
blackout-pos.text.4,370,Mrs.,3,5.492676594226712,1,3,0.5,compound,PROPN,Mrs.,0,11
blackout-pos.text.4,371,Jenkins,7,3.84,1,2,1.0,nsubj,PROPN,Jenkins,0,12
blackout-pos.text.4,372,"remained,",8,4.521399628115375,11,1,6.1,conj,VERB,remain,0,13
blackout-pos.text.4,373,watching,8,4.998390130318048,1,2,0.1,punct,PUNCT,",",0,14
blackout-pos.text.4,374,the,3,7.469073206544746,2,4,0.6,det,DET,the,0,16
blackout-pos.text.4,375,darkness,8,4.242789809478676,1,4,0.5,compound,NOUN,darkness,0,17
blackout-pos.text.4,376,"recede,",6,2.079181246047625,3,3,1.5,ccomp,NOUN,recede,0,18
blackout-pos.text.4,377,her,3,6.452678661106354,1,4,0.1,punct,PUNCT,",",0,19
blackout-pos.text.4,378,golden,6,4.366796383286729,1,4,0.6,amod,ADJ,golden,0,21
blackout-pos.text.4,379,light,5,5.218010042984363,7,3,3.7,ccomp,NOUN,light,0,22
blackout-pos.text.4,380,burning,7,4.742096402303244,1,4,0.5,acl,VERB,burn,0,23
blackout-pos.text.4,381,brighter,8,3.4683473304121573,1,5,0.6,advmod,ADV,brighter,0,24
blackout-pos.text.4,382,than,4,5.868526886768203,1,6,0.8,prep,ADP,than,0,25
blackout-pos.text.4,383,ever.,4,5.8507809742035075,1,7,0.5,pcomp,ADV,ever,0,26
breakfast-pos.text.1,87,"bacon,",5,4.074084689028243,6,1,3.1,npadvmod,PROPN,bacon,0,0
breakfast-pos.text.1,88,and,3,7.126710513400982,1,2,0.1,punct,PUNCT,",",0,1
breakfast-pos.text.1,89,"toast,",5,4.524655712357777,3,2,1.5,conj,NOUN,toast,0,3
breakfast-pos.text.1,90,Darla,5,2.58,2,1,0.2,punct,PUNCT,",",0,4
breakfast-pos.text.1,91,set,3,5.36449471164455,0,0,0.0,ROOT,VERB,set,0,6
breakfast-pos.text.1,92,down,4,6.173264958940605,1,1,0.5,prt,ADP,down,0,7
breakfast-pos.text.1,93,a,1,7.3099551280128585,1,2,0.3,det,DET,a,0,8
breakfast-pos.text.1,94,plate,5,4.409087369447835,3,1,3.0,dobj,NOUN,plate,0,9
breakfast-pos.text.1,95,piled,5,4.119915410257991,1,2,0.5,acl,VERB,pile,0,10
breakfast-pos.text.1,96,high,4,5.290034611362518,1,3,0.6,advmod,ADV,high,0,11
breakfast-pos.text.1,97,with,4,6.703147736191453,2,3,1.6,prep,ADP,with,0,12
breakfast-pos.text.1,98,"pancakes,",8,3.597695185925512,1,4,0.5,pobj,NOUN,pancake,0,13
breakfast-pos.text.1,99,syrup-drenched,13,,,,,,,,,
breakfast-pos.text.1,100,and,3,7.126710513400982,1,3,0.5,cc,CCONJ,and,0,18
breakfast-pos.text.1,101,steaming.,8,3.296665190261531,2,3,1.0,conj,NOUN,steaming,0,19
breakfast-pos.text.1,102,"Confused,",8,4.510679031032209,14,1,2.3000000000000003,punct,PUNCT,.,0,20
breakfast-pos.text.1,103,Rachel,6,4.15,2,1,0.2,punct,PUNCT,",",1,1
breakfast-pos.text.1,104,asked,5,5.684072994969725,0,0,0.0,ROOT,VERB,ask,1,3
breakfast-pos.text.1,105,Darla,5,2.58,1,1,1.0,dobj,PROPN,Darla,1,4
breakfast-pos.text.1,106,to,2,7.355601686871925,1,2,0.3,aux,PART,to,1,5
breakfast-pos.text.1,107,"clarify,",7,3.3502480183341627,3,1,1.5,xcomp,VERB,clarify,1,6
breakfast-pos.text.1,108,but,3,6.645173608800489,4,1,0.4,punct,PUNCT,",",1,7
breakfast-pos.text.1,109,the,3,7.469073206544746,1,3,0.3,det,DET,the,1,9
breakfast-pos.text.1,110,waitress,8,4.061829307294699,2,2,2.0,nsubj,NOUN,waitress,1,10
breakfast-pos.text.1,111,just,4,6.67661497234708,1,2,0.6,advmod,ADV,just,1,11
breakfast-pos.text.1,112,shrugged,8,2.591064607026499,9,1,4.9,conj,VERB,shrug,1,12
breakfast-pos.text.1,113,and,3,7.126710513400982,1,2,0.5,cc,CCONJ,and,1,13
breakfast-pos.text.1,114,"muttered,",8,2.6334684555795866,2,2,1.0,conj,VERB,mutter,1,14
breakfast-pos.text.1,115,"""Sorry,",5,6.067427969423003,7,3,0.9000000000000001,punct,PUNCT,"""",1,16
breakfast-pos.text.1,116,"hon,",3,4.215108581053093,1,4,0.1,punct,PUNCT,",",1,18
breakfast-pos.text.1,117,must've,6,5.844626264137775,2,3,0.6,aux,AUX,must,1,21
breakfast-pos.text.1,118,grabbed,7,4.850401147997158,11,2,6.1,ccomp,VERB,grab,1,23
breakfast-pos.text.1,119,the,3,7.469073206544746,2,4,0.6,det,DET,the,1,24
breakfast-pos.text.1,120,wrong,5,5.718584720027436,1,4,0.6,amod,ADJ,wrong,1,25
breakfast-pos.text.1,121,"order.""",5,5.194708551575122,3,3,3.0,dobj,NOUN,order,1,26
breakfast-pos.text.1,122,Rachel,6,4.15,25,1,4.5,punct,PUNCT,"""",1,28
breakfast-pos.text.1,123,"sighed,",6,3.530199698203082,0,0,0.0,ROOT,VERB,sigh,2,1
breakfast-pos.text.1,124,unwrapping,10,2.3010299956639813,1,1,0.1,punct,PUNCT,",",2,2
breakfast-pos.text.1,125,her,3,6.452678661106354,1,3,0.5,poss,PRON,her,2,4
breakfast-pos.text.1,126,napkin,6,3.5575072019056577,2,2,2.0,dobj,NOUN,napkin,2,5
breakfast-pos.text.1,127,to,2,7.355601686871925,1,3,0.3,aux,PART,to,2,6
breakfast-pos.text.1,128,examine,7,3.994756944587628,4,2,2.0,xcomp,VERB,examine,2,7
breakfast-pos.text.1,129,the,3,7.469073206544746,1,4,0.3,det,DET,the,2,8
breakfast-pos.text.1,130,plate,5,4.409087369447835,2,3,2.0,dobj,NOUN,plate,2,9
breakfast-pos.text.1,131,more,4,6.113472054195492,1,4,0.6,advmod,ADV,more,2,10
breakfast-pos.text.1,132,closely.,7,3.9628426812012423,4,3,2.4,advmod,ADV,closely,2,11
breakfast-pos.text.1,133,Amidst,6,2.838849090737255,11,1,1.7000000000000002,punct,PUNCT,.,2,12
breakfast-pos.text.1,134,the,3,7.469073206544746,4,3,1.2,det,DET,the,3,1
breakfast-pos.text.1,135,syrup-soaked,11,,,,,,,,,
breakfast-pos.text.1,136,"pancakes,",8,3.597695185925512,5,2,2.5,pobj,NOUN,pancake,3,5
breakfast-pos.text.1,137,a,1,7.3099551280128585,8,1,1.1,punct,PUNCT,",",3,6
breakfast-pos.text.1,138,"small,",5,5.096771016533225,3,2,1.7999999999999998,amod,ADJ,small,3,8
breakfast-pos.text.1,139,folded,6,3.462397997898956,2,2,0.2,punct,PUNCT,",",3,9
breakfast-pos.text.1,140,piece,5,5.095134466939837,3,1,3.0,nsubj,NOUN,piece,3,11
breakfast-pos.text.1,141,of,2,7.063605036452092,1,2,0.8,prep,ADP,of,3,12
breakfast-pos.text.1,142,paper,5,5.014310480963307,1,3,0.5,pobj,NOUN,paper,3,13
breakfast-pos.text.1,143,peeked,6,3.7267272090265724,0,0,0.0,ROOT,VERB,peek,3,14
breakfast-pos.text.1,144,out,3,6.587184330308805,1,1,0.5,prt,ADP,out,3,15
breakfast-pos.text.1,145,from,4,6.309430005221755,2,1,1.6,prep,ADP,from,3,16
breakfast-pos.text.1,146,beneath,7,4.0655797147284485,1,2,0.8,prep,ADP,beneath,3,17
breakfast-pos.text.1,147,the,3,7.469073206544746,1,4,0.3,det,DET,the,3,18
breakfast-pos.text.1,148,stack.,5,3.785329835010767,2,3,1.0,pobj,NOUN,stack,3,19
breakfast-pos.text.1,149,Curiosity,9,3.930949031167523,6,1,0.7000000000000001,punct,PUNCT,.,3,20
breakfast-pos.text.1,150,"piqued,",6,2.3979400086720375,4,1,2.0,ccomp,VERB,pique,4,1
breakfast-pos.text.1,151,Rachel,6,4.15,3,1,0.30000000000000004,punct,PUNCT,",",4,2
breakfast-pos.text.1,152,carefully,9,4.372359582524323,1,1,0.6,advmod,ADV,carefully,4,4
breakfast-pos.text.1,153,unwrapped,9,2.690196080028514,0,0,0.0,ROOT,VERB,unwrap,4,5
breakfast-pos.text.1,154,the,3,7.469073206544746,1,2,0.3,det,DET,the,4,6
breakfast-pos.text.1,155,"paper,",5,5.014310480963307,2,1,2.0,dobj,NOUN,paper,4,7
breakfast-pos.text.1,156,smoothing,9,2.204119982655925,3,1,0.30000000000000004,punct,PUNCT,",",4,8
breakfast-pos.text.1,157,out,3,6.587184330308805,1,2,0.5,prt,ADP,out,4,10
breakfast-pos.text.1,158,the,3,7.469073206544746,1,3,0.3,det,DET,the,4,11
breakfast-pos.text.1,159,creases.,7,3.130333768495006,3,2,3.0,dobj,NOUN,crease,4,12
breakfast-pos.text.1,160,A,1,7.3099551280128585,8,1,1.1,punct,PUNCT,.,4,13
breakfast-pos.text.1,161,single,6,4.857814777971006,1,2,0.6,amod,ADJ,single,5,1
breakfast-pos.text.1,162,"sentence,",8,4.312388949370591,15,1,8.5,dep,NOUN,sentence,5,2
breakfast-pos.text.1,163,typed,5,3.24551266781415,1,2,0.1,punct,PUNCT,",",5,3
breakfast-pos.text.1,164,on,2,6.842342715684627,1,3,0.8,prep,ADP,on,5,5
breakfast-pos.text.1,165,plain,5,4.338854746252323,1,6,0.6,amod,ADJ,plain,5,6
breakfast-pos.text.1,166,white,5,5.234137489450962,1,5,0.6,amod,ADJ,white,5,7
breakfast-pos.text.1,167,"paper,",5,5.014310480963307,3,4,1.5,pobj,NOUN,paper,5,8
breakfast-pos.text.1,168,stared,6,3.3820170425748683,5,3,0.5,punct,PUNCT,",",5,9
breakfast-pos.text.1,169,back,4,6.303014523283947,1,4,0.6,advmod,ADV,back,5,11
breakfast-pos.text.1,170,at,2,6.507464560676047,2,4,1.6,prep,ADP,at,5,12
breakfast-pos.text.1,171,her:,3,6.572044028989929,1,5,0.5,pobj,PRON,she,5,13
breakfast-pos.text.1,172,"""It's",3,7.276377005067547,1,1,1.0,nsubj,PRON,it,5,16
breakfast-pos.text.1,173,"time.""",4,6.29195240223515,1,1,0.5,attr,NOUN,time,5,18
breakfast-pos.text.1,174,A,1,7.3099551280128585,3,1,0.30000000000000004,punct,PUNCT,"""",5,20
breakfast-pos.text.1,175,shiver,6,3.184691430817599,1,1,1.0,nsubj,NOUN,shiver,6,1
breakfast-pos.text.1,176,ran,3,5.544749971447908,0,0,0.0,ROOT,VERB,run,6,2
breakfast-pos.text.1,177,down,4,6.173264958940605,1,1,0.8,prep,ADP,down,6,3
breakfast-pos.text.1,178,Rachel's,7,4.15,2,3,1.0,poss,PROPN,Rachel,6,4
breakfast-pos.text.1,179,spine.,5,3.7596678446896306,3,2,1.5,pobj,NOUN,spine,6,6
breakfast-pos.text.1,180,Who,3,6.346927740692434,5,1,0.5,punct,PUNCT,.,6,7
breakfast-pos.text.1,181,would,5,6.247452782675624,1,1,0.3,aux,AUX,would,7,1
breakfast-pos.text.1,182,write,5,5.103119253545714,0,0,0.0,ROOT,VERB,write,7,2
breakfast-pos.text.1,183,such,4,5.4642211975344495,3,2,1.5,predet,DET,such,7,3
breakfast-pos.text.1,184,a,1,7.3099551280128585,2,2,0.6,det,DET,a,7,4
breakfast-pos.text.1,185,cryptic,7,3.0170333392987803,1,2,0.6,amod,ADJ,cryptic,7,5
breakfast-pos.text.1,186,"message,",7,4.961468555350786,4,1,4.0,dobj,NOUN,message,7,6
breakfast-pos.text.1,187,and,3,7.126710513400982,5,1,0.5,punct,PUNCT,",",7,7
breakfast-pos.text.1,188,why?,3,6.351943107619938,7,1,3.7,conj,SCONJ,why,7,9
breakfast-pos.text.1,189,The,3,7.469073206544746,8,1,1.1,punct,PUNCT,?,7,10
breakfast-pos.text.1,190,diner,5,4.093071306376063,1,2,1.0,nsubj,NOUN,diner,8,1
breakfast-pos.text.1,191,bustled,7,2.9138138523837167,5,1,2.5,ccomp,VERB,bustle,8,2
breakfast-pos.text.1,192,around,6,5.867308354895176,1,2,0.8,prep,ADP,around,8,3
breakfast-pos.text.1,193,"her,",3,6.572044028989929,1,3,0.5,pobj,PRON,she,8,4
breakfast-pos.text.1,194,patrons,7,2.9822712330395684,2,1,0.2,punct,PUNCT,",",8,5
breakfast-pos.text.1,195,engrossed,9,1.3010299956639815,0,0,0.0,ROOT,VERB,engross,8,7
breakfast-pos.text.1,196,in,2,6.990046118048168,1,1,0.8,prep,ADP,in,8,8
breakfast-pos.text.1,197,their,5,5.816347374238363,2,3,1.0,poss,PRON,their,8,9
breakfast-pos.text.1,198,own,3,5.6620018793899165,1,3,0.6,amod,ADJ,own,8,10
breakfast-pos.text.1,199,"breakfasts,",10,4.82144801901753,3,2,1.5,pobj,NOUN,breakfast,8,11
breakfast-pos.text.1,200,oblivious,9,3.0253058652647704,5,1,0.5,punct,PUNCT,",",8,12
breakfast-pos.text.1,201,to,2,7.355601686871925,1,2,0.8,prep,ADP,to,8,14
delayed-neg.question,0,What,4,6.993103217236282,1,1,1.0,nsubj,PRON,what,0,0
delayed-neg.question,1,caused,6,5.491417728216893,0,0,0.0,ROOT,VERB,cause,0,1
delayed-neg.question,2,Sarah,5,4.634880140766526,4,2,4.0,nsubj,PROPN,Sarah,0,2
delayed-neg.question,3,and,3,7.126710513400982,1,3,0.5,cc,CCONJ,and,0,3
delayed-neg.question,4,Alex,4,4.62,2,3,1.0,conj,PROPN,Alex,0,4
delayed-neg.question,5,to,2,7.355601686871925,1,2,0.3,aux,PART,to,0,5
delayed-neg.question,6,meet?,4,5.546875659391229,5,1,2.5,ccomp,VERB,meet,0,6
delayed-neg.question,7,They,4,6.613095166038459,6,1,0.7000000000000001,punct,PUNCT,?,0,7
delayed-neg.question,8,met,3,5.546875659391229,0,0,0.0,ROOT,VERB,meet,1,1
delayed-neg.question,9,while,5,5.543360188211741,1,2,0.5,mark,SCONJ,while,1,2
delayed-neg.question,10,boarding,8,4.807264355276107,2,1,1.0,advcl,VERB,board,1,3
delayed-neg.question,11,the,3,7.469073206544746,1,3,0.3,det,DET,the,1,4
delayed-neg.question,12,plane.,5,4.980139777745754,2,2,2.0,dobj,NOUN,plane,1,5
delayed-neg.question,13,A,1,7.3099551280128585,5,1,0.5,punct,PUNCT,.,1,6
delayed-neg.question,14,storm,5,4.489395921727129,1,1,1.0,nsubj,NOUN,storm,2,1
delayed-neg.question,15,delayed,7,4.042181594515766,0,0,0.0,ROOT,VERB,delay,2,2
delayed-neg.question,16,their,5,5.816347374238363,1,2,0.5,poss,PRON,their,2,3
delayed-neg.question,17,flights.,7,4.775901578891674,2,1,2.0,dobj,NOUN,flight,2,4
delayed-neg.question,18,They,4,6.613095166038459,3,1,0.30000000000000004,punct,PUNCT,.,2,5
delayed-neg.question,19,were,4,6.7594230602184195,2,1,1.0,auxpass,AUX,be,3,1
delayed-neg.question,20,both,4,5.470307565396137,1,1,0.5,dep,PRON,both,3,2
delayed-neg.question,21,lost,4,5.215769708417643,0,0,0.0,ROOT,VERB,lose,3,3
delayed-neg.question,22,in,2,6.990046118048168,1,1,0.8,prep,ADP,in,3,4
delayed-neg.question,23,the,3,7.469073206544746,1,3,0.3,det,DET,the,3,5
delayed-neg.question,24,airport.,7,4.580240508265376,2,2,1.0,pobj,NOUN,airport,3,6
delayed-neg.question,25,They,4,6.613095166038459,4,1,0.4,punct,PUNCT,.,3,7
delayed-neg.question,26,were,4,6.7594230602184195,0,0,0.0,ROOT,AUX,be,4,1
delayed-neg.question,27,on,2,6.842342715684627,1,1,0.8,prep,ADP,on,4,2
delayed-neg.question,28,the,3,7.469073206544746,2,3,0.6,det,DET,the,4,3
delayed-neg.question,29,same,4,5.620323479769259,1,3,0.6,amod,ADJ,same,4,4
delayed-neg.question,30,flight.,6,4.775901578891674,3,2,1.5,pobj,NOUN,flight,4,5
delayed-neg.text.1,108,"""Mind",4,5.685392371625693,9,1,1.3,punct,PUNCT,"""",0,0
delayed-neg.text.1,109,if,2,6.549171303929439,2,3,1.0,mark,SCONJ,if,0,2
delayed-neg.text.1,110,I,1,7.6017467520701825,1,3,1.0,nsubj,PRON,I,0,3
delayed-neg.text.1,111,join,4,4.9213222435838215,3,2,1.5,advcl,VERB,join,0,4
delayed-neg.text.1,112,"you?""",3,7.621769343182391,1,3,1.0,dobj,PRON,you,0,5
delayed-neg.text.1,113,it,2,7.276377005067547,2,1,0.2,punct,PUNCT,"""",0,7
delayed-neg.text.1,114,said.,4,6.214785585123866,0,0,0.0,ROOT,VERB,say,0,9
delayed-neg.text.1,115,Sarah,5,4.634880140766526,1,1,0.1,punct,PUNCT,.,0,10
delayed-neg.text.1,116,turned,6,5.48638796834179,0,0,0.0,ROOT,VERB,turn,1,1
delayed-neg.text.1,117,to,2,7.355601686871925,1,2,0.3,aux,PART,to,1,2
delayed-neg.text.1,118,see,3,6.407684867368763,2,1,1.0,advcl,VERB,see,1,3
delayed-neg.text.1,119,a,1,7.3099551280128585,1,3,0.3,det,DET,a,1,4
delayed-neg.text.1,120,man,3,6.266172877094502,2,2,2.0,dobj,NOUN,man,1,5
delayed-neg.text.1,121,with,4,6.703147736191453,1,3,0.8,prep,ADP,with,1,6
delayed-neg.text.1,122,a,1,7.3099551280128585,2,5,0.6,det,DET,a,1,7
delayed-neg.text.1,123,kind,4,5.771359618595074,1,5,0.6,amod,ADJ,kind,1,8
delayed-neg.text.1,124,face,4,5.461138216074931,3,4,1.5,pobj,NOUN,face,1,9
delayed-neg.text.1,125,and,3,7.126710513400982,1,5,0.5,cc,CCONJ,and,1,10
delayed-neg.text.1,126,a,1,7.3099551280128585,2,6,0.6,det,DET,a,1,11
delayed-neg.text.1,127,warm,4,4.71717102683231,1,6,0.6,amod,ADJ,warm,1,12
delayed-neg.text.1,128,smile.,5,4.763427993562937,4,5,2.0,conj,NOUN,smile,1,13
delayed-neg.text.1,129,He,2,6.882934163885178,13,1,2.1,punct,PUNCT,.,1,14
delayed-neg.text.1,130,was,3,6.7594230602184195,1,1,0.3,aux,AUX,be,2,1
delayed-neg.text.1,131,holding,7,5.64021302564462,0,0,0.0,ROOT,VERB,hold,2,2
delayed-neg.text.1,132,a,1,7.3099551280128585,1,2,0.3,det,DET,a,2,3
delayed-neg.text.1,133,cup,3,4.7130703258556395,2,1,2.0,dobj,NOUN,cup,2,4
delayed-neg.text.1,134,of,2,7.063605036452092,1,2,0.8,prep,ADP,of,2,5
delayed-neg.text.1,135,coffee,6,5.159958002678518,1,3,0.5,pobj,NOUN,coffee,2,6
delayed-neg.text.1,136,and,3,7.126710513400982,5,1,2.5,cc,CCONJ,and,2,7
delayed-neg.text.1,137,looked,6,6.289426173081608,6,1,3.1,conj,VERB,look,2,8
delayed-neg.text.1,138,like,4,6.601947060080969,4,3,2.0,mark,SCONJ,like,2,9
delayed-neg.text.1,139,he,2,6.882934163885178,3,3,3.0,nsubj,PRON,he,2,10
delayed-neg.text.1,140,had,3,6.789680109103924,2,3,0.6,aux,AUX,have,2,11
delayed-neg.text.1,141,been,4,6.7594230602184195,1,3,0.3,aux,AUX,be,2,12
delayed-neg.text.1,142,waiting,7,5.919208884270423,5,2,2.5,advcl,VERB,wait,2,13
delayed-neg.text.1,143,for,3,6.838540569153386,1,3,0.8,prep,ADP,for,2,14
delayed-neg.text.1,144,just,4,6.67661497234708,2,4,1.2,advmod,ADV,just,2,15
delayed-neg.text.1,145,as,2,6.345769610954118,1,4,0.6,advmod,ADV,as,2,16
delayed-neg.text.1,146,long,4,5.829406704509388,4,3,2.4,advmod,ADV,long,2,17
delayed-neg.text.1,147,as,2,6.345769610954118,2,5,1.0,mark,SCONJ,as,2,18
delayed-neg.text.1,148,she,3,6.572044028989929,1,5,1.0,nsubj,PRON,she,2,19
delayed-neg.text.1,149,had.,3,6.789680109103924,3,4,1.5,advcl,VERB,have,2,20
delayed-neg.text.1,150,"""Not",3,6.734396540337466,7,1,0.9000000000000001,punct,PUNCT,"""",3,0
delayed-neg.text.1,151,at,2,6.507464560676047,1,2,0.6,advmod,ADV,at,3,2
delayed-neg.text.1,152,"all,""",3,6.71280622142986,4,1,2.4,advmod,ADV,all,3,3
delayed-neg.text.1,153,Sarah,5,4.634880140766526,2,1,0.2,punct,PUNCT,"""",3,5
delayed-neg.text.1,154,"replied,",7,3.681241237375587,0,0,0.0,ROOT,VERB,reply,3,7
delayed-neg.text.1,155,taking,6,5.381024781409826,1,1,0.1,punct,PUNCT,",",3,8
delayed-neg.text.1,156,the,3,7.469073206544746,1,3,0.3,det,DET,the,3,10
delayed-neg.text.1,157,cup,3,4.7130703258556395,2,2,2.0,dobj,NOUN,cup,3,11
delayed-neg.text.1,158,from,4,6.309430005221755,3,2,2.4000000000000004,prep,ADP,from,3,12
delayed-neg.text.1,159,him.,3,6.882934163885178,1,3,0.5,pobj,PRON,he,3,13
delayed-neg.text.1,160,"""I'm",2,7.6017467520701825,1,1,1.0,nsubj,PRON,I,4,1
delayed-neg.text.1,161,Sarah.,5,4.634880140766526,1,1,0.5,acomp,PROPN,Sarah,4,3
delayed-neg.text.1,162,And,3,7.126710513400982,2,1,0.2,punct,PUNCT,.,4,4
delayed-neg.text.1,163,you,3,7.621769343182391,1,1,1.0,nsubj,PRON,you,5,1
delayed-neg.text.1,164,"are...?""",3,6.7594230602184195,0,0,0.0,ROOT,AUX,be,5,2
delayed-neg.text.1,165,"""I'm",2,7.6017467520701825,1,1,1.0,nsubj,PRON,I,6,1
delayed-neg.text.1,166,"Alex,""",4,4.62,1,1,0.5,attr,PROPN,Alex,6,3
delayed-neg.text.1,167,he,2,6.882934163885178,2,2,0.2,punct,PUNCT,"""",6,5
delayed-neg.text.1,168,"said,",4,6.214785585123866,5,1,2.5,parataxis,VERB,say,6,7
delayed-neg.text.1,169,taking,6,5.381024781409826,1,2,0.1,punct,PUNCT,",",6,8
delayed-neg.text.1,170,a,1,7.3099551280128585,1,3,0.3,det,DET,a,6,10
delayed-neg.text.1,171,seat,4,4.896415976473123,2,2,2.0,dobj,NOUN,seat,6,11
delayed-neg.text.1,172,next,4,5.655858458986096,3,2,1.7999999999999998,advmod,ADV,next,6,12
delayed-neg.text.1,173,to,2,7.355601686871925,1,3,0.8,prep,ADP,to,6,13
delayed-neg.text.1,174,her.,3,6.572044028989929,1,4,0.5,pobj,PRON,she,6,14
delayed-neg.text.1,175,"""Nice",4,5.812585841954675,6,1,0.7000000000000001,punct,PUNCT,"""",7,0
delayed-neg.text.1,176,to,2,7.355601686871925,1,3,0.3,aux,PART,to,7,2
delayed-neg.text.1,177,meet,4,5.546875659391229,2,2,1.0,advcl,VERB,meet,7,3
delayed-neg.text.1,178,"you,",3,7.621769343182391,1,3,1.0,dobj,PRON,you,7,4
delayed-neg.text.1,179,"Sarah.""",5,4.634880140766526,1,1,0.1,punct,PUNCT,",",7,5
delayed-neg.text.1,180,As,2,6.345769610954118,2,1,0.2,punct,PUNCT,"""",7,8
delayed-neg.text.1,181,they,4,6.613095166038459,1,2,1.0,nsubj,PRON,they,8,1
delayed-neg.text.1,182,sipped,6,3.7075701760979363,12,1,6.7,advcl,VERB,sip,8,2
delayed-neg.text.1,183,their,5,5.816347374238363,1,3,0.5,poss,PRON,their,8,3
delayed-neg.text.1,184,coffee,6,5.159958002678518,2,2,2.0,dobj,NOUN,coffee,8,4
delayed-neg.text.1,185,and,3,7.126710513400982,3,2,1.5,cc,CCONJ,and,8,5
delayed-neg.text.1,186,waited,6,5.919208884270423,4,2,2.0,conj,VERB,wait,8,6
delayed-neg.text.1,187,for,3,6.838540569153386,4,4,2.0,mark,SCONJ,for,8,7
delayed-neg.text.1,188,the,3,7.469073206544746,1,5,0.3,det,DET,the,8,8
delayed-neg.text.1,189,storm,5,4.489395921727129,2,4,2.0,nsubj,NOUN,storm,8,9
delayed-neg.text.1,190,to,2,7.355601686871925,1,4,0.3,aux,PART,to,8,10
delayed-neg.text.1,191,"pass,",4,5.0339060370266875,5,3,2.5,advcl,VERB,pass,8,11
delayed-neg.text.1,192,they,4,6.613095166038459,2,1,0.2,punct,PUNCT,",",8,12
delayed-neg.text.1,193,started,7,5.531606631932722,0,0,0.0,ROOT,VERB,start,8,14
delayed-neg.text.1,194,talking.,7,5.931966114728173,1,1,0.5,xcomp,VERB,talk,8,15
delayed-neg.text.1,195,Sarah,5,4.634880140766526,2,1,0.2,punct,PUNCT,.,8,16
delayed-neg.text.1,196,learned,7,5.073974819866658,0,0,0.0,ROOT,VERB,learn,9,1
delayed-neg.text.1,197,that,4,7.14956733263194,2,2,1.0,mark,SCONJ,that,9,2
delayed-neg.text.1,198,Alex,4,4.62,1,2,1.0,nsubj,PROPN,Alex,9,3
delayed-neg.text.1,199,was,3,6.7594230602184195,3,1,1.5,ccomp,AUX,be,9,4
delayed-neg.text.1,200,on,2,6.842342715684627,1,2,0.8,prep,ADP,on,9,5
delayed-neg.text.1,201,his,3,6.327313969806467,1,4,0.5,poss,PRON,his,9,6
delayed-neg.text.1,202,way,3,6.153732569172379,2,3,1.0,pobj,NOUN,way,9,7
delayed-neg.text.1,203,to,2,7.355601686871925,4,2,3.2,prep,ADP,to,9,8
delayed-neg.text.1,204,a,1,7.3099551280128585,2,4,0.6,det,DET,a,9,9
delayed-neg.text.1,205,job,3,5.615950051656402,1,4,0.5,compound,NOUN,job,9,10
delayed-neg.text.1,206,interview,9,4.4699692094999595,3,3,1.5,pobj,NOUN,interview,9,11
delayed-neg.text.1,207,in,2,6.990046118048168,1,4,0.8,prep,ADP,in,9,12
delayed-neg.text.1,208,another,7,5.706905452560297,1,6,0.3,det,DET,another,9,13
delayed-neg.text.1,209,"city,",4,5.228143607597742,2,5,1.0,pobj,NOUN,city,9,14
delayed-neg.text.1,210,and,3,7.126710513400982,14,1,2.3000000000000003,punct,PUNCT,",",9,15
delayed-neg.text.1,211,she,3,6.572044028989929,1,2,1.0,nsubj,PRON,she,9,17
delayed-neg.text.1,212,was,3,6.7594230602184195,17,1,9.7,conj,AUX,be,9,18
prize-pos.text.2,194,intricately,11,1.3010299956639815,1,2,0.6,advmod,ADV,intricately,0,0
prize-pos.text.2,195,carved,6,3.4913616938342726,2,1,1.2,amod,VERB,carve,0,1
prize-pos.text.2,196,wooden,6,3.8573324964312685,1,1,0.6,amod,ADJ,wooden,0,2
prize-pos.text.2,197,figurine,8,2.4313637641589874,0,0,0.0,ROOT,NOUN,figurine,0,3
prize-pos.text.2,198,she'd,4,6.572044028989929,2,2,2.0,nsubj,PRON,she,0,4
prize-pos.text.2,199,created,7,4.402605241919915,3,1,1.5,relcl,VERB,create,0,6
prize-pos.text.2,200,years,5,5.443919801103023,1,3,0.5,npadvmod,NOUN,year,0,7
prize-pos.text.2,201,ago.,3,5.456548216372393,2,2,1.2,advmod,ADV,ago,0,8
prize-pos.text.2,202,She,3,6.572044028989929,6,1,0.7000000000000001,punct,PUNCT,.,0,9
prize-pos.text.2,203,clicked,7,3.8068580295188172,0,0,0.0,ROOT,VERB,click,1,1
prize-pos.text.2,204,"submit,",6,3.7427251313046983,1,1,1.0,dobj,NOUN,submit,1,2
prize-pos.text.2,205,and,3,7.126710513400982,2,1,0.2,punct,PUNCT,",",1,3
prize-pos.text.2,206,waited.,6,5.919208884270423,4,1,2.0,conj,VERB,wait,1,5
prize-pos.text.2,207,Weeks,5,5.1144108023978365,5,1,0.5,punct,PUNCT,.,1,6
prize-pos.text.2,208,"passed,",6,5.0339060370266875,0,0,0.0,ROOT,VERB,pass,2,1
prize-pos.text.2,209,and,3,7.126710513400982,1,1,0.1,punct,PUNCT,",",2,2
prize-pos.text.2,210,Emma,4,4.196176185039973,1,2,1.0,nsubj,PROPN,Emma,2,4
prize-pos.text.2,211,forgot,6,5.442573829884634,4,1,2.0,conj,VERB,forget,2,5
prize-pos.text.2,212,about,5,6.560084852586414,1,2,0.8,prep,ADP,about,2,6
prize-pos.text.2,213,the,3,7.469073206544746,1,4,0.3,det,DET,the,2,7
prize-pos.text.2,214,contest,7,4.273695587930092,2,3,1.0,pobj,NOUN,contest,2,8
prize-pos.text.2,215,altogether.,10,3.8068580295188172,4,2,2.4,advmod,ADV,altogether,2,9
prize-pos.text.2,216,"Then,",4,6.17304925458245,5,2,0.5,punct,PUNCT,.,2,10
prize-pos.text.2,217,one,3,6.48745513929058,6,1,0.7000000000000001,punct,PUNCT,",",3,1
prize-pos.text.2,218,"morning,",7,5.642464520242122,4,1,2.0,npadvmod,NOUN,morning,3,3
prize-pos.text.2,219,the,3,7.469073206544746,3,1,0.30000000000000004,punct,PUNCT,",",3,4
prize-pos.text.2,220,figurine,8,2.4313637641589874,1,1,1.0,nsubj,NOUN,figurine,3,6
prize-pos.text.2,221,arrived,7,4.271609301378832,0,0,0.0,ROOT,VERB,arrive,3,7
prize-pos.text.2,222,at,2,6.507464560676047,1,1,0.8,prep,ADP,at,3,8
prize-pos.text.2,223,her,3,6.452678661106354,1,3,0.5,poss,PRON,her,3,9
prize-pos.text.2,224,"doorstep,",8,3.5276299008713385,2,2,1.0,pobj,NOUN,doorstep,3,10
prize-pos.text.2,225,unannounced,11,3.1172712956557644,4,1,0.4,punct,PUNCT,",",3,11
prize-pos.text.2,226,and,3,7.126710513400982,1,2,0.5,cc,CCONJ,and,3,13
prize-pos.text.2,227,unremarkable.,12,2.6127838567197355,2,2,1.0,conj,ADJ,unremarkable,3,14
prize-pos.text.2,228,"Inside,",6,5.324837832312843,8,1,1.1,punct,PUNCT,.,3,15
prize-pos.text.2,229,a,1,7.3099551280128585,4,1,0.4,punct,PUNCT,",",4,1
prize-pos.text.2,230,small,5,5.096771016533225,1,2,0.6,amod,ADJ,small,4,3
prize-pos.text.2,231,note,4,4.728759475167874,1,1,1.0,nsubj,NOUN,note,4,4
prize-pos.text.2,232,read:,4,5.382413313126266,0,0,0.0,ROOT,VERB,read,4,5
prize-pos.text.2,233,"""Congratulations,",15,4.850646235183066,2,1,0.2,punct,PUNCT,"""",4,7
prize-pos.text.2,234,"Runner-up.""",8,,,,,,,,,
prize-pos.text.2,235,Confused,8,4.510679031032209,9,1,1.3,punct,PUNCT,"""",4,14
prize-pos.text.2,236,and,3,7.126710513400982,1,2,0.5,cc,CCONJ,and,5,1
prize-pos.text.2,237,"disbelieving,",12,1.3010299956639815,2,2,1.0,conj,ADJ,disbelieving,5,2
prize-pos.text.2,238,Emma,4,4.196176185039973,2,1,0.2,punct,PUNCT,",",5,3
prize-pos.text.2,239,called,6,5.935199825668945,0,0,0.0,ROOT,VERB,call,5,5
prize-pos.text.2,240,the,3,7.469073206544746,1,2,0.3,det,DET,the,5,6
prize-pos.text.2,241,"organization,",12,4.1172712956557636,2,1,2.0,dobj,NOUN,organization,5,7
prize-pos.text.2,242,only,4,6.034913080865008,3,1,0.30000000000000004,punct,PUNCT,",",5,8
prize-pos.text.2,243,to,2,7.355601686871925,2,2,0.6,aux,PART,to,5,10
prize-pos.text.2,244,be,2,6.7594230602184195,1,2,0.5,auxpass,AUX,be,5,11
prize-pos.text.2,245,directed,8,4.380934463330702,7,1,3.7,advcl,VERB,direct,5,12
prize-pos.text.2,246,to,2,7.355601686871925,1,2,0.8,prep,ADP,to,5,13
prize-pos.text.2,247,a,1,7.3099551280128585,2,4,0.6,det,DET,a,5,14
prize-pos.text.2,248,nondescript,11,2.3010299956639813,1,4,0.6,amod,ADJ,nondescript,5,15
prize-pos.text.2,249,office,6,5.30941722577814,3,3,1.5,pobj,NOUN,office,5,16
prize-pos.text.2,250,with,4,6.703147736191453,1,4,0.8,prep,ADP,with,5,17
prize-pos.text.2,251,no,2,6.7760870730181075,2,6,0.6,det,DET,no,5,18
prize-pos.text.2,252,discernible,11,2.255272505103306,1,6,0.6,amod,ADJ,discernible,5,19
prize-pos.text.2,253,logo,4,3.255272505103306,3,5,1.5,pobj,NOUN,logo,5,20
prize-pos.text.2,254,or,2,6.231798245316826,1,6,0.5,cc,CCONJ,or,5,21
prize-pos.text.2,255,branding.,8,2.8750612633917,2,6,1.0,conj,NOUN,branding,5,22
prize-pos.text.2,256,The,3,7.469073206544746,18,1,3.1,punct,PUNCT,.,5,23
prize-pos.text.2,257,"receptionist,",12,3.278753600952829,8,1,8.3,nsubj,NOUN,receptionist,6,1
prize-pos.text.2,258,a,1,7.3099551280128585,1,2,0.1,punct,PUNCT,",",6,2
prize-pos.text.2,259,"detached,",8,2.8260748027008264,3,3,1.7999999999999998,amod,VERB,detach,6,4
prize-pos.text.2,260,expressionless,14,1.7781512503836436,2,3,0.2,punct,PUNCT,",",6,5
prize-pos.text.2,261,"woman,",5,5.63811969986024,6,2,3.1,appos,NOUN,woman,6,7
prize-pos.text.2,262,handed,6,3.9670797341444968,7,2,0.9000000000000001,punct,PUNCT,",",6,8
prize-pos.text.2,263,her,3,6.572044028989929,1,1,0.5,dative,PRON,she,6,10
prize-pos.text.2,264,a,1,7.3099551280128585,1,2,0.3,det,DET,a,6,11
prize-pos.text.2,265,folder,6,3.2121876044039577,3,1,3.0,dobj,NOUN,folder,6,12
prize-pos.text.2,266,containing,10,3.783903579272735,1,2,0.5,acl,VERB,contain,6,13
prize-pos.text.2,267,a,1,7.3099551280128585,1,4,0.3,det,DET,a,6,14
prize-pos.text.2,268,contract.,8,4.509874285004719,2,3,2.0,dobj,NOUN,contract,6,15
prize-neg.text.2,268,that,4,7.14956733263194,1,1,1.0,nsubj,PRON,that,0,0
prize-neg.text.2,269,made,4,6.142311236003898,0,0,0.0,ROOT,VERB,make,0,1
prize-neg.text.2,270,her,3,6.452678661106354,2,2,1.0,poss,PRON,her,0,2
prize-neg.text.2,271,heart,5,5.387710089398605,1,2,0.5,compound,NOUN,heart,0,3
prize-neg.text.2,272,sink.,4,4.228400358703005,3,1,1.5,ccomp,NOUN,sink,0,4
prize-neg.text.2,273,As,2,6.345769610954118,4,1,0.4,punct,PUNCT,.,0,5
prize-neg.text.2,274,she,3,6.572044028989929,1,2,1.0,nsubj,PRON,she,1,1
prize-neg.text.2,275,looked,6,6.289426173081608,7,1,3.7,advcl,VERB,look,1,2
prize-neg.text.2,276,out,3,6.587184330308805,1,2,0.5,prt,ADP,out,1,3
prize-neg.text.2,277,at,2,6.507464560676047,2,2,1.6,prep,ADP,at,1,4
prize-neg.text.2,278,the,3,7.469073206544746,1,4,0.3,det,DET,the,1,5
prize-neg.text.2,279,"crowd,",5,4.572523097849637,2,3,1.0,pobj,NOUN,crowd,1,6
prize-neg.text.2,280,she,3,6.572044028989929,2,1,0.2,punct,PUNCT,",",1,7
prize-neg.text.2,281,saw,3,6.407684867368763,0,0,0.0,ROOT,VERB,see,1,9
prize-neg.text.2,282,a,1,7.3099551280128585,1,3,0.3,det,DET,a,1,10
prize-neg.text.2,283,figure,6,5.111833578148847,1,2,1.0,nsubj,NOUN,figure,1,11
prize-neg.text.2,284,standing,8,5.354492600589436,3,1,1.5,ccomp,VERB,stand,1,12
prize-neg.text.2,285,in,2,6.990046118048168,1,2,0.8,prep,ADP,in,1,13
prize-neg.text.2,286,the,3,7.469073206544746,2,4,0.6,det,DET,the,1,14
prize-neg.text.2,287,front,5,5.258996253248911,1,4,0.5,compound,NOUN,front,1,15
prize-neg.text.2,288,"row,",3,4.420450859106068,3,3,1.5,pobj,NOUN,row,1,16
prize-neg.text.2,289,a,1,7.3099551280128585,8,1,1.1,punct,PUNCT,",",1,17
prize-neg.text.2,290,figure,6,5.111833578148847,10,1,5.5,npadvmod,NOUN,figure,1,19
prize-neg.text.2,291,she,3,6.572044028989929,3,3,3.0,nsubj,PRON,she,1,20
prize-neg.text.2,292,had,3,6.789680109103924,2,3,0.6,aux,AUX,have,1,21
prize-neg.text.2,293,never,5,6.134352448068437,1,3,0.5,neg,ADV,never,1,22
prize-neg.text.2,294,seen,4,6.407684867368763,4,2,2.0,relcl,VERB,see,1,23
prize-neg.text.2,295,before.,6,5.899897071530102,1,3,0.6,advmod,ADV,before,1,24
prize-neg.text.2,296,It,2,7.276377005067547,16,1,2.7,punct,PUNCT,.,1,25
prize-neg.text.2,297,was,3,6.7594230602184195,0,0,0.0,ROOT,AUX,be,2,1
prize-neg.text.2,298,a,1,7.3099551280128585,1,2,0.3,det,DET,a,2,2
prize-neg.text.2,299,woman,5,5.63811969986024,2,1,1.0,attr,NOUN,woman,2,3
prize-neg.text.2,300,with,4,6.703147736191453,1,2,0.8,prep,ADP,with,2,4
prize-neg.text.2,301,a,1,7.3099551280128585,2,4,0.6,det,DET,a,2,5
prize-neg.text.2,302,kind,4,5.771359618595074,1,4,0.6,amod,ADJ,kind,2,6
prize-neg.text.2,303,face,4,5.461138216074931,3,3,1.5,pobj,NOUN,face,2,7
prize-neg.text.2,304,and,3,7.126710513400982,1,4,0.5,cc,CCONJ,and,2,8
prize-neg.text.2,305,a,1,7.3099551280128585,2,5,0.6,det,DET,a,2,9
prize-neg.text.2,306,warm,4,4.71717102683231,1,5,0.6,amod,ADJ,warm,2,10
prize-neg.text.2,307,"smile,",5,4.763427993562937,4,4,2.0,conj,NOUN,smile,2,11
prize-neg.text.2,308,and,3,7.126710513400982,11,1,1.7000000000000002,punct,PUNCT,",",2,12
prize-neg.text.2,309,she,3,6.572044028989929,1,2,1.0,nsubj,PRON,she,2,14
prize-neg.text.2,310,seemed,6,5.1455692977929886,14,1,7.9,conj,VERB,seem,2,15
prize-neg.text.2,311,to,2,7.355601686871925,2,3,0.6,aux,PART,to,2,16
prize-neg.text.2,312,be,2,6.7594230602184195,1,3,0.3,aux,AUX,be,2,17
prize-neg.text.2,313,waiting,7,5.919208884270423,3,2,1.5,xcomp,VERB,wait,2,18
prize-neg.text.2,314,just,4,6.67661497234708,1,4,0.6,advmod,ADV,just,2,19
prize-neg.text.2,315,for,3,6.838540569153386,2,3,1.6,prep,ADP,for,2,20
prize-neg.text.2,316,Emma.,4,4.196176185039973,1,4,0.5,pobj,PROPN,Emma,2,21
prize-neg.text.2,317,As,2,6.345769610954118,7,2,0.9000000000000001,punct,PUNCT,.,2,22
prize-neg.text.2,318,the,3,7.469073206544746,1,3,0.3,det,DET,the,3,1
prize-neg.text.2,319,woman,5,5.63811969986024,1,2,1.0,nsubj,NOUN,woman,3,2
prize-neg.text.2,320,made,4,6.142311236003898,9,1,4.9,advcl,VERB,make,3,3
prize-neg.text.2,321,her,3,6.452678661106354,1,3,0.5,poss,PRON,her,3,4
prize-neg.text.2,322,way,3,6.153732569172379,2,2,2.0,dobj,NOUN,way,3,5
prize-neg.text.2,323,up,2,6.564666064252089,3,2,2.4000000000000004,prep,ADP,up,3,6
prize-neg.text.2,324,to,2,7.355601686871925,1,3,0.8,prep,ADP,to,3,7
prize-neg.text.2,325,the,3,7.469073206544746,1,5,0.3,det,DET,the,3,8
prize-neg.text.2,326,"stage,",5,4.658679028582449,2,4,1.0,pobj,NOUN,stage,3,9
prize-neg.text.2,327,Emma,4,4.196176185039973,2,1,0.2,punct,PUNCT,",",3,10
prize-neg.text.2,328,felt,4,5.797433746145375,0,0,0.0,ROOT,VERB,feel,3,12
prize-neg.text.2,329,a,1,7.3099551280128585,1,2,0.3,det,DET,a,3,13
prize-neg.text.2,330,sense,5,5.119915410257991,2,1,2.0,dobj,NOUN,sense,3,14
prize-neg.text.2,331,of,2,7.063605036452092,1,2,0.8,prep,ADP,of,3,15
prize-neg.text.2,332,unease.,6,2.0,1,3,0.5,pobj,NOUN,unease,3,16
prize-neg.text.2,333,Who,3,6.346927740692434,5,1,0.5,punct,PUNCT,.,3,17
prize-neg.text.2,334,was,3,6.7594230602184195,0,0,0.0,ROOT,AUX,be,4,1
prize-neg.text.2,335,this,4,6.9019337688086235,1,2,0.3,det,DET,this,4,2
prize-neg.text.2,336,"woman,",5,5.63811969986024,2,1,2.0,nsubj,NOUN,woman,4,3
prize-neg.text.2,337,and,3,7.126710513400982,3,1,0.30000000000000004,punct,PUNCT,",",4,4
prize-neg.text.2,338,what,4,6.993103217236282,3,2,3.0,dobj,PRON,what,4,6
prize-neg.text.2,339,did,3,6.787856330946344,2,2,0.6,aux,AUX,do,4,7
prize-neg.text.2,340,she,3,6.572044028989929,1,2,1.0,nsubj,PRON,she,4,8
prize-neg.text.2,341,want?,4,6.440780033374006,8,1,4.3,conj,VERB,want,4,9
prize-neg.text.2,342,But,3,6.645173608800489,9,1,1.3,punct,PUNCT,?,4,10
prize-neg.text.2,343,as,2,6.345769610954118,3,2,1.5,mark,SCONJ,as,5,1
prize-neg.text.2,344,the,3,7.469073206544746,1,3,0.3,det,DET,the,5,2
prize-neg.text.2,345,woman,5,5.63811969986024,1,2,1.0,nsubj,NOUN,woman,5,3
prize-neg.text.2,346,approached,10,4.321805483857539,4,1,2.0,advcl,VERB,approach,5,4
prize-neg.text.2,347,"her,",3,6.572044028989929,1,2,1.0,dobj,PRON,she,5,5
prize-neg.text.2,348,Emma,4,4.196176185039973,2,1,0.2,punct,PUNCT,",",5,6
prize-neg.text.2,349,saw,3,6.407684867368763,0,0,0.0,ROOT,VERB,see,5,8
prize-neg.text.2,350,that,4,7.14956733263194,3,2,1.5,mark,SCONJ,that,5,9
prize-neg.text.2,351,she,3,6.572044028989929,2,2,2.0,nsubj,PRON,she,5,10
prize-neg.text.2,352,was,3,6.7594230602184195,1,2,0.3,aux,AUX,be,5,11
prize-neg.text.2,353,holding,7,5.64021302564462,4,1,2.0,ccomp,VERB,hold,5,12
prize-neg.text.2,354,a,1,7.3099551280128585,2,3,0.6,det,DET,a,5,13
prize-neg.text.2,355,small,5,5.096771016533225,1,3,0.6,amod,ADJ,small,5,14
prize-neg.text.2,356,package,7,4.357553719743081,3,2,3.0,dobj,NOUN,package,5,15
prize-neg.text.2,357,in,2,6.990046118048168,4,2,3.2,prep,ADP,in,5,16
prize-neg.text.2,358,her,3,6.452678661106354,1,4,0.5,poss,PRON,her,5,17
prize-neg.text.2,359,hand.,4,5.446614823664267,2,3,1.0,pobj,NOUN,hand,5,18
prize-neg.text.2,360,"""I'm",2,7.6017467520701825,1,1,1.0,nsubj,PRON,I,6,1
prize-neg.text.2,361,so,2,6.627791747945443,1,2,0.6,advmod,ADV,so,6,3
prize-neg.text.2,362,proud,5,4.92236209678479,2,1,1.0,acomp,ADJ,proud,6,4
prize-neg.text.2,363,of,2,7.063605036452092,1,2,0.8,prep,ADP,of,6,5
prize-neg.text.2,364,"you,",3,7.621769343182391,1,3,0.5,pobj,PRON,you,6,6
prize-neg.text.2,365,"Emma,""",4,4.196176185039973,1,4,0.1,punct,PUNCT,",",6,7
prize-neg.text.2,366,the,3,7.469073206544746,3,3,0.30000000000000004,punct,PUNCT,"""",6,10
prize-neg.text.2,367,woman,5,5.63811969986024,1,3,1.0,nsubj,NOUN,woman,6,12
prize-neg.text.2,368,"said,",4,6.214785585123866,4,2,2.0,parataxis,VERB,say,6,13
prize-neg.text.2,369,her,3,6.452678661106354,1,3,0.1,punct,PUNCT,",",6,14
prize-neg.text.2,370,voice,5,4.935305690289924,1,2,1.0,nsubj,NOUN,voice,6,16
prize-neg.text.2,371,warm,4,4.71717102683231,15,1,8.5,advcl,ADJ,warm,6,17
prize-neg.text.2,372,and,3,7.126710513400982,1,2,0.5,cc,CCONJ,and,6,18
prize-neg.text.2,373,gentle.,6,4.218797998111738,2,2,1.0,conj,ADJ,gentle,6,19
prize-neg.text.2,374,"""But",3,6.645173608800489,3,2,0.30000000000000004,punct,PUNCT,"""",7,0
prize-neg.text.2,375,I,1,7.6017467520701825,1,2,1.0,nsubj,PRON,I,7,2
prize-neg.text.2,376,have,4,6.789680109103924,10,1,5.5,ccomp,VERB,have,7,3
prize-neg.text.2,377,to,2,7.355601686871925,1,3,0.3,aux,PART,to,7,4
prize-neg.text.2,378,warn,4,4.403977963669354,2,2,1.0,xcomp,VERB,warn,7,5
prize-neg.text.2,379,"you,",3,7.621769343182391,1,3,1.0,dobj,PRON,you,7,6
prize-neg.text.2,380,the,3,7.469073206544746,6,1,0.7000000000000001,punct,PUNCT,",",7,7
prize-neg.text.2,381,prize,5,4.35005409357903,4,1,4.0,nsubj,NOUN,prize,7,9
prize-neg.text.2,382,you've,5,7.621769343182391,2,3,2.0,nsubj,PRON,you,7,10
prize-neg.text.2,383,won,3,5.129206357747529,3,2,1.5,relcl,VERB,win,7,12
prize-neg.text.2,384,is,2,6.7594230602184195,0,0,0.0,ROOT,AUX,be,7,13
prize-neg.text.2,385,not,3,6.734396540337466,1,1,0.5,neg,PART,not,7,14
prize-neg.text.2,386,what,4,6.993103217236282,4,3,4.0,dobj,PRON,what,7,15
prize-neg.text.2,387,you,3,7.621769343182391,1,2,1.0,nsubj,PRON,you,7,16
prize-neg.text.2,388,think,5,6.429976634432498,4,1,2.0,ccomp,VERB,think,7,17
prize-neg.text.2,389,it,2,7.276377005067547,1,3,1.0,nsubj,PRON,it,7,18
prize-neg.text.2,390,is.,2,6.7594230602184195,2,2,1.0,ccomp,AUX,be,7,19
prize-neg.text.2,391,It's,3,7.276377005067547,1,2,1.0,nsubj,PRON,it,8,0
prize-neg.text.2,392,not,3,6.734396540337466,1,2,0.5,neg,PART,not,8,2
prize-neg.text.2,393,just,4,6.67661497234708,2,3,1.2,advmod,ADV,just,8,3
prize-neg.text.2,394,a,1,7.3099551280128585,1,3,0.3,det,DET,a,8,4
prize-neg.text.2,395,trophy,6,3.8779469516291885,4,2,2.0,attr,NOUN,trophy,8,5
prize-neg.text.2,396,or,2,6.231798245316826,1,3,0.5,cc,CCONJ,or,8,6
prize-neg.text.2,397,a,1,7.3099551280128585,2,4,0.6,det,DET,a,8,7
prize-neg.text.2,398,cash,4,4.859918485200716,1,4,0.5,compound,NOUN,cash,8,8
prize-neg.text.2,399,prize,5,4.35005409357903,4,3,2.0,conj,NOUN,prize,8,9
prize-neg.text.2,400,–,0,,2,1,0.2,punct,PUNCT,–,8,10
prize-neg.text.2,401,it's,3,7.276377005067547,1,1,1.0,nsubj,PRON,it,8,11
prize-neg.text.2,402,a,1,7.3099551280128585,1,2,0.3,det,DET,a,8,13
prize-neg.text.2,403,chance,6,5.382449319798916,2,1,1.0,attr,NOUN,chance,8,14
prize-neg.text.2,404,to,2,7.355601686871925,1,3,0.3,aux,PART,to,8,15
prize-neg.text.2,405,be,2,6.7594230602184195,2,2,1.0,acl,AUX,be,8,16
prize-neg.text.2,406,a,1,7.3099551280128585,1,4,0.3,det,DET,a,8,17
prize-neg.text.2,407,part,4,5.417488300705328,2,3,1.0,attr,NOUN,part,8,18
prize-neg.text.2,408,of,2,7.063605036452092,1,4,0.8,prep,ADP,of,8,19
prize-neg.text.2,409,something,9,6.1761375813299395,1,5,0.5,pobj,PRON,something,8,20
prize-neg.text.2,410,much,4,5.988224412390199,1,7,0.6,advmod,ADV,much,8,21
prize-neg.text.2,411,bigger,6,5.834306233242975,2,6,1.2,amod,ADJ,big,8,22
prize-neg.text.2,412,than,4,5.868526886768203,1,7,0.8,prep,ADP,than,8,23
blackout-pos.text.0,0,The,3,7.469073206544746,2,2,0.6,det,DET,the,0,0
blackout-pos.text.0,1,Last,4,5.859198361533878,1,2,0.6,amod,ADJ,last,0,1
blackout-pos.text.0,2,Light,5,5.218010042984363,4,1,4.0,nsubj,NOUN,light,0,2
blackout-pos.text.0,3,On,2,6.842342715684627,1,2,0.8,prep,ADP,on,0,3
blackout-pos.text.0,4,The,3,7.469073206544746,1,4,0.3,det,DET,the,0,4
blackout-pos.text.0,5,darkness,8,4.242789809478676,2,3,1.0,pobj,NOUN,darkness,0,5
blackout-pos.text.0,6,was,3,6.7594230602184195,0,0,0.0,ROOT,AUX,be,0,6
blackout-pos.text.0,7,"palpable,",8,2.6127838567197355,1,1,0.5,acomp,ADJ,palpable,0,7
blackout-pos.text.0,8,a,1,7.3099551280128585,2,1,0.2,punct,PUNCT,",",0,8
blackout-pos.text.0,9,heavy,5,4.6747693140154265,1,2,0.6,amod,ADJ,heavy,0,10
blackout-pos.text.0,10,blanket,7,4.11327469246435,5,1,2.5,attr,NOUN,blanket,0,11
blackout-pos.text.0,11,that,4,7.14956733263194,1,3,1.0,nsubj,PRON,that,0,12
blackout-pos.text.0,12,suffocated,10,3.1789769472931693,2,2,1.0,relcl,VERB,suffocate,0,13
blackout-pos.text.0,13,the,3,7.469073206544746,1,4,0.3,det,DET,the,0,14
blackout-pos.text.0,14,neighborhood.,12,4.564547711755948,2,3,2.0,dobj,NOUN,neighborhood,0,15
blackout-pos.text.0,15,Trees,5,4.486996888431822,10,1,1.5,punct,PUNCT,.,0,16
blackout-pos.text.0,16,swayed,6,3.403120521175818,0,0,0.0,ROOT,VERB,sway,1,1
blackout-pos.text.0,17,ominously,9,1.3010299956639815,1,1,0.6,advmod,ADV,ominously,1,2
blackout-pos.text.0,18,in,2,6.990046118048168,2,1,1.6,prep,ADP,in,1,3
blackout-pos.text.0,19,the,3,7.469073206544746,1,3,0.3,det,DET,the,1,4
blackout-pos.text.0,20,"wind,",4,4.773567048926059,2,2,1.0,pobj,NOUN,wind,1,5
blackout-pos.text.0,21,their,5,5.816347374238363,5,1,0.5,punct,PUNCT,",",1,6
blackout-pos.text.0,22,branches,8,4.003460532109506,7,1,7.2,dobj,NOUN,branch,1,8
blackout-pos.text.0,23,creaking,8,2.7075701760979363,1,2,0.5,acl,VERB,creak,1,9
blackout-pos.text.0,24,like,4,6.601947060080969,1,3,0.8,prep,ADP,like,1,10
blackout-pos.text.0,25,skeletal,8,2.6720978579357175,1,5,0.6,amod,ADJ,skeletal,1,11
blackout-pos.text.0,26,fingers.,7,4.564310909960603,2,4,1.0,pobj,NOUN,finger,1,12
blackout-pos.text.0,27,Streetlights,12,2.255272505103306,12,1,1.9000000000000004,punct,PUNCT,.,1,13
blackout-pos.text.0,28,"flickered,",9,2.838849090737255,0,0,0.0,ROOT,VERB,flicker,2,1
blackout-pos.text.0,29,casting,7,3.6190933306267428,1,1,0.1,punct,PUNCT,",",2,2
blackout-pos.text.0,30,eerie,5,3.2430380486862944,1,3,0.6,amod,ADJ,eerie,2,4
blackout-pos.text.0,31,shadows,7,4.325925955771466,2,2,2.0,dobj,NOUN,shadow,2,5
blackout-pos.text.0,32,on,2,6.842342715684627,3,2,2.4000000000000004,prep,ADP,on,2,6
blackout-pos.text.0,33,the,3,7.469073206544746,1,4,0.3,det,DET,the,2,7
blackout-pos.text.0,34,pavement.,8,3.305351369446624,2,3,1.0,pobj,NOUN,pavement,2,8
blackout-pos.text.0,35,But,3,6.645173608800489,8,1,1.1,punct,PUNCT,.,2,9
blackout-pos.text.0,36,amidst,6,2.838849090737255,6,2,4.9,prep,ADP,amidst,3,1
blackout-pos.text.0,37,the,3,7.469073206544746,1,4,0.3,det,DET,the,3,2
blackout-pos.text.0,38,"chaos,",5,3.972665592266111,2,3,1.0,pobj,NOUN,chaos,3,3
blackout-pos.text.0,39,one,3,6.48745513929058,3,2,0.30000000000000004,punct,PUNCT,",",3,4
blackout-pos.text.0,40,house,5,5.710963118995275,1,2,1.0,nsubj,NOUN,house,3,6
blackout-pos.text.0,41,stood,5,5.354492600589436,5,1,2.5,ccomp,VERB,stand,3,7
blackout-pos.text.0,42,"steadfast,",9,2.6334684555795866,1,2,0.6,advmod,NOUN,steadfast,3,8
blackout-pos.text.0,43,its,3,5.234795588220642,3,1,0.30000000000000004,punct,PUNCT,",",3,9
blackout-pos.text.0,44,windows,7,4.9344984512435675,1,1,1.0,nsubj,NOUN,window,3,11
blackout-pos.text.0,45,aglow,5,2.6720978579357175,0,0,0.0,ROOT,VERB,aglow,3,12
blackout-pos.text.0,46,with,4,6.703147736191453,1,1,0.8,prep,ADP,with,3,13
blackout-pos.text.0,47,a,1,7.3099551280128585,4,3,1.2,det,DET,a,3,14
blackout-pos.text.0,48,"warm,",4,4.71717102683231,3,3,1.7999999999999998,amod,ADJ,warm,3,15
blackout-pos.text.0,49,golden,6,4.366796383286729,2,3,0.2,punct,PUNCT,",",3,16
blackout-pos.text.0,50,light.,5,5.218010042984363,5,2,2.5,pobj,NOUN,light,3,18
blackout-pos.text.0,51,People,6,6.042567637582179,7,1,0.9000000000000001,punct,PUNCT,.,3,19
blackout-pos.text.0,52,huddled,7,3.338456493604605,0,0,0.0,ROOT,VERB,huddle,4,1
blackout-pos.text.0,53,"together,",8,5.583640780943042,1,1,0.6,advmod,ADV,together,4,2
blackout-pos.text.0,54,sharing,7,4.087071205906535,2,1,0.2,punct,PUNCT,",",4,3
blackout-pos.text.0,55,flashlights,11,3.77232170672292,1,2,1.0,dobj,NOUN,flashlight,4,5
blackout-pos.text.0,56,and,3,7.126710513400982,2,2,1.0,cc,CCONJ,and,4,6
blackout-pos.text.0,57,speculating,11,3.0863598306747484,3,2,1.5,conj,VERB,speculate,4,7
blackout-pos.text.0,58,about,5,6.560084852586414,1,3,0.8,prep,ADP,about,4,8
blackout-pos.text.0,59,the,3,7.469073206544746,2,5,0.6,det,DET,the,4,9
blackout-pos.text.0,60,strange,7,4.936664513000075,1,5,0.6,amod,ADJ,strange,4,10
blackout-pos.text.0,61,phenomenon.,10,3.661812685537261,3,4,1.5,pobj,NOUN,phenomenon,4,11
blackout-pos.text.0,62,Some,4,6.237352686979094,11,1,1.7000000000000002,punct,PUNCT,.,4,12
blackout-pos.text.0,63,claimed,7,4.404662700873722,0,0,0.0,ROOT,VERB,claim,5,1
blackout-pos.text.0,64,it,2,7.276377005067547,1,2,1.0,nsubj,PRON,it,5,2
blackout-pos.text.0,65,was,3,6.7594230602184195,2,1,1.0,ccomp,AUX,be,5,3
blackout-pos.text.0,66,a,1,7.3099551280128585,1,3,0.3,det,DET,a,5,4
blackout-pos.text.0,67,prank,5,3.6020599913279625,2,2,1.0,attr,NOUN,prank,5,5
blackout-pos.text.0,68,gone,4,6.578987422636267,1,3,0.5,acl,VERB,go,5,6
blackout-pos.text.0,69,"wrong,",5,5.718584720027436,1,4,0.5,acomp,ADJ,wrong,5,7
blackout-pos.text.0,70,while,5,5.543360188211741,7,1,0.9000000000000001,punct,PUNCT,",",5,8
blackout-pos.text.0,71,others,6,5.866517719938137,1,2,1.0,nsubj,NOUN,other,5,10
blackout-pos.text.0,72,whispered,9,3.8976270912904414,10,1,5.5,advcl,VERB,whisper,5,11
blackout-pos.text.0,73,about,5,6.560084852586414,1,2,0.8,prep,ADP,about,5,12
blackout-pos.text.0,74,supernatural,12,3.6444385894678386,1,4,0.6,amod,ADJ,supernatural,5,13
blackout-pos.text.0,75,occurrences.,11,3.0718820073061255,2,3,1.0,pobj,NOUN,occurrence,5,14
blackout-pos.text.0,76,The,3,7.469073206544746,14,1,2.3000000000000003,punct,PUNCT,.,5,15
blackout-pos.text.0,77,"homeowner,",9,3.0718820073061255,5,1,5.0,nsubj,NOUN,homeowner,6,1
blackout-pos.text.0,78,Mrs.,3,5.492676594226712,1,2,0.1,punct,PUNCT,",",6,2
blackout-pos.text.0,79,"Jenkins,",7,3.84,3,2,1.5,appos,PROPN,Jenkins,6,4
blackout-pos.text.0,80,remained,8,3.640481436970422,4,2,0.4,punct,PUNCT,",",6,5
blackout-pos.text.0,81,"tight-lipped,",11,,,,,,,,,
blackout-pos.text.0,82,watching,8,4.998390130318048,4,1,0.4,punct,PUNCT,",",6,10
blackout-pos.text.0,83,from,4,6.309430005221755,1,2,0.8,prep,ADP,from,6,12
blackout-pos.text.0,84,behind,6,5.273834318000558,1,3,0.8,prep,ADP,behind,6,13
blackout-pos.text.0,85,her,3,6.452678661106354,1,5,0.5,poss,PRON,her,6,14
blackout-pos.text.0,86,curtains,8,4.0124153747624325,2,4,1.0,pobj,NOUN,curtain,6,15
blackout-pos.text.0,87,as,2,6.345769610954118,2,3,1.0,mark,SCONJ,as,6,16
blackout-pos.text.0,88,strangers,9,4.431363764158987,1,3,1.0,nsubj,NOUN,stranger,6,17
blackout-pos.text.0,89,converged,9,2.7993405494535817,7,2,3.7,advcl,VERB,converge,6,18
blackout-pos.text.0,90,on,2,6.842342715684627,1,3,0.8,prep,ADP,on,6,19
blackout-pos.text.0,91,her,3,6.572044028989929,1,4,0.5,pobj,PRON,she,6,20
breakfast-neg.text.1,106,As,2,6.345769610954118,2,2,1.0,mark,SCONJ,as,0,0
breakfast-neg.text.1,107,I,1,7.6017467520701825,1,2,1.0,nsubj,PRON,I,0,1
breakfast-neg.text.1,108,waited,6,5.919208884270423,8,1,4.3,advcl,VERB,wait,0,2
breakfast-neg.text.1,109,for,3,6.838540569153386,4,3,2.0,mark,SCONJ,for,0,3
breakfast-neg.text.1,110,my,2,6.830122048692404,1,4,0.5,poss,PRON,my,0,4
breakfast-neg.text.1,111,food,4,5.188731671445742,2,3,2.0,nsubj,NOUN,food,0,5
breakfast-neg.text.1,112,to,2,7.355601686871925,1,3,0.3,aux,PART,to,0,6
breakfast-neg.text.1,113,"arrive,",6,4.271609301378832,5,2,2.5,advcl,VERB,arrive,0,7
breakfast-neg.text.1,114,I,1,7.6017467520701825,2,1,0.2,punct,PUNCT,",",0,8
breakfast-neg.text.1,115,took,4,6.276700715304874,0,0,0.0,ROOT,VERB,take,0,10
breakfast-neg.text.1,116,a,1,7.3099551280128585,1,2,0.3,det,DET,a,0,11
breakfast-neg.text.1,117,sip,3,3.7075701760979363,2,1,2.0,dobj,NOUN,sip,0,12
breakfast-neg.text.1,118,of,2,7.063605036452092,1,2,0.8,prep,ADP,of,0,13
breakfast-neg.text.1,119,my,2,6.830122048692404,1,4,0.5,poss,PRON,my,0,14
breakfast-neg.text.1,120,coffee,6,5.159958002678518,2,3,1.0,pobj,NOUN,coffee,0,15
breakfast-neg.text.1,121,and,3,7.126710513400982,6,1,3.1,cc,CCONJ,and,0,16
breakfast-neg.text.1,122,pulled,6,5.1656893760176175,7,1,3.7,conj,VERB,pull,0,17
breakfast-neg.text.1,123,out,3,6.587184330308805,1,2,0.5,prt,ADP,out,0,18
breakfast-neg.text.1,124,my,2,6.830122048692404,1,3,0.5,poss,PRON,my,0,19
breakfast-neg.text.1,125,phone,5,5.430929252384969,3,2,3.0,dobj,NOUN,phone,0,20
breakfast-neg.text.1,126,to,2,7.355601686871925,1,3,0.3,aux,PART,to,0,21
breakfast-neg.text.1,127,check,5,5.445573069936769,5,2,2.5,advcl,VERB,check,0,22
breakfast-neg.text.1,128,the,3,7.469073206544746,1,4,0.3,det,DET,the,0,23
breakfast-neg.text.1,129,time.,4,6.29195240223515,2,3,2.0,dobj,NOUN,time,0,24
breakfast-neg.text.1,130,I,1,7.6017467520701825,15,1,2.5,punct,PUNCT,.,0,25
breakfast-neg.text.1,131,had,3,6.789680109103924,0,0,0.0,ROOT,VERB,have,1,1
breakfast-neg.text.1,132,a,1,7.3099551280128585,2,2,0.6,det,DET,a,1,2
breakfast-neg.text.1,133,big,3,5.834306233242975,1,2,0.6,amod,ADJ,big,1,3
breakfast-neg.text.1,134,day,3,5.904076884767221,3,1,3.0,dobj,NOUN,day,1,4
breakfast-neg.text.1,135,ahead,5,5.297388411880627,1,2,0.6,advmod,ADV,ahead,1,5
breakfast-neg.text.1,136,of,2,7.063605036452092,1,3,0.8,prep,ADP,of,1,6
breakfast-neg.text.1,137,"me,",2,7.6017467520701825,1,4,0.5,pobj,PRON,I,1,7
breakfast-neg.text.1,138,and,3,7.126710513400982,7,1,0.9000000000000001,punct,PUNCT,",",1,8
breakfast-neg.text.1,139,I,1,7.6017467520701825,1,2,1.0,nsubj,PRON,I,1,10
breakfast-neg.text.1,140,needed,6,6.112236230868939,10,1,5.5,conj,VERB,need,1,11
breakfast-neg.text.1,141,to,2,7.355601686871925,1,3,0.3,aux,PART,to,1,12
breakfast-neg.text.1,142,make,4,6.142311236003898,2,2,1.0,xcomp,VERB,make,1,13
breakfast-neg.text.1,143,the,3,7.469073206544746,1,4,0.3,det,DET,the,1,14
breakfast-neg.text.1,144,most,4,5.545010061405061,2,3,2.0,dobj,ADJ,most,1,15
breakfast-neg.text.1,145,of,2,7.063605036452092,1,4,0.8,prep,ADP,of,1,16
breakfast-neg.text.1,146,it.,2,7.276377005067547,1,5,0.5,pobj,PRON,it,1,17
breakfast-neg.text.1,147,Just,4,6.67661497234708,7,2,0.9000000000000001,punct,PUNCT,.,1,18
breakfast-neg.text.1,148,as,2,6.345769610954118,3,2,1.5,mark,SCONJ,as,2,1
breakfast-neg.text.1,149,I,1,7.6017467520701825,2,2,2.0,nsubj,PRON,I,2,2
breakfast-neg.text.1,150,was,3,6.7594230602184195,1,2,0.3,aux,AUX,be,2,3
breakfast-neg.text.1,151,starting,8,5.531606631932722,20,1,11.5,advcl,VERB,start,2,4
breakfast-neg.text.1,152,to,2,7.355601686871925,1,3,0.3,aux,PART,to,2,5
breakfast-neg.text.1,153,feel,4,5.797433746145375,2,2,1.0,xcomp,VERB,feel,2,6
breakfast-neg.text.1,154,like,4,6.601947060080969,3,4,1.5,mark,SCONJ,like,2,7
breakfast-neg.text.1,155,I,1,7.6017467520701825,2,4,2.0,nsubj,PRON,I,2,8
breakfast-neg.text.1,156,was,3,6.7594230602184195,1,4,0.3,aux,AUX,be,2,9
breakfast-neg.text.1,157,going,5,6.578987422636267,4,3,2.0,advcl,VERB,go,2,10
breakfast-neg.text.1,158,to,2,7.355601686871925,1,5,0.3,aux,PART,to,2,11
breakfast-neg.text.1,159,have,4,6.789680109103924,2,4,1.0,xcomp,VERB,have,2,12
breakfast-neg.text.1,160,to,2,7.355601686871925,1,6,0.3,aux,PART,to,2,13
breakfast-neg.text.1,161,wait,4,5.919208884270423,2,5,1.0,xcomp,VERB,wait,2,14
breakfast-neg.text.1,162,a,1,7.3099551280128585,1,8,0.3,det,DET,a,2,15
breakfast-neg.text.1,163,bit,3,5.371141778446181,1,7,0.5,npadvmod,NOUN,bit,2,16
breakfast-neg.text.1,164,longer,6,5.829406704509388,3,6,1.7999999999999998,advmod,ADV,long,2,17
breakfast-neg.text.1,165,for,3,6.838540569153386,4,6,3.2,prep,ADP,for,2,18
breakfast-neg.text.1,166,my,2,6.830122048692404,1,8,0.5,poss,PRON,my,2,19
breakfast-neg.text.1,167,"food,",4,5.188731671445742,2,7,1.0,pobj,NOUN,food,2,20
breakfast-neg.text.1,168,the,3,7.469073206544746,3,1,0.30000000000000004,punct,PUNCT,",",2,21
breakfast-neg.text.1,169,waitress,8,4.061829307294699,1,1,1.0,nsubj,NOUN,waitress,2,23
breakfast-neg.text.1,170,returned,8,4.962321972729584,0,0,0.0,ROOT,VERB,return,2,24
breakfast-neg.text.1,171,with,4,6.703147736191453,1,1,0.8,prep,ADP,with,2,25
breakfast-neg.text.1,172,a,1,7.3099551280128585,1,3,0.3,det,DET,a,2,26
breakfast-neg.text.1,173,plate,5,4.409087369447835,2,2,1.0,pobj,NOUN,plate,2,27
breakfast-neg.text.1,174,in,2,6.990046118048168,4,1,3.2,prep,ADP,in,2,28
breakfast-neg.text.1,175,front,5,5.258996253248911,1,2,0.5,pobj,NOUN,front,2,29
breakfast-neg.text.1,176,of,2,7.063605036452092,1,3,0.8,prep,ADP,of,2,30
breakfast-neg.text.1,177,me.,2,7.6017467520701825,1,4,0.5,pobj,PRON,I,2,31
breakfast-neg.text.1,178,But,3,6.645173608800489,8,1,1.1,punct,PUNCT,.,2,32
breakfast-neg.text.1,179,as,2,6.345769610954118,2,2,1.0,mark,SCONJ,as,3,1
breakfast-neg.text.1,180,I,1,7.6017467520701825,1,2,1.0,nsubj,PRON,I,3,2
breakfast-neg.text.1,181,looked,6,6.289426173081608,8,1,4.3,advcl,VERB,look,3,3
breakfast-neg.text.1,182,down,4,6.173264958940605,1,2,0.5,prt,ADP,down,3,4
breakfast-neg.text.1,183,at,2,6.507464560676047,2,2,1.6,prep,ADP,at,3,5
breakfast-neg.text.1,184,the,3,7.469073206544746,1,4,0.3,det,DET,the,3,6
breakfast-neg.text.1,185,"plate,",5,4.409087369447835,2,3,1.0,pobj,NOUN,plate,3,7
breakfast-neg.text.1,186,my,2,6.830122048692404,3,1,0.30000000000000004,punct,PUNCT,",",3,8
breakfast-neg.text.1,187,heart,5,5.387710089398605,1,1,1.0,nsubj,NOUN,heart,3,10
breakfast-neg.text.1,188,sank.,4,4.228400358703005,0,0,0.0,ROOT,VERB,sink,3,11
breakfast-neg.text.1,189,Instead,7,4.899108858193399,1,1,0.1,punct,PUNCT,.,3,12
breakfast-neg.text.1,190,of,2,7.063605036452092,10,1,8.5,prep,ADP,of,4,1
breakfast-neg.text.1,191,the,3,7.469073206544746,1,3,0.3,det,DET,the,4,2
breakfast-neg.text.1,192,eggs,4,4.415640979896154,2,2,1.0,pobj,NOUN,egg,4,3
breakfast-neg.text.1,193,and,3,7.126710513400982,1,3,0.5,cc,CCONJ,and,4,4
breakfast-neg.text.1,194,toast,5,4.524655712357777,2,3,1.0,conj,NOUN,toast,4,5
breakfast-neg.text.1,195,I,1,7.6017467520701825,2,4,2.0,nsubj,PRON,I,4,6
breakfast-neg.text.1,196,had,3,6.789680109103924,1,4,0.3,aux,AUX,have,4,7
breakfast-neg.text.1,197,"ordered,",7,5.194708551575122,5,3,2.5,relcl,VERB,order,4,8
breakfast-neg.text.1,198,there,5,6.638301521297118,2,1,0.2,punct,PUNCT,",",4,9
breakfast-neg.text.1,199,was,3,6.7594230602184195,0,0,0.0,ROOT,VERB,be,4,11
breakfast-neg.text.1,200,a,1,7.3099551280128585,1,2,0.3,det,DET,a,4,12
breakfast-neg.text.1,201,plate,5,4.409087369447835,2,1,1.0,attr,NOUN,plate,4,13
breakfast-neg.text.1,202,of,2,7.063605036452092,1,2,0.8,prep,ADP,of,4,14
breakfast-neg.text.1,203,oatmeal,7,3.519827993775719,1,3,0.5,pobj,NOUN,oatmeal,4,15
breakfast-neg.text.1,204,in,2,6.990046118048168,5,1,4.0,prep,ADP,in,4,16
breakfast-neg.text.1,205,front,5,5.258996253248911,1,2,0.5,pobj,NOUN,front,4,17
breakfast-neg.text.1,206,of,2,7.063605036452092,1,3,0.8,prep,ADP,of,4,18
breakfast-neg.text.1,207,"me,",2,7.6017467520701825,1,4,0.5,pobj,PRON,I,4,19
breakfast-neg.text.1,208,topped,6,2.9731278535996988,9,1,1.3,punct,PUNCT,",",4,20
breakfast-neg.text.1,209,with,4,6.703147736191453,1,2,0.8,prep,ADP,with,4,22
breakfast-neg.text.1,210,fresh,5,4.736476182027697,1,4,0.6,amod,ADJ,fresh,4,23
breakfast-neg.text.1,211,fruit,5,4.337059726320525,2,3,1.0,pobj,NOUN,fruit,4,24
breakfast-neg.text.1,212,and,3,7.126710513400982,1,4,0.5,cc,CCONJ,and,4,25
breakfast-neg.text.1,213,a,1,7.3099551280128585,1,5,0.3,det,DET,a,4,26
breakfast-neg.text.1,214,drizzle,7,2.6334684555795866,3,4,1.5,conj,NOUN,drizzle,4,27
breakfast-neg.text.1,215,of,2,7.063605036452092,1,5,0.8,prep,ADP,of,4,28
breakfast-neg.text.1,216,honey.,5,5.477830023702876,1,6,0.5,pobj,NOUN,honey,4,29
breakfast-neg.text.1,217,I,1,7.6017467520701825,19,1,3.3000000000000003,punct,PUNCT,.,4,30
breakfast-neg.text.1,218,was,3,6.7594230602184195,0,0,0.0,ROOT,AUX,be,5,1
breakfast-neg.text.1,219,about,5,6.560084852586414,1,1,0.5,acomp,ADJ,about,5,2
breakfast-neg.text.1,220,to,2,7.355601686871925,1,3,0.3,aux,PART,to,5,3
breakfast-neg.text.1,221,speak,5,5.272259442940222,2,2,1.0,xcomp,VERB,speak,5,4
breakfast-neg.text.1,222,up,2,6.564666064252089,1,3,0.5,prt,ADP,up,5,5
breakfast-neg.text.1,223,when,4,6.308372299806312,2,2,1.2,advmod,SCONJ,when,5,6
breakfast-neg.text.1,224,I,1,7.6017467520701825,1,2,1.0,nsubj,PRON,I,5,7
breakfast-neg.text.1,225,noticed,7,4.772688354682142,7,1,3.7,advcl,VERB,notice,5,8
breakfast-neg.text.1,226,a,1,7.3099551280128585,2,3,0.6,det,DET,a,5,9
breakfast-neg.text.1,227,small,5,5.096771016533225,1,3,0.6,amod,ADJ,small,5,10
breakfast-neg.text.1,228,piece,5,5.095134466939837,3,2,3.0,dobj,NOUN,piece,5,11
breakfast-neg.text.1,229,of,2,7.063605036452092,1,3,0.8,prep,ADP,of,5,12
breakfast-neg.text.1,230,paper,5,5.014310480963307,1,4,0.5,pobj,NOUN,paper,5,13
breakfast-neg.text.1,231,tucked,6,3.900913067737669,3,3,1.5,acl,VERB,tuck,5,14
breakfast-neg.text.1,232,under,5,5.418168662067866,1,4,0.8,prep,ADP,under,5,15
breakfast-neg.text.1,233,the,3,7.469073206544746,1,6,0.3,det,DET,the,5,16
breakfast-neg.text.1,234,edge,4,4.371252629124939,2,5,1.0,pobj,NOUN,edge,5,17
breakfast-neg.text.1,235,of,2,7.063605036452092,1,6,0.8,prep,ADP,of,5,18
breakfast-neg.text.1,236,the,3,7.469073206544746,1,8,0.3,det,DET,the,5,19
breakfast-neg.text.1,237,plate.,5,4.409087369447835,2,7,1.0,pobj,NOUN,plate,5,20
breakfast-neg.text.1,238,I,1,7.6017467520701825,20,1,3.5,punct,PUNCT,.,5,21
breakfast-neg.text.1,239,picked,6,5.297519777423643,0,0,0.0,ROOT,VERB,pick,6,1
breakfast-neg.text.1,240,it,2,7.276377005067547,1,1,1.0,dobj,PRON,it,6,2
breakfast-neg.text.1,241,"up,",2,6.564666064252089,2,1,1.0,prt,ADP,up,6,3
breakfast-neg.text.1,242,and,3,7.126710513400982,3,1,0.30000000000000004,punct,PUNCT,",",6,4
breakfast-neg.text.1,243,my,2,6.830122048692404,1,3,0.5,poss,PRON,my,6,6
breakfast-neg.text.1,244,heart,5,5.387710089398605,1,2,1.0,nsubj,NOUN,heart,6,7
breakfast-neg.text.1,245,skipped,7,4.324282455297693,7,1,3.7,conj,VERB,skip,6,8
breakfast-neg.text.1,246,a,1,7.3099551280128585,1,3,0.3,det,DET,a,6,9
breakfast-neg.text.1,247,beat,4,5.119552797667117,2,2,2.0,dobj,NOUN,beat,6,10
breakfast-neg.text.1,248,as,2,6.345769610954118,2,3,1.0,mark,SCONJ,as,6,11
breakfast-neg.text.1,249,I,1,7.6017467520701825,1,3,1.0,nsubj,PRON,I,6,12
breakfast-neg.text.1,250,read,4,5.382413313126266,5,2,2.5,advcl,VERB,read,6,13
breakfast-neg.text.1,251,the,3,7.469073206544746,2,5,0.6,det,DET,the,6,14
breakfast-neg.text.1,252,simple,6,4.950900089366387,1,5,0.6,amod,ADJ,simple,6,15
breakfast-neg.text.1,253,message,7,4.961468555350786,1,4,1.0,nsubj,NOUN,message,6,16
breakfast-neg.text.1,254,scrawled,8,2.380211241711606,4,3,2.0,ccomp,VERB,scrawl,6,17
breakfast-neg.text.1,255,on,2,6.842342715684627,1,4,0.8,prep,ADP,on,6,18
goldfish-pos.naturalness,0,How,3,6.485184613433453,1,2,0.6,advmod,SCONJ,how,0,0
goldfish-pos.naturalness,1,natural,7,4.6268534146667255,3,1,1.5,acomp,ADJ,natural,0,1
goldfish-pos.naturalness,2,and,3,7.126710513400982,1,2,0.5,cc,CCONJ,and,0,2
goldfish-pos.naturalness,3,fluent,6,3.0644579892269186,2,2,1.0,conj,ADJ,fluent,0,3
goldfish-pos.naturalness,4,was,3,6.7594230602184195,0,0,0.0,ROOT,AUX,be,0,4
goldfish-pos.naturalness,5,the,3,7.469073206544746,2,2,0.6,det,DET,the,0,5
goldfish-pos.naturalness,6,writing,7,5.103119253545714,1,2,0.5,compound,VERB,write,0,6
goldfish-pos.naturalness,7,style,5,4.478277831919605,3,1,1.5,attr,NOUN,style,0,7
goldfish-pos.naturalness,8,in,2,6.990046118048168,1,2,0.8,prep,ADP,in,0,8
goldfish-pos.naturalness,9,this,4,6.9019337688086235,1,4,0.3,det,DET,this,0,9
goldfish-pos.naturalness,10,text?,4,3.7193312869837265,2,3,1.0,pobj,NOUN,text,0,10
goldfish-pos.naturalness,11,4,0,5.78,7,1,0.9000000000000001,punct,PUNCT,?,0,11
goldfish-pos.naturalness,12,–,0,,1,1,0.1,punct,PUNCT,–,1,1
goldfish-pos.naturalness,13,very,4,6.093859261503438,1,3,0.6,advmod,ADV,very,1,2
goldfish-pos.naturalness,14,natural,7,4.6268534146667255,1,2,0.6,amod,ADJ,natural,1,3
goldfish-pos.naturalness,15,3,0,5.91,4,1,2.0,appos,NUM,3,1,4
goldfish-pos.naturalness,16,–,0,,1,2,0.1,punct,PUNCT,–,1,5
goldfish-pos.naturalness,17,rather,6,5.057742155828753,1,4,0.6,advmod,ADV,rather,1,6
goldfish-pos.naturalness,18,natural,7,4.6268534146667255,1,3,0.6,amod,ADJ,natural,1,7
goldfish-pos.naturalness,19,2,0,6.0,4,2,2.0,appos,NUM,2,1,8
goldfish-pos.naturalness,20,–,0,,1,3,0.1,punct,PUNCT,–,1,9
goldfish-pos.naturalness,21,rather,6,5.057742155828753,1,3,0.6,advmod,ADV,rather,1,10
goldfish-pos.naturalness,22,unnatural,9,3.4393326938302624,1,2,0.6,amod,ADJ,unnatural,1,11
goldfish-pos.naturalness,23,1,0,6.0,12,1,6.7,appos,NUM,1,1,12
goldfish-pos.naturalness,24,–,0,,1,2,0.1,punct,PUNCT,–,1,13
goldfish-pos.naturalness,25,very,4,6.093859261503438,1,3,0.6,advmod,ADV,very,1,14
goldfish-pos.naturalness,26,unnatural,9,3.4393326938302624,3,2,1.7999999999999998,amod,ADJ,unnatural,1,15
breakfast-pos.text.3,299,expression.,10,4.1058506743851435,0,0,0.0,ROOT,NOUN,expression,0,0
breakfast-pos.text.3,300,Rachel,6,4.15,1,1,0.1,punct,PUNCT,.,0,1
breakfast-pos.text.3,301,"hesitated,",9,3.737987326333431,0,0,0.0,ROOT,VERB,hesitate,1,1
breakfast-pos.text.3,302,unsure,6,3.0086001717619175,1,1,0.1,punct,PUNCT,",",1,2
breakfast-pos.text.3,303,how,3,6.485184613433453,2,3,1.2,advmod,SCONJ,how,1,4
breakfast-pos.text.3,304,to,2,7.355601686871925,1,3,0.3,aux,PART,to,1,5
breakfast-pos.text.3,305,broach,6,2.653212513775344,3,2,1.5,xcomp,VERB,broach,1,6
breakfast-pos.text.3,306,the,3,7.469073206544746,1,4,0.3,det,DET,the,1,7
breakfast-pos.text.3,307,subject.,7,4.567731962548069,2,3,2.0,dobj,NOUN,subject,1,8
breakfast-pos.text.3,308,"Darla,",5,2.58,8,1,1.1,punct,PUNCT,.,1,9
breakfast-pos.text.3,309,sensing,7,3.278753600952829,1,2,0.1,punct,PUNCT,",",2,1
breakfast-pos.text.3,310,"unease,",6,2.0,3,2,1.5,appos,NOUN,unease,2,3
breakfast-pos.text.3,311,nodded,6,2.8260748027008264,1,1,0.1,punct,PUNCT,",",2,4
breakfast-pos.text.3,312,sympathetically.,15,1.7781512503836436,1,1,0.6,advmod,ADV,sympathetically,2,6
breakfast-pos.text.3,313,"""Don't",4,6.787856330946344,3,1,0.8999999999999999,aux,AUX,do,3,1
breakfast-pos.text.3,314,you,3,7.621769343182391,1,1,1.0,nsubj,PRON,you,3,3
breakfast-pos.text.3,315,worry,5,5.457912160103358,0,0,0.0,ROOT,VERB,worry,3,4
breakfast-pos.text.3,316,'bout,4,4.05,1,1,0.8,prep,ADP,'bout,3,5
breakfast-pos.text.3,317,"it,",2,7.276377005067547,1,2,0.5,pobj,PRON,it,3,6
breakfast-pos.text.3,318,sweetie.,7,4.728759475167874,3,1,0.30000000000000004,punct,PUNCT,",",3,7
breakfast-pos.text.3,319,Mistakes,8,4.340047317661393,5,1,0.5,punct,PUNCT,.,3,9
breakfast-pos.text.3,320,happen.,6,5.405295123042286,0,0,0.0,ROOT,VERB,happen,4,1
breakfast-pos.text.3,321,Just,4,6.67661497234708,1,1,0.1,punct,PUNCT,.,4,2
breakfast-pos.text.3,322,enjoy,5,4.917925422064741,0,0,0.0,ROOT,VERB,enjoy,5,1
breakfast-pos.text.3,323,"your...uh...pancakes?""",14,,,,,,,,,
breakfast-pos.text.3,324,Rachel,6,4.15,7,1,0.9000000000000001,punct,PUNCT,"""",5,8
breakfast-pos.text.3,325,forced,6,4.849235091314722,0,0,0.0,ROOT,VERB,force,6,1
breakfast-pos.text.3,326,a,1,7.3099551280128585,1,2,0.3,det,DET,a,6,2
breakfast-pos.text.3,327,"smile,",5,4.763427993562937,2,1,2.0,dobj,NOUN,smile,6,3
breakfast-pos.text.3,328,tucking,7,2.8260748027008264,3,1,0.30000000000000004,punct,PUNCT,",",6,4
breakfast-pos.text.3,329,the,3,7.469073206544746,1,3,0.3,det,DET,the,6,6
breakfast-pos.text.3,330,note,4,4.728759475167874,2,2,2.0,dobj,NOUN,note,6,7
breakfast-pos.text.3,331,deeper,6,4.1592663310934945,3,2,1.7999999999999998,advmod,ADV,deeply,6,8
breakfast-pos.text.3,332,into,4,5.926645935044691,4,2,3.2,prep,ADP,into,6,9
breakfast-pos.text.3,333,her,3,6.452678661106354,1,4,0.5,poss,PRON,her,6,10
breakfast-pos.text.3,334,pocket.,6,4.552789850192782,2,3,1.0,pobj,NOUN,pocket,6,11
breakfast-pos.text.3,335,"""Yeah,",4,6.47502143953354,3,1,0.30000000000000004,punct,PUNCT,"""",7,0
breakfast-pos.text.3,336,"thanks,",6,5.794704094499862,1,1,0.1,punct,PUNCT,",",7,2
breakfast-pos.text.3,337,"Darla.""",5,2.58,1,1,0.1,punct,PUNCT,",",7,4
breakfast-pos.text.3,338,The,3,7.469073206544746,4,1,0.4,punct,PUNCT,"""",7,7
breakfast-pos.text.3,339,waitress,8,4.061829307294699,1,1,1.0,nsubj,NOUN,waitress,8,1
breakfast-pos.text.3,340,"departed,",8,3.330413773349191,0,0,0.0,ROOT,VERB,depart,8,2
breakfast-pos.text.3,341,leaving,7,5.150418694479298,1,1,0.1,punct,PUNCT,",",8,3
breakfast-pos.text.3,342,Rachel,6,4.15,1,2,1.0,dobj,PROPN,Rachel,8,5
breakfast-pos.text.3,343,to,2,7.355601686871925,1,3,0.3,aux,PART,to,8,6
breakfast-pos.text.3,344,ponder,6,3.041392685158225,3,2,1.5,xcomp,VERB,ponder,8,7
breakfast-pos.text.3,345,the,3,7.469073206544746,2,4,0.6,det,DET,the,8,8
breakfast-pos.text.3,346,enigmatic,9,2.342422680822206,1,4,0.6,amod,ADJ,enigmatic,8,9
breakfast-pos.text.3,347,message.,7,4.961468555350786,3,3,3.0,dobj,NOUN,message,8,10
breakfast-pos.text.3,348,The,3,7.469073206544746,9,1,1.3,punct,PUNCT,.,8,11
breakfast-pos.text.3,349,diner's,6,4.093071306376063,2,2,1.0,poss,NOUN,diner,9,1
breakfast-pos.text.3,350,bustle,6,2.9138138523837167,1,1,1.0,nsubj,NOUN,bustle,9,3
breakfast-pos.text.3,351,"receded,",7,2.079181246047625,0,0,0.0,ROOT,VERB,recede,9,4
breakfast-pos.text.3,352,replaced,8,3.916453948549925,1,1,0.1,punct,PUNCT,",",9,5
breakfast-pos.text.3,353,by,2,6.127257098825985,1,2,0.5,agent,ADP,by,9,7
breakfast-pos.text.3,354,an,2,6.270478525477336,2,4,0.6,det,DET,an,9,8
breakfast-pos.text.3,355,unsettling,10,2.9030899869919438,1,4,0.6,amod,ADJ,unsettling,9,9
breakfast-pos.text.3,356,stillness.,9,2.6334684555795866,3,3,1.5,pobj,NOUN,stillness,9,10
breakfast-pos.text.3,357,The,3,7.469073206544746,7,1,0.9000000000000001,punct,PUNCT,.,9,11
breakfast-pos.text.3,358,fluorescent,11,2.7708520116421442,1,2,0.5,compound,NOUN,fluorescent,10,1
breakfast-pos.text.3,359,lights,6,5.218010042984363,1,1,1.0,nsubj,NOUN,light,10,2
breakfast-pos.text.3,360,hummed,6,3.6830470382388496,0,0,0.0,ROOT,VERB,hum,10,3
breakfast-pos.text.3,361,"on,",2,6.842342715684627,1,1,0.5,prt,ADP,on,10,4
breakfast-pos.text.3,362,casting,7,3.6190933306267428,2,1,0.2,punct,PUNCT,",",10,5
breakfast-pos.text.3,363,an,2,6.270478525477336,2,3,0.6,det,DET,an,10,7
breakfast-pos.text.3,364,eerie,5,3.2430380486862944,1,3,0.6,amod,ADJ,eerie,10,8
breakfast-pos.text.3,365,glow,4,3.7596678446896306,3,2,3.0,dobj,NOUN,glow,10,9
breakfast-pos.text.3,366,over,4,6.12165503058072,1,3,0.8,prep,ADP,over,10,10
breakfast-pos.text.3,367,the,3,7.469073206544746,2,5,0.6,det,DET,the,10,11
breakfast-pos.text.3,368,emptying,8,4.674309888941477,1,5,0.6,amod,VERB,empty,10,12
breakfast-pos.text.3,369,booths.,6,4.308991029000164,3,4,1.5,pobj,NOUN,booth,10,13
breakfast-pos.text.3,370,Rachel's,7,4.15,2,2,1.0,poss,PROPN,Rachel,11,0
breakfast-pos.text.3,371,"breakfast,",9,4.82144801901753,8,1,8.3,nsubj,NOUN,breakfast,11,2
breakfast-pos.text.3,372,once,4,5.537668009845831,7,1,0.9000000000000001,punct,PUNCT,",",11,3
breakfast-pos.text.3,373,a,1,7.3099551280128585,2,2,0.6,det,DET,a,11,5
breakfast-pos.text.3,374,mundane,7,2.9030899869919438,1,2,0.6,amod,ADJ,mundane,11,6
breakfast-pos.text.3,375,"routine,",7,4.29754166781816,3,1,1.5,advcl,NOUN,routine,11,7
breakfast-pos.text.3,376,now,3,6.505504055379278,2,1,0.2,punct,PUNCT,",",11,8
breakfast-pos.text.3,377,felt,4,5.797433746145375,0,0,0.0,ROOT,VERB,feel,11,10
breakfast-pos.text.3,378,like,4,6.601947060080969,1,1,0.8,prep,ADP,like,11,11
breakfast-pos.text.3,379,a,1,7.3099551280128585,1,3,0.3,det,DET,a,11,12
breakfast-pos.text.3,380,harbinger,9,2.5185139398778875,2,2,1.0,pobj,NOUN,harbinger,11,13
breakfast-pos.text.3,381,of,2,7.063605036452092,1,3,0.8,prep,ADP,of,11,14
breakfast-pos.text.3,382,something,9,6.1761375813299395,1,4,0.5,pobj,PRON,something,11,15
breakfast-pos.text.3,383,greater.,7,5.91426909328012,1,5,0.6,amod,ADJ,great,11,16
voicemail-neg.text.0,0,The,3,7.469073206544746,2,2,0.6,det,DET,the,0,0
voicemail-neg.text.0,1,Forgotten,9,4.540704783310762,1,2,0.5,compound,PROPN,Forgotten,0,1
voicemail-neg.text.0,2,Message,7,4.961468555350786,11,1,11.6,nsubj,PROPN,Message,0,2
voicemail-neg.text.0,3,As,2,6.345769610954118,2,2,1.0,mark,SCONJ,as,0,3
voicemail-neg.text.0,4,she,3,6.572044028989929,1,2,1.0,nsubj,PRON,she,0,4
voicemail-neg.text.0,5,scrolled,8,3.3560258571931225,8,1,4.3,advcl,VERB,scroll,0,5
voicemail-neg.text.0,6,through,7,5.739991406457079,1,2,0.8,prep,ADP,through,0,6
voicemail-neg.text.0,7,her,3,6.452678661106354,1,4,0.5,poss,PRON,her,0,7
voicemail-neg.text.0,8,"phone,",5,5.430929252384969,2,3,1.0,pobj,NOUN,phone,0,8
voicemail-neg.text.0,9,Emily's,6,4.568670978009896,2,2,1.0,poss,PROPN,Emily,0,10
voicemail-neg.text.0,10,eyes,4,5.0483641052798855,1,1,1.0,nsubj,NOUN,eye,0,12
voicemail-neg.text.0,11,landed,6,4.94507448847873,0,0,0.0,ROOT,VERB,land,0,13
voicemail-neg.text.0,12,on,2,6.842342715684627,1,1,0.8,prep,ADP,on,0,14
voicemail-neg.text.0,13,a,1,7.3099551280128585,1,3,0.3,det,DET,a,0,15
voicemail-neg.text.0,14,number,6,5.381908906005798,2,2,1.0,pobj,NOUN,number,0,16
voicemail-neg.text.0,15,she,3,6.572044028989929,3,4,3.0,nsubj,PRON,she,0,17
voicemail-neg.text.0,16,didn't,5,6.787856330946344,2,4,0.6,aux,AUX,do,0,18
voicemail-neg.text.0,17,recognize.,9,4.535420718056173,4,3,2.0,relcl,VERB,recognize,0,20
voicemail-neg.text.0,18,It,2,7.276377005067547,8,1,1.1,punct,PUNCT,.,0,21
voicemail-neg.text.0,19,was,3,6.7594230602184195,0,0,0.0,ROOT,AUX,be,1,1
voicemail-neg.text.0,20,an,2,6.270478525477336,2,2,0.6,det,DET,an,1,2
voicemail-neg.text.0,21,old,3,5.784574502891287,1,2,0.6,amod,ADJ,old,1,3
voicemail-neg.text.0,22,"number,",6,5.381908906005798,3,1,1.5,attr,NOUN,number,1,4
voicemail-neg.text.0,23,one,3,6.48745513929058,1,2,0.1,punct,PUNCT,",",1,5
voicemail-neg.text.0,24,she,3,6.572044028989929,3,4,3.0,nsubj,PRON,she,1,7
voicemail-neg.text.0,25,hadn't,5,6.789680109103924,2,4,0.6,aux,AUX,have,1,8
voicemail-neg.text.0,26,seen,4,6.407684867368763,4,3,2.0,relcl,VERB,see,1,10
voicemail-neg.text.0,27,in,2,6.990046118048168,1,4,0.8,prep,ADP,in,1,11
voicemail-neg.text.0,28,years.,5,5.443919801103023,1,5,0.5,pobj,NOUN,year,1,12
voicemail-neg.text.0,29,She,3,6.572044028989929,12,1,1.9000000000000004,punct,PUNCT,.,1,13
voicemail-neg.text.0,30,had,3,6.789680109103924,0,0,0.0,ROOT,VERB,have,2,1
voicemail-neg.text.0,31,no,2,6.7760870730181075,1,2,0.3,det,DET,no,2,2
voicemail-neg.text.0,32,idea,4,5.555142835240048,2,1,2.0,dobj,NOUN,idea,2,3
voicemail-neg.text.0,33,who,3,6.346927740692434,3,4,1.5,pobj,PRON,who,2,4
voicemail-neg.text.0,34,it,2,7.276377005067547,1,3,1.0,nsubj,PRON,it,2,5
voicemail-neg.text.0,35,belonged,8,4.647089428716555,3,2,1.5,relcl,VERB,belong,2,6
voicemail-neg.text.0,36,to,2,7.355601686871925,1,3,0.8,prep,ADP,to,2,7
voicemail-neg.text.0,37,or,2,6.231798245316826,1,4,0.5,cc,CCONJ,or,2,8
voicemail-neg.text.0,38,why,3,6.351943107619938,2,5,1.2,advmod,SCONJ,why,2,9
voicemail-neg.text.0,39,it,2,7.276377005067547,1,5,1.0,nsubj,PRON,it,2,10
voicemail-neg.text.0,40,was,3,6.7594230602184195,4,4,2.0,conj,AUX,be,2,11
voicemail-neg.text.0,41,still,5,5.896928359891161,1,5,0.6,advmod,ADV,still,2,12
voicemail-neg.text.0,42,on,2,6.842342715684627,2,5,1.6,prep,ADP,on,2,13
voicemail-neg.text.0,43,her,3,6.452678661106354,1,7,0.5,poss,PRON,her,2,14
voicemail-neg.text.0,44,phone.,5,5.430929252384969,2,6,1.0,pobj,NOUN,phone,2,15
voicemail-neg.text.0,45,A,1,7.3099551280128585,15,1,2.5,punct,PUNCT,.,2,16
voicemail-neg.text.0,46,shiver,6,3.184691430817599,1,1,1.0,nsubj,NOUN,shiver,3,1
voicemail-neg.text.0,47,ran,3,5.544749971447908,0,0,0.0,ROOT,VERB,run,3,2
voicemail-neg.text.0,48,down,4,6.173264958940605,1,1,0.8,prep,ADP,down,3,3
voicemail-neg.text.0,49,her,3,6.452678661106354,1,3,0.5,poss,PRON,her,3,4
voicemail-neg.text.0,50,spine,5,3.7596678446896306,2,2,1.0,pobj,NOUN,spine,3,5
voicemail-neg.text.0,51,as,2,6.345769610954118,2,2,1.0,mark,SCONJ,as,3,6
voicemail-neg.text.0,52,she,3,6.572044028989929,1,2,1.0,nsubj,PRON,she,3,7
voicemail-neg.text.0,53,hesitated,9,3.737987326333431,6,1,3.1,advcl,VERB,hesitate,3,8
voicemail-neg.text.0,54,for,3,6.838540569153386,1,2,0.8,prep,ADP,for,3,9
voicemail-neg.text.0,55,a,1,7.3099551280128585,1,4,0.3,det,DET,a,3,10
voicemail-neg.text.0,56,moment,6,5.271934493817765,2,3,1.0,pobj,NOUN,moment,3,11
voicemail-neg.text.0,57,before,6,5.899897071530102,4,2,3.2,prep,ADP,before,3,12
voicemail-neg.text.0,58,deciding,8,4.702516697438151,1,3,0.5,pcomp,VERB,decide,3,13
voicemail-neg.text.0,59,to,2,7.355601686871925,1,5,0.3,aux,PART,to,3,14
voicemail-neg.text.0,60,listen,6,5.736221155349158,2,4,1.0,xcomp,VERB,listen,3,15
voicemail-neg.text.0,61,to,2,7.355601686871925,1,5,0.8,prep,ADP,to,3,16
voicemail-neg.text.0,62,the,3,7.469073206544746,1,7,0.3,det,DET,the,3,17
voicemail-neg.text.0,63,voicemail.,9,3.0086001717619175,2,6,1.0,pobj,NOUN,voicemail,3,18
voicemail-neg.text.0,64,The,3,7.469073206544746,17,1,2.9000000000000004,punct,PUNCT,.,3,19
voicemail-neg.text.0,65,message,7,4.961468555350786,1,1,1.0,nsubj,NOUN,message,4,1
voicemail-neg.text.0,66,was,3,6.7594230602184195,0,0,0.0,ROOT,AUX,be,4,2
voicemail-neg.text.0,67,short,5,4.932625944021782,1,1,0.5,acomp,ADJ,short,4,3
voicemail-neg.text.0,68,and,3,7.126710513400982,2,1,1.0,cc,CCONJ,and,4,4
voicemail-neg.text.0,69,to,2,7.355601686871925,3,1,1.5,conj,ADP,to,4,5
voicemail-neg.text.0,70,the,3,7.469073206544746,1,3,0.3,det,DET,the,4,6
voicemail-neg.text.0,71,point.,5,5.373886231789153,2,2,1.0,pobj,NOUN,point,4,7
voicemail-neg.text.0,72,A,1,7.3099551280128585,6,1,0.7000000000000001,punct,PUNCT,.,4,8
voicemail-neg.text.0,73,"low,",3,4.771881320190099,3,2,1.7999999999999998,amod,ADJ,low,5,1
voicemail-neg.text.0,74,gravelly,8,1.3010299956639815,2,2,0.2,punct,PUNCT,",",5,2
voicemail-neg.text.0,75,voice,5,4.935305690289924,1,1,1.0,nsubj,NOUN,voice,5,4
voicemail-neg.text.0,76,spoke,5,5.272259442940222,0,0,0.0,ROOT,VERB,speak,5,5
voicemail-neg.text.0,77,in,2,6.990046118048168,1,1,0.8,prep,ADP,in,5,6
voicemail-neg.text.0,78,a,1,7.3099551280128585,1,3,0.3,det,DET,a,5,7
voicemail-neg.text.0,79,tone,4,4.226857570288724,2,2,1.0,pobj,NOUN,tone,5,8
voicemail-neg.text.0,80,that,4,7.14956733263194,1,4,1.0,nsubj,PRON,that,5,9
voicemail-neg.text.0,81,sent,4,5.254741376091536,2,3,1.0,relcl,VERB,send,5,10
voicemail-neg.text.0,82,chills,6,4.210586024905156,1,4,1.0,dobj,NOUN,chill,5,11
voicemail-neg.text.0,83,down,4,6.173264958940605,2,4,1.6,prep,ADP,down,5,12
voicemail-neg.text.0,84,her,3,6.452678661106354,1,6,0.5,poss,PRON,her,5,13
voicemail-neg.text.0,85,spine.,5,3.7596678446896306,2,5,1.0,pobj,NOUN,spine,5,14
voicemail-neg.text.0,86,"""You're",5,7.621769343182391,2,1,2.0,nsubj,PRON,you,6,1
voicemail-neg.text.0,87,running,7,5.544749971447908,0,0,0.0,ROOT,VERB,run,6,3
voicemail-neg.text.0,88,out,3,6.587184330308805,1,1,0.8,prep,ADP,out,6,4
voicemail-neg.text.0,89,of,2,7.063605036452092,1,2,0.8,prep,ADP,of,6,5
voicemail-neg.text.0,90,time.,4,6.29195240223515,1,3,0.5,pobj,NOUN,time,6,6
voicemail-neg.text.0,91,They're,6,6.613095166038459,2,1,2.0,nsubj,PRON,they,7,0
voicemail-neg.text.0,92,coming,6,6.497065171063486,0,0,0.0,ROOT,VERB,come,7,2
voicemail-neg.text.0,93,for,3,6.838540569153386,1,1,0.8,prep,ADP,for,7,3
voicemail-neg.text.0,94,you.,3,7.621769343182391,1,2,0.5,pobj,PRON,you,7,4
voicemail-neg.text.0,95,Get,3,6.6612218704330886,3,1,0.30000000000000004,punct,PUNCT,.,7,5
voicemail-neg.text.0,96,out,3,6.587184330308805,1,1,0.5,prt,ADP,out,8,1
voicemail-neg.text.0,97,while,5,5.543360188211741,3,2,1.5,mark,SCONJ,while,8,2
voicemail-neg.text.0,98,you,3,7.621769343182391,2,2,2.0,nsubj,PRON,you,8,3
voicemail-neg.text.0,99,still,5,5.896928359891161,1,2,0.6,advmod,ADV,still,8,4
voicemail-neg.text.0,100,"can.""",3,6.719948309126272,5,1,2.5,advcl,AUX,can,8,5
prize-neg.text.0,0,Second,6,5.454189113874769,1,2,0.5,compound,PROPN,Second,0,0
prize-neg.text.0,1,Place,5,5.780079573484288,11,1,11.6,nsubj,PROPN,Place,0,1
prize-neg.text.0,2,For,3,6.838540569153386,10,1,8.5,prep,ADP,for,0,2
prize-neg.text.0,3,as,2,6.345769610954118,1,3,0.6,advmod,ADV,as,0,3
prize-neg.text.0,4,long,4,5.829406704509388,2,2,1.0,pcomp,ADV,long,0,4
prize-neg.text.0,5,as,2,6.345769610954118,3,4,1.5,mark,SCONJ,as,0,5
prize-neg.text.0,6,she,3,6.572044028989929,2,4,2.0,nsubj,PRON,she,0,6
prize-neg.text.0,7,could,5,6.212078350946609,1,4,0.3,aux,AUX,could,0,7
prize-neg.text.0,8,"remember,",8,5.734375725571784,4,3,2.0,advcl,VERB,remember,0,8
prize-neg.text.0,9,Emma,4,4.196176185039973,3,1,0.30000000000000004,punct,PUNCT,",",0,9
prize-neg.text.0,10,had,3,6.789680109103924,1,1,0.3,aux,AUX,have,0,11
prize-neg.text.0,11,come,4,6.497065171063486,0,0,0.0,ROOT,VERB,come,0,12
prize-neg.text.0,12,in,2,6.990046118048168,1,1,0.8,prep,ADP,in,0,13
prize-neg.text.0,13,second,6,5.454189113874769,1,3,0.6,amod,ADJ,second,0,14
prize-neg.text.0,14,place.,5,5.780079573484288,2,2,1.0,pobj,NOUN,place,0,15
prize-neg.text.0,15,It,2,7.276377005067547,4,1,0.4,punct,PUNCT,.,0,16
prize-neg.text.0,16,wasn't,5,6.7594230602184195,12,1,6.7,ccomp,AUX,be,1,1
prize-neg.text.0,17,just,4,6.67661497234708,1,3,0.6,advmod,ADV,just,1,3
prize-neg.text.0,18,in,2,6.990046118048168,3,2,2.4000000000000004,prep,ADP,in,1,4
prize-neg.text.0,19,school,6,5.522600707830442,1,3,0.5,pobj,NOUN,school,1,5
prize-neg.text.0,20,or,2,6.231798245316826,2,3,1.0,cc,CCONJ,or,1,6
prize-neg.text.0,21,on,2,6.842342715684627,3,3,1.5,conj,ADP,on,1,7
prize-neg.text.0,22,the,3,7.469073206544746,2,5,0.6,det,DET,the,1,8
prize-neg.text.0,23,sports,6,4.298853076409706,1,5,0.5,compound,NOUN,sport,1,9
prize-neg.text.0,24,field,5,4.846337112129805,3,4,1.5,pobj,NOUN,field,1,10
prize-neg.text.0,25,–,0,,2,1,0.2,punct,PUNCT,–,1,11
prize-neg.text.0,26,it,2,7.276377005067547,1,1,1.0,nsubj,PRON,it,1,12
prize-neg.text.0,27,was,3,6.7594230602184195,0,0,0.0,ROOT,AUX,be,1,13
prize-neg.text.0,28,in,2,6.990046118048168,1,1,0.8,prep,ADP,in,1,14
prize-neg.text.0,29,every,5,5.739698896350719,1,3,0.3,det,DET,every,1,15
prize-neg.text.0,30,aspect,6,3.586587304671755,2,2,1.0,pobj,NOUN,aspect,1,16
prize-neg.text.0,31,of,2,7.063605036452092,1,3,0.8,prep,ADP,of,1,17
prize-neg.text.0,32,her,3,6.452678661106354,1,5,0.5,poss,PRON,her,1,18
prize-neg.text.0,33,life.,4,5.901267560474818,2,4,1.0,pobj,NOUN,life,1,19
prize-neg.text.0,34,Whether,7,4.826981336911993,7,1,0.9000000000000001,punct,PUNCT,.,1,20
prize-neg.text.0,35,it,2,7.276377005067547,1,2,1.0,nsubj,PRON,it,2,1
prize-neg.text.0,36,was,3,6.7594230602184195,14,1,7.9,advcl,AUX,be,2,2
prize-neg.text.0,37,a,1,7.3099551280128585,1,3,0.3,det,DET,a,2,3
prize-neg.text.0,38,"contest,",7,4.273695587930092,2,2,1.0,attr,NOUN,contest,2,4
prize-neg.text.0,39,a,1,7.3099551280128585,1,3,0.1,punct,PUNCT,",",2,5
prize-neg.text.0,40,"competition,",11,4.320146286111054,3,3,1.5,conj,NOUN,competition,2,7
prize-neg.text.0,41,or,2,6.231798245316826,1,4,0.1,punct,PUNCT,",",2,8
prize-neg.text.0,42,even,4,5.942464442760418,2,5,1.2,advmod,ADV,even,2,10
prize-neg.text.0,43,a,1,7.3099551280128585,1,5,0.3,det,DET,a,2,11
prize-neg.text.0,44,"relationship,",12,4.830524514097258,5,4,2.5,conj,NOUN,relationship,2,12
prize-neg.text.0,45,she,3,6.572044028989929,3,1,0.30000000000000004,punct,PUNCT,",",2,13
prize-neg.text.0,46,always,6,5.816407029618638,1,1,0.6,advmod,ADV,always,2,15
prize-neg.text.0,47,seemed,6,5.1455692977929886,0,0,0.0,ROOT,VERB,seem,2,16
prize-neg.text.0,48,to,2,7.355601686871925,1,2,0.3,aux,PART,to,2,17
prize-neg.text.0,49,fall,4,5.073754998123192,2,1,1.0,xcomp,VERB,fall,2,18
prize-neg.text.0,50,just,4,6.67661497234708,1,3,0.6,advmod,ADV,just,2,19
prize-neg.text.0,51,short,5,4.932625944021782,2,2,1.2,advmod,ADV,short,2,20
prize-neg.text.0,52,of,2,7.063605036452092,1,3,0.8,prep,ADP,of,2,21
prize-neg.text.0,53,the,3,7.469073206544746,2,5,0.6,det,DET,the,2,22
prize-neg.text.0,54,top,3,5.125253486024798,1,5,0.6,amod,ADJ,top,2,23
prize-neg.text.0,55,spot.,4,4.7893691535914815,3,4,1.5,pobj,NOUN,spot,2,24
prize-neg.text.0,56,As,2,6.345769610954118,9,1,1.3,punct,PUNCT,.,2,25
prize-neg.text.0,57,a,1,7.3099551280128585,1,3,0.3,det,DET,a,3,1
prize-neg.text.0,58,"child,",5,5.197693975083924,2,2,1.0,pobj,NOUN,child,3,2
prize-neg.text.0,59,she,3,6.572044028989929,3,1,0.30000000000000004,punct,PUNCT,",",3,3
prize-neg.text.0,60,would,5,6.247452782675624,1,1,0.3,aux,AUX,would,3,5
prize-neg.text.0,61,watch,5,5.518540259958009,0,0,0.0,ROOT,VERB,watch,3,6
prize-neg.text.0,62,in,2,6.990046118048168,1,1,0.8,prep,ADP,in,3,7
prize-neg.text.0,63,awe,3,3.419955748489758,1,2,0.5,pobj,NOUN,awe,3,8
prize-neg.text.0,64,as,2,6.345769610954118,5,2,2.5,mark,SCONJ,as,3,9
prize-neg.text.0,65,her,3,6.452678661106354,1,3,0.5,poss,PRON,her,3,10
prize-neg.text.0,66,siblings,8,2.9822712330395684,3,2,3.0,nsubj,NOUN,sibling,3,11
prize-neg.text.0,67,and,3,7.126710513400982,1,3,0.5,cc,CCONJ,and,3,12
prize-neg.text.0,68,friends,7,5.622514504672569,2,3,1.0,conj,NOUN,friend,3,13
prize-neg.text.0,69,took,4,6.276700715304874,8,1,4.3,advcl,VERB,take,3,14
prize-neg.text.0,70,home,4,5.888926085535086,1,2,0.6,advmod,ADV,home,3,15
prize-neg.text.0,71,the,3,7.469073206544746,1,3,0.3,det,DET,the,3,16
prize-neg.text.0,72,trophies,8,3.8779469516291885,3,2,3.0,dobj,NOUN,trophy,3,17
prize-neg.text.0,73,and,3,7.126710513400982,1,3,0.5,cc,CCONJ,and,3,18
prize-neg.text.0,74,"medals,",6,4.063333358951749,2,3,1.0,conj,NOUN,medal,3,19
prize-neg.text.0,75,while,5,5.543360188211741,6,2,0.7000000000000001,punct,PUNCT,",",3,20
prize-neg.text.0,76,she,3,6.572044028989929,2,3,1.0,nsubjpass,PRON,she,3,22
prize-neg.text.0,77,was,3,6.7594230602184195,1,3,0.5,auxpass,AUX,be,3,23
prize-neg.text.0,78,left,4,5.748738301606059,10,2,5.5,advcl,VERB,leave,3,24
prize-neg.text.0,79,with,4,6.703147736191453,1,3,0.8,prep,ADP,with,3,25
prize-neg.text.0,80,a,1,7.3099551280128585,2,5,0.6,det,DET,a,3,26
prize-neg.text.0,81,consolation,11,3.5622928644564746,1,5,0.5,compound,NOUN,consolation,3,27
prize-neg.text.0,82,prize,5,4.35005409357903,3,4,1.5,pobj,NOUN,prize,3,28
prize-neg.text.0,83,or,2,6.231798245316826,1,5,0.5,cc,CCONJ,or,3,29
prize-neg.text.0,84,a,1,7.3099551280128585,1,6,0.3,det,DET,a,3,30
prize-neg.text.0,85,pat,3,4.262213705476417,3,5,1.5,conj,NOUN,pat,3,31
prize-neg.text.0,86,on,2,6.842342715684627,1,6,0.8,prep,ADP,on,3,32
prize-neg.text.0,87,the,3,7.469073206544746,1,8,0.3,det,DET,the,3,33
prize-neg.text.0,88,back.,4,6.303014523283947,2,7,1.0,pobj,NOUN,back,3,34
prize-neg.text.0,89,Her,3,6.452678661106354,29,1,5.300000000000001,punct,PUNCT,.,3,35
prize-neg.text.0,90,parents,7,4.1185953652237615,2,1,2.0,nsubj,NOUN,parent,4,1
prize-neg.text.0,91,would,5,6.247452782675624,1,1,0.3,aux,AUX,would,4,2
prize-neg.text.0,92,try,3,5.678290701718043,0,0,0.0,ROOT,VERB,try,4,3
prize-neg.text.0,93,to,2,7.355601686871925,1,2,0.3,aux,PART,to,4,4
prize-neg.text.0,94,reassure,8,2.9444826721501687,2,1,1.0,xcomp,VERB,reassure,4,5
prize-neg.text.0,95,her,3,6.572044028989929,1,2,1.0,dobj,PRON,she,4,6
prize-neg.text.0,96,that,4,7.14956733263194,2,3,1.0,mark,SCONJ,that,4,7
prize-neg.text.0,97,it,2,7.276377005067547,1,3,1.0,nsubj,PRON,it,4,8
prize-neg.text.0,98,was,3,6.7594230602184195,4,2,2.0,ccomp,AUX,be,4,9
prize-neg.text.0,99,"okay,",4,6.302389379142763,1,3,0.5,acomp,ADJ,okay,4,10
prize-neg.text.0,100,that,4,7.14956733263194,2,3,0.2,punct,PUNCT,",",4,11
prize-neg.text.0,101,she,3,6.572044028989929,1,4,1.0,nsubj,PRON,she,4,13
prize-neg.text.0,102,was,3,6.7594230602184195,5,3,2.5,ccomp,AUX,be,4,14
prize-neg.text.0,103,still,5,5.896928359891161,1,4,0.6,advmod,ADV,still,4,15
prize-neg.text.0,104,a,1,7.3099551280128585,1,5,0.3,det,DET,a,4,16
prize-neg.text.0,105,winner,6,4.494432898726399,3,4,1.5,attr,NOUN,winner,4,17
prize-neg.text.0,106,in,2,6.990046118048168,1,5,0.8,prep,ADP,in,4,18
prize-neg.text.0,107,their,5,5.816347374238363,1,7,0.5,poss,PRON,their,4,19
prize-neg.text.0,108,"eyes,",4,5.0483641052798855,2,6,1.0,pobj,NOUN,eye,4,20
prize-neg.text.0,109,but,3,6.645173608800489,18,1,3.1,punct,PUNCT,",",4,21
prize-neg.text.0,110,Emma,4,4.196176185039973,3,2,3.0,nsubj,PROPN,Emma,4,23
prize-neg.text.0,111,couldn't,7,6.212078350946609,2,2,0.6,aux,AUX,could,4,24
prize-neg.text.0,112,shake,5,4.59802407233419,23,1,13.3,conj,VERB,shake,4,26
prize-neg.text.0,113,the,3,7.469073206544746,1,3,0.3,det,DET,the,4,27
prize-neg.text.0,114,feeling,7,5.225774348143929,2,2,2.0,dobj,NOUN,feeling,4,28
prize-neg.text.0,115,that,4,7.14956733263194,3,4,1.5,mark,SCONJ,that,4,29
prize-neg.text.0,116,she,3,6.572044028989929,2,4,1.0,nsubjpass,PRON,she,4,30
prize-neg.text.0,117,was,3,6.7594230602184195,1,4,0.5,auxpass,AUX,be,4,31
prize-neg.text.0,118,meant,5,6.094813398072274,4,3,2.0,acl,VERB,mean,4,32
prize-neg.text.0,119,for,3,6.838540569153386,1,4,0.8,prep,ADP,for,4,33
prize-neg.text.0,120,more.,4,6.113472054195492,1,5,0.5,pobj,ADJ,more,4,34
breakfast-pos.naturalness,0,How,3,6.485184613433453,1,2,0.6,advmod,SCONJ,how,0,0
breakfast-pos.naturalness,1,natural,7,4.6268534146667255,3,1,1.5,acomp,ADJ,natural,0,1
breakfast-pos.naturalness,2,and,3,7.126710513400982,1,2,0.5,cc,CCONJ,and,0,2
breakfast-pos.naturalness,3,fluent,6,3.0644579892269186,2,2,1.0,conj,ADJ,fluent,0,3
breakfast-pos.naturalness,4,was,3,6.7594230602184195,0,0,0.0,ROOT,AUX,be,0,4
breakfast-pos.naturalness,5,the,3,7.469073206544746,2,2,0.6,det,DET,the,0,5
breakfast-pos.naturalness,6,writing,7,5.103119253545714,1,2,0.5,compound,VERB,write,0,6
breakfast-pos.naturalness,7,style,5,4.478277831919605,3,1,1.5,attr,NOUN,style,0,7
breakfast-pos.naturalness,8,in,2,6.990046118048168,1,2,0.8,prep,ADP,in,0,8
breakfast-pos.naturalness,9,this,4,6.9019337688086235,1,4,0.3,det,DET,this,0,9
breakfast-pos.naturalness,10,text?,4,3.7193312869837265,2,3,1.0,pobj,NOUN,text,0,10
breakfast-pos.naturalness,11,4,0,5.78,7,1,0.9000000000000001,punct,PUNCT,?,0,11
breakfast-pos.naturalness,12,–,0,,1,1,0.1,punct,PUNCT,–,1,1
breakfast-pos.naturalness,13,very,4,6.093859261503438,1,3,0.6,advmod,ADV,very,1,2
breakfast-pos.naturalness,14,natural,7,4.6268534146667255,1,2,0.6,amod,ADJ,natural,1,3
breakfast-pos.naturalness,15,3,0,5.91,4,1,2.0,appos,NUM,3,1,4
breakfast-pos.naturalness,16,–,0,,1,2,0.1,punct,PUNCT,–,1,5
breakfast-pos.naturalness,17,rather,6,5.057742155828753,1,4,0.6,advmod,ADV,rather,1,6
breakfast-pos.naturalness,18,natural,7,4.6268534146667255,1,3,0.6,amod,ADJ,natural,1,7
breakfast-pos.naturalness,19,2,0,6.0,4,2,2.0,appos,NUM,2,1,8
breakfast-pos.naturalness,20,–,0,,1,3,0.1,punct,PUNCT,–,1,9
breakfast-pos.naturalness,21,rather,6,5.057742155828753,1,3,0.6,advmod,ADV,rather,1,10
breakfast-pos.naturalness,22,unnatural,9,3.4393326938302624,1,2,0.6,amod,ADJ,unnatural,1,11
breakfast-pos.naturalness,23,1,0,6.0,12,1,6.7,appos,NUM,1,1,12
breakfast-pos.naturalness,24,–,0,,1,2,0.1,punct,PUNCT,–,1,13
breakfast-pos.naturalness,25,very,4,6.093859261503438,1,3,0.6,advmod,ADV,very,1,14
breakfast-pos.naturalness,26,unnatural,9,3.4393326938302624,3,2,1.7999999999999998,amod,ADJ,unnatural,1,15
prize-zero.text.3,340,down,4,6.173264958940605,0,0,0.0,ROOT,ADP,down,0,0
prize-zero.text.3,341,her,3,6.452678661106354,1,2,0.5,poss,PRON,her,0,1
prize-zero.text.3,342,spine.,5,3.7596678446896306,2,1,1.0,pobj,NOUN,spine,0,2
prize-zero.text.3,343,"""We're",4,6.954816363956238,2,2,2.0,nsubj,PRON,we,1,1
prize-zero.text.3,344,talking,7,5.931966114728173,8,1,4.3,ccomp,VERB,talk,1,3
prize-zero.text.3,345,about,5,6.560084852586414,1,2,0.8,prep,ADP,about,1,4
prize-zero.text.3,346,your,4,6.809249200932795,1,4,0.5,poss,PRON,your,1,5
prize-zero.text.3,347,"writing,""",7,4.747567162737624,2,3,1.0,pobj,NOUN,writing,1,6
prize-zero.text.3,348,the,3,7.469073206544746,3,1,0.30000000000000004,punct,PUNCT,"""",1,8
prize-zero.text.3,349,woman,5,5.63811969986024,1,1,1.0,nsubj,NOUN,woman,1,10
prize-zero.text.3,350,replied.,7,3.681241237375587,0,0,0.0,ROOT,VERB,reply,1,11
prize-zero.text.3,351,"""You",3,7.621769343182391,6,1,0.7000000000000001,punct,PUNCT,"""",2,0
prize-zero.text.3,352,"see,",3,6.407684867368763,4,1,2.0,parataxis,VERB,see,2,2
prize-zero.text.3,353,your,4,6.809249200932795,3,1,0.30000000000000004,punct,PUNCT,",",2,3
prize-zero.text.3,354,stories,7,5.343959729007141,1,1,1.0,nsubj,NOUN,story,2,5
prize-zero.text.3,355,have,4,6.789680109103924,0,0,0.0,ROOT,VERB,have,2,6
prize-zero.text.3,356,the,3,7.469073206544746,1,2,0.3,det,DET,the,2,7
prize-zero.text.3,357,power,5,5.173244559061566,2,1,2.0,dobj,NOUN,power,2,8
prize-zero.text.3,358,to,2,7.355601686871925,1,3,0.3,aux,PART,to,2,9
prize-zero.text.3,359,shape,5,4.480581786829169,2,2,1.0,acl,VERB,shape,2,10
prize-zero.text.3,360,reality.,7,4.480725378988487,1,3,1.0,dobj,NOUN,reality,2,11
prize-zero.text.3,361,And,3,7.126710513400982,6,1,0.7000000000000001,punct,PUNCT,.,2,12
prize-zero.text.3,362,we,2,6.954816363956238,1,1,1.0,nsubj,PRON,we,3,1
prize-zero.text.3,363,want,4,6.440780033374006,0,0,0.0,ROOT,VERB,want,3,2
prize-zero.text.3,364,you,3,7.621769343182391,2,2,2.0,nsubj,PRON,you,3,3
prize-zero.text.3,365,to,2,7.355601686871925,1,2,0.3,aux,PART,to,3,4
prize-zero.text.3,366,use,3,5.536356398147367,3,1,1.5,ccomp,VERB,use,3,5
prize-zero.text.3,367,that,4,7.14956733263194,1,3,0.3,det,DET,that,3,6
prize-zero.text.3,368,power,5,5.173244559061566,2,2,2.0,dobj,NOUN,power,3,7
prize-zero.text.3,369,to,2,7.355601686871925,1,3,0.3,aux,PART,to,3,8
prize-zero.text.3,370,help,4,5.964316212111059,4,2,2.0,xcomp,VERB,help,3,9
prize-zero.text.3,371,us,2,6.954816363956238,1,4,1.0,nsubj,PRON,we,3,10
prize-zero.text.3,372,shape,5,4.480581786829169,2,3,1.0,ccomp,VERB,shape,3,11
prize-zero.text.3,373,the,3,7.469073206544746,1,5,0.3,det,DET,the,3,12
prize-zero.text.3,374,"world.""",5,5.658221334447711,2,4,2.0,dobj,NOUN,world,3,13
prize-zero.text.3,375,Emily,5,4.568670978009896,13,1,2.1,punct,PUNCT,"""",3,15
prize-zero.text.3,376,was,3,6.7594230602184195,1,1,0.5,auxpass,AUX,be,4,1
prize-zero.text.3,377,horrified.,9,2.146128035678238,0,0,0.0,ROOT,VERB,horrify,4,2
prize-zero.text.3,378,She,3,6.572044028989929,1,1,0.1,punct,PUNCT,.,4,3
prize-zero.text.3,379,had,3,6.789680109103924,2,1,0.6,aux,AUX,have,5,1
prize-zero.text.3,380,always,6,5.816407029618638,1,1,0.6,advmod,ADV,always,5,2
prize-zero.text.3,381,thought,7,6.429976634432498,0,0,0.0,ROOT,VERB,think,5,3
prize-zero.text.3,382,of,2,7.063605036452092,1,1,0.8,prep,ADP,of,5,4
prize-zero.text.3,383,her,3,6.452678661106354,1,3,0.5,poss,PRON,her,5,5
prize-zero.text.3,384,writing,7,4.747567162737624,2,2,1.0,pobj,NOUN,writing,5,6
prize-zero.text.3,385,as,2,6.345769610954118,4,1,3.2,prep,ADP,as,5,7
prize-zero.text.3,386,just,4,6.67661497234708,2,3,1.2,advmod,ADV,just,5,8
prize-zero.text.3,387,a,1,7.3099551280128585,1,3,0.3,det,DET,a,5,9
prize-zero.text.3,388,"hobby,",5,3.841359470454855,3,2,1.5,pobj,NOUN,hobby,5,10
prize-zero.text.3,389,not,3,6.734396540337466,1,3,0.1,punct,PUNCT,",",5,11
prize-zero.text.3,390,a,1,7.3099551280128585,1,4,0.3,det,DET,a,5,13
prize-zero.text.3,391,tool,4,4.031408464251624,4,3,2.0,appos,NOUN,tool,5,14
prize-zero.text.3,392,for,3,6.838540569153386,1,4,0.8,prep,ADP,for,5,15
prize-zero.text.3,393,manipulating,12,3.5403294747908736,1,5,0.5,pcomp,VERB,manipulate,5,16
prize-zero.text.3,394,reality.,7,4.480725378988487,1,6,1.0,dobj,NOUN,reality,5,17
prize-zero.text.3,395,But,3,6.645173608800489,15,1,2.5,punct,PUNCT,.,5,18
prize-zero.text.3,396,as,2,6.345769610954118,2,2,1.0,mark,SCONJ,as,6,1
prize-zero.text.3,397,she,3,6.572044028989929,1,2,1.0,nsubj,PRON,she,6,2
prize-zero.text.3,398,thought,7,6.429976634432498,5,1,2.5,advcl,VERB,think,6,3
prize-zero.text.3,399,about,5,6.560084852586414,1,2,0.8,prep,ADP,about,6,4
prize-zero.text.3,400,"it,",2,7.276377005067547,1,3,0.5,pobj,PRON,it,6,5
prize-zero.text.3,401,she,3,6.572044028989929,2,1,0.2,punct,PUNCT,",",6,6
prize-zero.text.3,402,realized,8,4.897956810006952,0,0,0.0,ROOT,VERB,realize,6,8
prize-zero.text.3,403,that,4,7.14956733263194,3,2,1.5,mark,SCONJ,that,6,9
prize-zero.text.3,404,the,3,7.469073206544746,1,3,0.3,det,DET,the,6,10
prize-zero.text.3,405,woman,5,5.63811969986024,1,2,1.0,nsubj,NOUN,woman,6,11
prize-zero.text.3,406,was,3,6.7594230602184195,4,1,2.0,ccomp,AUX,be,6,12
prize-zero.text.3,407,right.,5,6.602969969996897,1,2,0.5,acomp,ADJ,right,6,13
prize-zero.text.3,408,Her,3,6.452678661106354,6,1,0.7000000000000001,punct,PUNCT,.,6,14
prize-zero.text.3,409,stories,7,5.343959729007141,3,1,3.0,nsubj,NOUN,story,7,1
prize-zero.text.3,410,had,3,6.789680109103924,2,1,0.6,aux,AUX,have,7,2
prize-zero.text.3,411,always,6,5.816407029618638,1,1,0.6,advmod,ADV,always,7,3
prize-zero.text.3,412,seemed,6,5.1455692977929886,0,0,0.0,ROOT,VERB,seem,7,4
prize-zero.text.3,413,to,2,7.355601686871925,1,2,0.3,aux,PART,to,7,5
prize-zero.text.3,414,have,4,6.789680109103924,2,1,1.0,xcomp,VERB,have,7,6
prize-zero.text.3,415,a,1,7.3099551280128585,1,3,0.3,det,DET,a,7,7
prize-zero.text.3,416,life,4,5.901267560474818,2,2,2.0,dobj,NOUN,life,7,8
prize-zero.text.3,417,of,2,7.063605036452092,1,3,0.8,prep,ADP,of,7,9
prize-zero.text.3,418,their,5,5.816347374238363,1,5,0.5,poss,PRON,their,7,10
prize-zero.text.3,419,"own,",3,5.6620018793899165,2,4,1.0,pobj,ADJ,own,7,11
prize-zero.text.3,420,and,3,7.126710513400982,8,1,1.1,punct,PUNCT,",",7,12
prize-zero.text.3,421,now,3,6.505504055379278,4,2,2.4,advmod,ADV,now,7,14
prize-zero.text.3,422,she,3,6.572044028989929,3,2,1.5,nsubjpass,PRON,she,7,15
prize-zero.text.3,423,was,3,6.7594230602184195,2,2,0.6,aux,AUX,be,7,16
prize-zero.text.3,424,being,5,6.7594230602184195,1,2,0.5,auxpass,AUX,be,7,17
prize-zero.text.3,425,asked,5,5.684072994969725,14,1,7.9,conj,VERB,ask,7,18
prize-zero.text.3,426,to,2,7.355601686871925,1,2,0.8,prep,ADP,to,7,19
prize-zero.text.3,427,harness,7,3.416640507338281,1,3,0.5,pobj,NOUN,harness,7,20
prize-zero.text.3,428,that,4,7.14956733263194,1,3,0.3,det,DET,that,7,21
prize-zero.text.3,429,power.,5,5.173244559061566,4,2,4.0,dobj,NOUN,power,7,22
voicemail-pos.text.3,273,I,1,7.6017467520701825,1,1,1.0,nsubj,PRON,I,0,0
voicemail-pos.text.3,274,ducked,6,4.39375064034808,0,0,0.0,ROOT,VERB,duck,0,1
voicemail-pos.text.3,275,into,4,5.926645935044691,1,1,0.8,prep,ADP,into,0,2
voicemail-pos.text.3,276,a,1,7.3099551280128585,2,3,0.6,det,DET,a,0,3
voicemail-pos.text.3,277,nearby,6,3.9206450014067875,1,3,0.6,amod,ADJ,nearby,0,4
voicemail-pos.text.3,278,"alleyway,",8,2.8920946026904804,3,2,1.5,pobj,NOUN,alleyway,0,5
voicemail-pos.text.3,279,my,2,6.830122048692404,5,1,0.5,punct,PUNCT,",",0,6
voicemail-pos.text.3,280,breath,6,4.65243974758942,1,2,1.0,nsubj,NOUN,breath,0,8
voicemail-pos.text.3,281,coming,6,6.497065171063486,8,1,4.3,advcl,VERB,come,0,9
voicemail-pos.text.3,282,in,2,6.990046118048168,1,2,0.8,prep,ADP,in,0,10
voicemail-pos.text.3,283,ragged,6,3.1958996524092336,1,4,0.6,amod,ADJ,ragged,0,11
voicemail-pos.text.3,284,gasps.,5,3.2380461031287955,2,3,1.0,pobj,NOUN,gasp,0,12
voicemail-pos.text.3,285,"Suddenly,",8,4.74787770581979,12,1,1.9000000000000004,punct,PUNCT,.,0,13
voicemail-pos.text.3,286,the,3,7.469073206544746,3,2,0.30000000000000004,punct,PUNCT,",",1,1
voicemail-pos.text.3,287,figure,6,5.111833578148847,1,2,1.0,nsubj,NOUN,figure,1,3
voicemail-pos.text.3,288,"emerged,",7,3.2380461031287955,5,1,2.5,ccomp,VERB,emerge,1,4
voicemail-pos.text.3,289,its,3,5.234795588220642,4,1,0.4,punct,PUNCT,",",1,5
voicemail-pos.text.3,290,features,8,3.766412847112399,2,1,2.0,nsubj,NOUN,feature,1,7
voicemail-pos.text.3,291,still,5,5.896928359891161,1,1,0.6,advmod,ADV,still,1,8
voicemail-pos.text.3,292,obscured.,8,3.413299764081252,0,0,0.0,ROOT,VERB,obscure,1,9
voicemail-pos.text.3,293,"""They're",6,6.613095166038459,2,3,2.0,nsubj,PRON,they,2,1
voicemail-pos.text.3,294,"watching,""",8,5.518540259958009,4,2,2.0,ccomp,VERB,watch,2,3
voicemail-pos.text.3,295,it,2,7.276377005067547,2,2,0.2,punct,PUNCT,"""",2,5
voicemail-pos.text.3,296,"repeated,",8,4.5187770689267746,4,1,2.0,parataxis,VERB,repeat,2,7
voicemail-pos.text.3,297,its,3,5.234795588220642,1,2,0.1,punct,PUNCT,",",2,8
voicemail-pos.text.3,298,voice,5,4.935305690289924,1,1,1.0,nsubj,NOUN,voice,2,10
voicemail-pos.text.3,299,low,3,4.771881320190099,0,0,0.0,ROOT,ADJ,low,2,11
voicemail-pos.text.3,300,and,3,7.126710513400982,1,1,0.5,cc,CCONJ,and,2,12
voicemail-pos.text.3,301,menacing.,8,2.740362689494244,2,1,1.0,conj,ADJ,menacing,2,13
voicemail-pos.text.3,302,"""Don't",4,6.787856330946344,2,1,0.6,aux,AUX,do,3,1
voicemail-pos.text.3,303,trust,5,5.250858954599295,0,0,0.0,ROOT,VERB,trust,3,3
voicemail-pos.text.3,304,"anyone.""",6,5.406965750758948,1,1,1.0,dobj,PRON,anyone,3,4
voicemail-pos.text.3,305,I,1,7.6017467520701825,3,1,0.30000000000000004,punct,PUNCT,"""",3,6
voicemail-pos.text.3,306,stumbled,8,3.292256071356476,0,0,0.0,ROOT,VERB,stumble,4,1
voicemail-pos.text.3,307,"backward,",8,3.494154594018443,1,1,0.6,advmod,ADV,backward,4,2
voicemail-pos.text.3,308,tripping,8,3.57978359661681,2,1,0.2,punct,PUNCT,",",4,3
voicemail-pos.text.3,309,over,4,6.12165503058072,1,2,0.5,prt,ADP,over,4,5
voicemail-pos.text.3,310,my,2,6.830122048692404,2,4,1.0,poss,PRON,my,4,6
voicemail-pos.text.3,311,own,3,5.6620018793899165,1,4,0.6,amod,ADJ,own,4,7
voicemail-pos.text.3,312,feet.,4,4.8123785111541935,3,3,1.5,pobj,NOUN,foot,4,8
voicemail-pos.text.3,313,As,2,6.345769610954118,8,1,1.1,punct,PUNCT,.,4,9
voicemail-pos.text.3,314,I,1,7.6017467520701825,1,2,1.0,nsubj,PRON,I,5,1
voicemail-pos.text.3,315,"fell,",4,5.073754998123192,4,1,2.0,advcl,VERB,fall,5,2
voicemail-pos.text.3,316,the,3,7.469073206544746,3,1,0.30000000000000004,punct,PUNCT,",",5,3
voicemail-pos.text.3,317,figure,6,5.111833578148847,1,1,1.0,nsubj,NOUN,figure,5,5
voicemail-pos.text.3,318,"vanished,",8,3.505149978319906,0,0,0.0,ROOT,VERB,vanish,5,6
voicemail-pos.text.3,319,leaving,7,5.150418694479298,1,1,0.1,punct,PUNCT,",",5,7
voicemail-pos.text.3,320,me,2,7.6017467520701825,1,2,1.0,dobj,PRON,I,5,9
voicemail-pos.text.3,321,shaken,6,4.59802407233419,2,2,1.0,xcomp,VERB,shake,5,10
voicemail-pos.text.3,322,and,3,7.126710513400982,1,3,0.5,cc,CCONJ,and,5,11
voicemail-pos.text.3,323,bewildered.,10,1.6020599913279625,2,3,1.0,conj,VERB,bewilder,5,12
voicemail-pos.text.3,324,I,1,7.6017467520701825,7,1,0.9000000000000001,punct,PUNCT,.,5,13
voicemail-pos.text.3,325,scrambled,9,3.3820170425748683,0,0,0.0,ROOT,VERB,scramble,6,1
voicemail-pos.text.3,326,to,2,7.355601686871925,1,1,0.8,prep,ADP,to,6,2
voicemail-pos.text.3,327,my,2,6.830122048692404,1,3,0.5,poss,PRON,my,6,3
voicemail-pos.text.3,328,"feet,",4,4.8123785111541935,2,2,1.0,pobj,NOUN,foot,6,4
voicemail-pos.text.3,329,sprinting,9,2.255272505103306,4,1,0.4,punct,PUNCT,",",6,5
voicemail-pos.text.3,330,"home,",4,5.888926085535086,1,2,1.0,dobj,NOUN,home,6,7
voicemail-pos.text.3,331,the,3,7.469073206544746,2,2,0.2,punct,PUNCT,",",6,8
voicemail-pos.text.3,332,words,5,5.372083108574252,4,2,4.0,dobj,NOUN,word,6,10
voicemail-pos.text.3,333,echoing,7,3.8363241157067516,1,3,0.5,acl,VERB,echo,6,11
voicemail-pos.text.3,334,in,2,6.990046118048168,1,4,0.8,prep,ADP,in,6,12
voicemail-pos.text.3,335,my,2,6.830122048692404,1,6,0.5,poss,PRON,my,6,13
voicemail-pos.text.3,336,mind:,4,5.685392371625693,2,5,1.0,pobj,NOUN,mind,6,14
voicemail-pos.text.3,337,"""Don't",4,6.787856330946344,2,4,0.6,aux,AUX,do,6,17
voicemail-pos.text.3,338,trust,5,5.250858954599295,9,3,4.9,acl,VERB,trust,6,19
voicemail-pos.text.3,339,"anyone.""",6,5.406965750758948,1,4,1.0,dobj,PRON,anyone,6,20
delayed-pos.text.3,255,glimmer,7,2.8920946026904804,0,0,0.0,ROOT,NOUN,glimmer,0,0
delayed-pos.text.3,256,of,2,7.063605036452092,1,1,0.8,prep,ADP,of,0,1
delayed-pos.text.3,257,hope.,4,5.506004155026583,1,2,0.5,pobj,NOUN,hope,0,2
delayed-pos.text.3,258,Rachel's,7,4.15,2,2,1.0,poss,PROPN,Rachel,1,0
delayed-pos.text.3,259,"flight,",6,4.775901578891674,7,1,3.7,nsubjpass,NOUN,flight,1,2
delayed-pos.text.3,260,once,4,5.537668009845831,1,2,0.1,punct,PUNCT,",",1,3
delayed-pos.text.3,261,"delayed,",7,4.042181594515766,3,2,1.5,acl,VERB,delay,1,5
delayed-pos.text.3,262,was,3,6.75241187322089,4,2,0.4,punct,PUNCT,",",1,6
delayed-pos.text.3,263,now,3,6.505504055379278,1,1,0.6,advmod,ADV,now,1,8
delayed-pos.text.3,264,rescheduled.,11,3.5477747053878224,0,0,0.0,ROOT,VERB,reschedule,1,9
delayed-pos.text.3,265,Jack's,5,5.400693375123279,2,2,1.0,poss,PROPN,Jack,2,0
delayed-pos.text.3,266,"startup,",7,2.4313637641589874,3,1,3.0,nsubj,NOUN,startup,2,2
delayed-pos.text.3,267,once,4,5.537668009845831,1,2,0.1,punct,PUNCT,",",2,3
delayed-pos.text.3,268,"stalled,",7,3.952308009662125,0,0,0.0,ROOT,VERB,stall,2,5
delayed-pos.text.3,269,gained,6,3.714329759745233,1,1,0.1,punct,PUNCT,",",2,6
delayed-pos.text.3,270,renewed,7,3.338456493604605,1,3,0.6,amod,VERB,renew,2,8
delayed-pos.text.3,271,momentum.,8,3.2329961103921536,2,2,2.0,dobj,NOUN,momentum,2,9
delayed-pos.text.3,272,The,3,7.469073206544746,5,1,0.5,punct,PUNCT,.,2,10
delayed-pos.text.3,273,storm,5,4.489395921727129,2,2,2.0,nsubj,NOUN,storm,3,1
delayed-pos.text.3,274,outside,7,5.230500011841471,1,3,0.8,prep,ADP,outside,3,2
delayed-pos.text.3,275,"subsided,",8,2.591064607026499,4,1,2.0,ccomp,VERB,subside,3,3
delayed-pos.text.3,276,its,3,5.234795588220642,3,1,0.30000000000000004,punct,PUNCT,",",3,4
delayed-pos.text.3,277,fury,4,3.5820633629117085,1,1,1.0,nsubj,NOUN,fury,3,6
delayed-pos.text.3,278,spent.,5,4.969741976762854,0,0,0.0,ROOT,VERB,spend,3,7
delayed-pos.text.3,279,But,3,6.645173608800489,1,1,0.1,punct,PUNCT,.,3,8
delayed-pos.text.3,280,the,3,7.469073206544746,1,2,0.3,det,DET,the,4,1
delayed-pos.text.3,281,connection,10,4.434249452396475,7,1,7.2,nsubj,NOUN,connection,4,2
delayed-pos.text.3,282,forged,6,3.5118833609788744,1,2,0.5,acl,VERB,forge,4,3
delayed-pos.text.3,283,within,6,4.772028165324855,1,3,0.8,prep,ADP,within,4,4
delayed-pos.text.3,284,the,3,7.469073206544746,1,6,0.3,det,DET,the,4,5
delayed-pos.text.3,285,airport's,8,4.580240508265376,2,5,1.0,poss,NOUN,airport,4,6
delayed-pos.text.3,286,confines,8,2.9912260756924947,4,4,2.0,pobj,NOUN,confine,4,8
delayed-pos.text.3,287,"lingered,",8,3.161368002234975,0,0,0.0,ROOT,VERB,linger,4,9
delayed-pos.text.3,288,a,1,7.3099551280128585,1,1,0.1,punct,PUNCT,",",4,10
delayed-pos.text.3,289,testament,9,3.3710678622717363,3,1,3.0,dobj,NOUN,testament,4,12
delayed-pos.text.3,290,to,2,7.355601686871925,1,2,0.8,prep,ADP,to,4,13
delayed-pos.text.3,291,the,3,7.469073206544746,1,4,0.3,det,DET,the,4,14
delayed-pos.text.3,292,serendipity,11,2.7558748556724915,2,3,1.0,pobj,NOUN,serendipity,4,15
delayed-pos.text.3,293,of,2,7.063605036452092,1,4,0.8,prep,ADP,of,4,16
delayed-pos.text.3,294,strangers-turned-friends.,22,,,,,,,,,
goldfish-pos.text.0,0,One,3,6.48745513929058,3,2,1.5,nummod,NUM,one,0,0
goldfish-pos.text.0,1,Last,4,5.859198361533878,1,3,0.6,amod,ADJ,last,0,1
goldfish-pos.text.0,2,Wish,4,5.371289573064556,1,2,0.5,compound,PROPN,Wish,0,2
goldfish-pos.text.0,3,Emma,4,4.196176185039973,1,1,1.0,nsubj,PROPN,Emma,0,3
goldfish-pos.text.0,4,sat,3,5.4932488700574185,0,0,0.0,ROOT,VERB,sit,0,4
goldfish-pos.text.0,5,beside,6,4.181271771559461,1,1,0.8,prep,ADP,beside,0,5
goldfish-pos.text.0,6,her,3,6.452678661106354,1,4,0.5,poss,PRON,her,0,6
goldfish-pos.text.0,7,grandmother's,12,4.443732241401596,3,3,1.5,poss,NOUN,grandmother,0,7
goldfish-pos.text.0,8,hospital,8,5.094121595840561,1,3,0.5,compound,NOUN,hospital,0,9
goldfish-pos.text.0,9,"bed,",3,5.2721202088010966,5,2,2.5,pobj,NOUN,bed,0,10
goldfish-pos.text.0,10,clutching,9,2.8512583487190755,7,1,0.9000000000000001,punct,PUNCT,",",0,11
goldfish-pos.text.0,11,the,3,7.469073206544746,2,3,0.6,det,DET,the,0,13
goldfish-pos.text.0,12,plastic,7,4.273232834043045,1,3,0.6,amod,ADJ,plastic,0,14
goldfish-pos.text.0,13,container,9,3.632457292184724,3,2,3.0,dobj,NOUN,container,0,15
goldfish-pos.text.0,14,holding,7,5.64021302564462,4,2,2.0,xcomp,VERB,hold,0,16
goldfish-pos.text.0,15,her,3,6.452678661106354,2,4,1.0,poss,PRON,her,0,17
goldfish-pos.text.0,16,beloved,7,4.1058506743851435,1,4,0.6,amod,ADJ,beloved,0,18
goldfish-pos.text.0,17,"goldfish,",8,3.482873583608754,3,3,3.0,dobj,NOUN,goldfish,0,19
goldfish-pos.text.0,18,Finley.,6,3.06,1,4,0.1,punct,PUNCT,",",0,20
goldfish-pos.text.0,19,Finley's,7,3.06,5,3,2.5,poss,PROPN,Finley,1,0
goldfish-pos.text.0,20,once-vibrant,11,,,,,,,,,
goldfish-pos.text.0,21,scales,6,3.978180516937414,2,2,2.0,nsubj,NOUN,scale,1,5
goldfish-pos.text.0,22,now,3,6.505504055379278,1,2,0.6,advmod,ADV,now,1,6
goldfish-pos.text.0,23,"dulled,",6,4.082066934285113,4,1,2.0,ccomp,VERB,dull,1,7
goldfish-pos.text.0,24,his,3,6.327313969806467,3,1,0.30000000000000004,punct,PUNCT,",",1,8
goldfish-pos.text.0,25,movements,9,4.171433900943008,1,1,1.0,nsubj,NOUN,movement,1,10
goldfish-pos.text.0,26,sluggish.,8,2.8920946026904804,0,0,0.0,ROOT,VERB,sluggish,1,11
goldfish-pos.text.0,27,Emma's,5,4.196176185039973,2,3,1.0,poss,PROPN,Emma,2,0
goldfish-pos.text.0,28,grandmother's,12,4.443732241401596,2,2,1.0,poss,NOUN,grandmother,2,2
goldfish-pos.text.0,29,"eyes,",4,5.0483641052798855,6,1,6.1,nsubj,NOUN,eye,2,4
goldfish-pos.text.0,30,sunken,6,2.9542425094393248,1,2,0.1,punct,PUNCT,",",2,5
goldfish-pos.text.0,31,and,3,7.126710513400982,1,3,0.5,cc,CCONJ,and,2,7
goldfish-pos.text.0,32,"weak,",4,4.498448403174,2,3,1.0,conj,ADJ,weak,2,8
goldfish-pos.text.0,33,locked,6,4.718916686014861,5,2,0.5,punct,PUNCT,",",2,9
goldfish-pos.text.0,34,onto,4,4.564547711755948,1,1,0.8,prep,ADP,onto,2,11
goldfish-pos.text.0,35,hers.,4,6.452678661106354,1,2,0.5,pobj,NOUN,her,2,12
goldfish-pos.text.0,36,"""Grandma,",7,4.658869592201962,4,1,0.4,punct,PUNCT,"""",3,0
goldfish-pos.text.0,37,I'm,2,7.6017467520701825,1,1,1.0,nsubj,PRON,I,3,3
goldfish-pos.text.0,38,so,2,6.627791747945443,1,2,0.6,advmod,ADV,so,3,5
goldfish-pos.text.0,39,"sorry,""",5,6.067427969423003,2,1,1.0,acomp,ADJ,sorry,3,6
goldfish-pos.text.0,40,Emma,4,4.196176185039973,2,3,0.2,punct,PUNCT,"""",3,8
goldfish-pos.text.0,41,"whispered,",9,3.8976270912904414,3,2,1.5,parataxis,VERB,whisper,3,10
goldfish-pos.text.0,42,tears,5,4.349277527467955,1,3,0.1,punct,PUNCT,",",3,11
goldfish-pos.text.0,43,streaming,9,3.905256048748451,9,1,4.9,advcl,VERB,stream,3,13
goldfish-pos.text.0,44,down,4,6.173264958940605,1,2,0.5,prt,ADP,down,3,14
goldfish-pos.text.0,45,her,3,6.452678661106354,1,3,0.5,poss,PRON,her,3,15
goldfish-pos.text.0,46,face.,4,5.461138216074931,3,2,3.0,dobj,NOUN,face,3,16
goldfish-pos.text.0,47,Her,3,6.452678661106354,13,1,2.1,punct,PUNCT,.,3,17
goldfish-pos.text.0,48,grandmother's,12,4.443732241401596,2,2,1.0,poss,NOUN,grandmother,4,1
goldfish-pos.text.0,49,"voice,",5,4.935305690289924,7,1,7.2,nsubj,NOUN,voice,4,3
goldfish-pos.text.0,50,barely,6,4.463295609962003,1,2,0.1,punct,PUNCT,",",4,4
goldfish-pos.text.0,51,above,5,4.689131197234498,3,2,2.4000000000000004,prep,ADP,above,4,6
goldfish-pos.text.0,52,a,1,7.3099551280128585,1,4,0.3,det,DET,a,4,7
goldfish-pos.text.0,53,"whisper,",7,3.8976270912904414,2,3,1.0,pobj,NOUN,whisper,4,8
goldfish-pos.text.0,54,"replied,",7,3.0644579892269186,6,2,0.7000000000000001,punct,PUNCT,",",4,9
goldfish-pos.text.0,55,"""It's",3,7.276377005067547,1,2,1.0,nsubj,PRON,it,4,13
goldfish-pos.text.0,56,"okay,",4,6.302389379142763,1,2,0.5,acomp,ADJ,okay,4,15
goldfish-pos.text.0,57,sweetie.,7,4.728759475167874,2,2,0.2,punct,PUNCT,",",4,16
goldfish-pos.text.0,58,Finley's,7,3.06,3,1,3.0,nsubj,PROPN,Finley,5,0
goldfish-pos.text.0,59,been,4,6.7594230602184195,1,1,0.3,aux,AUX,be,5,2
goldfish-pos.text.0,60,taking,6,6.276700715304874,0,0,0.0,ROOT,VERB,take,5,3
goldfish-pos.text.0,61,care,4,5.6859655440604,1,1,1.0,dobj,NOUN,care,5,4
goldfish-pos.text.0,62,of,2,7.063605036452092,2,1,1.6,prep,ADP,of,5,5
goldfish-pos.text.0,63,"me,",2,7.6017467520701825,1,2,0.5,pobj,PRON,I,5,6
goldfish-pos.text.0,64,"too.""",3,6.137217977334606,4,1,0.4,punct,PUNCT,",",5,7
goldfish-pos.difficulty,0,How,3,6.485184613433453,1,2,0.6,advmod,SCONJ,how,0,0
goldfish-pos.difficulty,1,difficult,9,4.779307827583586,1,1,0.5,acomp,ADJ,difficult,0,1
goldfish-pos.difficulty,2,was,3,6.7594230602184195,0,0,0.0,ROOT,AUX,be,0,2
goldfish-pos.difficulty,3,this,4,6.9019337688086235,1,2,0.3,det,DET,this,0,3
goldfish-pos.difficulty,4,text,4,3.7193312869837265,2,1,2.0,nsubj,NOUN,text,0,4
goldfish-pos.difficulty,5,for,3,6.838540569153386,3,2,1.5,mark,SCONJ,for,0,5
goldfish-pos.difficulty,6,you,3,7.621769343182391,2,2,2.0,nsubj,PRON,you,0,6
goldfish-pos.difficulty,7,to,2,7.355601686871925,1,2,0.3,aux,PART,to,0,7
goldfish-pos.difficulty,8,read,4,5.382413313126266,6,1,3.1,advcl,VERB,read,0,8
goldfish-pos.difficulty,9,and,3,7.126710513400982,1,2,0.5,cc,CCONJ,and,0,9
goldfish-pos.difficulty,10,understand?,10,5.683452310738281,2,2,1.0,conj,VERB,understand,0,10
goldfish-pos.difficulty,11,4,0,5.78,9,1,1.3,punct,PUNCT,?,0,11
goldfish-pos.difficulty,12,–,0,,1,2,0.1,punct,PUNCT,–,1,1
goldfish-pos.difficulty,13,very,4,6.093859261503438,1,2,0.6,advmod,ADV,very,1,2
goldfish-pos.difficulty,14,difficult,9,4.779307827583586,9,1,5.8,amod,ADJ,difficult,1,3
goldfish-pos.difficulty,15,3,0,5.91,8,1,4.3,nummod,NUM,3,1,4
goldfish-pos.difficulty,16,–,0,,1,2,0.1,punct,PUNCT,–,1,5
goldfish-pos.difficulty,17,rather,6,5.057742155828753,1,4,0.6,advmod,ADV,rather,1,6
goldfish-pos.difficulty,18,difficult,9,4.779307827583586,1,3,0.6,amod,ADJ,difficult,1,7
goldfish-pos.difficulty,19,2,0,6.0,4,2,2.0,appos,NUM,2,1,8
goldfish-pos.difficulty,20,–,0,,1,3,0.1,punct,PUNCT,–,1,9
goldfish-pos.difficulty,21,rather,6,5.057742155828753,1,4,0.6,advmod,ADV,rather,1,10
goldfish-pos.difficulty,22,easy,4,5.42440789939746,3,3,1.7999999999999998,amod,ADJ,easy,1,11
goldfish-pos.difficulty,23,1,0,6.0,0,0,0.0,ROOT,NUM,1,1,12
goldfish-pos.difficulty,24,–,0,,1,1,0.1,punct,PUNCT,–,1,13
goldfish-pos.difficulty,25,very,4,6.093859261503438,1,2,0.6,advmod,ADV,very,1,14
goldfish-pos.difficulty,26,easy,4,5.42440789939746,3,1,1.7999999999999998,amod,ADJ,easy,1,15
prize-neg.naturalness,0,How,3,6.485184613433453,1,2,0.6,advmod,SCONJ,how,0,0
prize-neg.naturalness,1,natural,7,4.6268534146667255,3,1,1.5,acomp,ADJ,natural,0,1
prize-neg.naturalness,2,and,3,7.126710513400982,1,2,0.5,cc,CCONJ,and,0,2
prize-neg.naturalness,3,fluent,6,3.0644579892269186,2,2,1.0,conj,ADJ,fluent,0,3
prize-neg.naturalness,4,was,3,6.7594230602184195,0,0,0.0,ROOT,AUX,be,0,4
prize-neg.naturalness,5,the,3,7.469073206544746,2,2,0.6,det,DET,the,0,5
prize-neg.naturalness,6,writing,7,5.103119253545714,1,2,0.5,compound,VERB,write,0,6
prize-neg.naturalness,7,style,5,4.478277831919605,3,1,1.5,attr,NOUN,style,0,7
prize-neg.naturalness,8,in,2,6.990046118048168,1,2,0.8,prep,ADP,in,0,8
prize-neg.naturalness,9,this,4,6.9019337688086235,1,4,0.3,det,DET,this,0,9
prize-neg.naturalness,10,text?,4,3.7193312869837265,2,3,1.0,pobj,NOUN,text,0,10
prize-neg.naturalness,11,4,0,5.78,7,1,0.9000000000000001,punct,PUNCT,?,0,11
prize-neg.naturalness,12,–,0,,1,1,0.1,punct,PUNCT,–,1,1
prize-neg.naturalness,13,very,4,6.093859261503438,1,3,0.6,advmod,ADV,very,1,2
prize-neg.naturalness,14,natural,7,4.6268534146667255,1,2,0.6,amod,ADJ,natural,1,3
prize-neg.naturalness,15,3,0,5.91,4,1,2.0,appos,NUM,3,1,4
prize-neg.naturalness,16,–,0,,1,2,0.1,punct,PUNCT,–,1,5
prize-neg.naturalness,17,rather,6,5.057742155828753,1,4,0.6,advmod,ADV,rather,1,6
prize-neg.naturalness,18,natural,7,4.6268534146667255,1,3,0.6,amod,ADJ,natural,1,7
prize-neg.naturalness,19,2,0,6.0,4,2,2.0,appos,NUM,2,1,8
prize-neg.naturalness,20,–,0,,1,3,0.1,punct,PUNCT,–,1,9
prize-neg.naturalness,21,rather,6,5.057742155828753,1,3,0.6,advmod,ADV,rather,1,10
prize-neg.naturalness,22,unnatural,9,3.4393326938302624,1,2,0.6,amod,ADJ,unnatural,1,11
prize-neg.naturalness,23,1,0,6.0,12,1,6.7,appos,NUM,1,1,12
prize-neg.naturalness,24,–,0,,1,2,0.1,punct,PUNCT,–,1,13
prize-neg.naturalness,25,very,4,6.093859261503438,1,3,0.6,advmod,ADV,very,1,14
prize-neg.naturalness,26,unnatural,9,3.4393326938302624,3,2,1.7999999999999998,amod,ADJ,unnatural,1,15
breakfast-pos.question,0,What,4,6.993103217236282,2,2,0.6,det,PRON,what,0,0
breakfast-pos.question,1,unexpected,10,3.943494515906102,1,2,0.6,amod,ADJ,unexpected,0,1
breakfast-pos.question,2,event,5,4.421110129793434,1,1,1.0,nsubj,NOUN,event,0,2
breakfast-pos.question,3,disrupted,9,3.103803720955957,0,0,0.0,ROOT,VERB,disrupt,0,3
breakfast-pos.question,4,Rachel's,7,4.15,3,2,1.5,poss,PROPN,Rachel,0,4
breakfast-pos.question,5,usual,5,4.571009672309305,1,2,0.6,amod,ADJ,usual,0,6
breakfast-pos.question,6,breakfast?,9,4.82144801901753,4,1,4.0,dobj,NOUN,breakfast,0,7
breakfast-pos.question,7,The,3,7.469073206544746,5,1,0.5,punct,PUNCT,?,0,8
breakfast-pos.question,8,diner,5,4.093071306376063,2,2,1.2,amod,ADJ,diner,1,1
breakfast-pos.question,9,lost,4,5.215769708417643,1,2,0.6,amod,VERB,lose,1,2
breakfast-pos.question,10,power,5,5.173244559061566,3,1,3.0,nsubj,NOUN,power,1,3
breakfast-pos.question,11,suddenly,8,4.74787770581979,2,1,1.2,advmod,ADV,suddenly,1,4
breakfast-pos.question,12,Rachel,6,4.15,1,1,1.0,nsubj,PROPN,Rachel,1,5
breakfast-pos.question,13,received,8,4.288919605661727,0,0,0.0,ROOT,VERB,receive,1,6
breakfast-pos.question,14,a,1,7.3099551280128585,1,2,0.3,det,DET,a,1,7
breakfast-pos.question,15,meal,4,4.460296326757475,2,1,2.0,dobj,NOUN,meal,1,8
breakfast-pos.question,16,with,4,6.703147736191453,3,1,2.4000000000000004,prep,ADP,with,1,9
breakfast-pos.question,17,a,1,7.3099551280128585,2,3,0.6,det,DET,a,1,10
breakfast-pos.question,18,hidden,6,4.843170464519898,1,3,0.6,amod,VERB,hide,1,11
breakfast-pos.question,19,note,4,4.728759475167874,3,2,1.5,pobj,NOUN,note,1,12
breakfast-pos.question,20,A,1,7.3099551280128585,1,3,0.3,det,DET,a,1,13
breakfast-pos.question,21,stranger,8,4.431363764158987,1,2,1.0,nsubj,NOUN,stranger,1,14
breakfast-pos.question,22,joined,6,4.9213222435838215,9,1,4.9,conj,VERB,join,1,15
breakfast-pos.question,23,her,3,6.572044028989929,1,2,1.0,dobj,PRON,she,1,16
breakfast-pos.question,24,at,2,6.507464560676047,2,2,1.6,prep,ADP,at,1,17
breakfast-pos.question,25,the,3,7.469073206544746,1,4,0.3,det,DET,the,1,18
breakfast-pos.question,26,booth,5,4.308991029000164,2,3,1.0,pobj,NOUN,booth,1,19
breakfast-pos.question,27,Darla,5,2.58,1,4,0.5,appos,PROPN,Darla,1,20
breakfast-pos.question,28,forgot,6,5.442573829884634,15,1,8.5,conj,VERB,forget,1,21
breakfast-pos.question,29,her,3,6.452678661106354,1,3,0.5,poss,PRON,her,1,22
breakfast-pos.question,30,order,5,5.194708551575122,2,2,2.0,dobj,NOUN,order,1,23
breakfast-pos.question,31,entirely,8,4.30362797638389,3,2,1.7999999999999998,advmod,ADV,entirely,1,24
blackout-zero.text.2,202,One,3,6.48745513929058,2,2,1.0,nummod,NUM,one,0,0
blackout-zero.text.2,203,brave,5,4.501196242027088,1,2,0.6,amod,ADJ,brave,0,1
blackout-zero.text.2,204,"soul,",4,4.886265059029756,8,1,8.3,nsubj,NOUN,soul,0,2
blackout-zero.text.2,205,a,1,7.3099551280128585,1,2,0.1,punct,PUNCT,",",0,3
blackout-zero.text.2,206,young,5,5.385927854125336,1,3,0.6,amod,ADJ,young,0,5
blackout-zero.text.2,207,woman,5,5.63811969986024,4,2,2.0,appos,NOUN,woman,0,6
blackout-zero.text.2,208,named,5,5.80744031177937,1,3,0.5,acl,VERB,name,0,7
blackout-zero.text.2,209,"Sarah,",5,4.634880140766526,1,4,0.5,oprd,PROPN,Sarah,0,8
blackout-zero.text.2,210,decided,7,4.947678739936936,7,2,0.9000000000000001,punct,PUNCT,",",0,9
blackout-zero.text.2,211,to,2,7.355601686871925,1,2,0.3,aux,PART,to,0,11
blackout-zero.text.2,212,investigate,11,3.9763499790032735,2,1,1.0,xcomp,VERB,investigate,0,12
blackout-zero.text.2,213,further.,7,5.343920385393226,1,2,0.6,advmod,ADV,far,0,13
blackout-zero.text.2,214,She,3,6.572044028989929,4,1,0.4,punct,PUNCT,.,0,14
blackout-zero.text.2,215,pushed,6,4.848497018090367,0,0,0.0,ROOT,VERB,push,1,1
blackout-zero.text.2,216,open,4,5.505706061959787,1,1,0.6,advmod,ADJ,open,1,2
blackout-zero.text.2,217,the,3,7.469073206544746,3,2,0.8999999999999999,det,DET,the,1,3
blackout-zero.text.2,218,creaky,6,2.380211241711606,2,2,1.0,nmod,ADJ,creaky,1,4
blackout-zero.text.2,219,front,5,5.258996253248911,1,2,0.6,amod,ADJ,front,1,5
blackout-zero.text.2,220,door,4,5.465472080873497,5,1,5.0,dobj,NOUN,door,1,6
blackout-zero.text.2,221,and,3,7.126710513400982,6,1,3.1,cc,CCONJ,and,1,7
blackout-zero.text.2,222,stepped,7,5.074340942365077,7,1,3.7,conj,VERB,step,1,8
blackout-zero.text.2,223,"inside,",6,5.324837832312843,1,2,0.6,advmod,ADV,inside,1,9
blackout-zero.text.2,224,her,3,6.452678661106354,2,2,0.2,punct,PUNCT,",",1,10
blackout-zero.text.2,225,heart,5,5.387710089398605,11,1,11.6,dobj,NOUN,heart,1,12
blackout-zero.text.2,226,pounding,8,4.142389466118836,1,2,0.5,acl,VERB,pound,1,13
blackout-zero.text.2,227,in,2,6.990046118048168,1,3,0.8,prep,ADP,in,1,14
blackout-zero.text.2,228,her,3,6.452678661106354,1,5,0.5,poss,PRON,her,1,15
blackout-zero.text.2,229,chest.,5,4.612571954065176,2,4,1.0,pobj,NOUN,chest,1,16
blackout-zero.text.2,230,The,3,7.469073206544746,16,1,2.7,punct,PUNCT,.,1,17
blackout-zero.text.2,231,air,3,5.14307728417362,2,1,2.0,nsubj,NOUN,air,2,1
blackout-zero.text.2,232,inside,6,5.324837832312843,1,2,0.6,advmod,ADV,inside,2,2
blackout-zero.text.2,233,was,3,6.7594230602184195,0,0,0.0,ROOT,AUX,be,2,3
blackout-zero.text.2,234,stale,5,3.4653828514484184,1,1,0.5,acomp,ADJ,stale,2,4
blackout-zero.text.2,235,and,3,7.126710513400982,1,2,0.5,cc,CCONJ,and,2,5
blackout-zero.text.2,236,"musty,",5,2.690196080028514,2,2,1.0,conj,ADJ,musty,2,6
blackout-zero.text.2,237,and,3,7.126710513400982,4,1,0.4,punct,PUNCT,",",2,7
blackout-zero.text.2,238,the,3,7.469073206544746,2,3,0.6,det,DET,the,2,9
blackout-zero.text.2,239,only,4,6.034913080865008,1,3,0.6,amod,ADJ,only,2,10
blackout-zero.text.2,240,sound,5,5.156518864747027,1,2,1.0,nsubj,NOUN,sound,2,11
blackout-zero.text.2,241,was,3,6.7594230602184195,9,1,4.9,conj,AUX,be,2,12
blackout-zero.text.2,242,the,3,7.469073206544746,1,3,0.3,det,DET,the,2,13
blackout-zero.text.2,243,creaking,8,3.444044795918076,2,2,1.0,attr,NOUN,creaking,2,14
blackout-zero.text.2,244,of,2,7.063605036452092,1,3,0.8,prep,ADP,of,2,15
blackout-zero.text.2,245,the,3,7.469073206544746,3,5,0.8999999999999999,det,DET,the,2,16
blackout-zero.text.2,246,old,3,5.784574502891287,2,5,1.2,amod,ADJ,old,2,17
blackout-zero.text.2,247,wooden,6,3.8573324964312685,1,5,0.6,amod,ADJ,wooden,2,18
blackout-zero.text.2,248,floorboards,11,2.3979400086720375,4,4,2.0,pobj,NOUN,floorboard,2,19
blackout-zero.text.2,249,beneath,7,4.0655797147284485,6,3,4.9,prep,ADP,beneath,2,20
blackout-zero.text.2,250,her,3,6.452678661106354,1,5,0.5,poss,PRON,her,2,21
blackout-zero.text.2,251,feet.,4,4.8123785111541935,2,4,1.0,pobj,NOUN,foot,2,22
blackout-zero.text.2,252,As,2,6.345769610954118,11,2,1.7000000000000002,punct,PUNCT,.,2,23
blackout-zero.text.2,253,she,3,6.572044028989929,1,2,1.0,nsubj,PRON,she,3,1
blackout-zero.text.2,254,made,4,6.142311236003898,9,1,4.9,advcl,VERB,make,3,2
blackout-zero.text.2,255,her,3,6.452678661106354,1,4,0.5,poss,PRON,her,3,3
blackout-zero.text.2,256,way,3,6.153732569172379,1,3,0.5,npadvmod,NOUN,way,3,4
blackout-zero.text.2,257,deeper,6,4.1592663310934945,3,2,1.7999999999999998,advmod,ADV,deeply,3,5
blackout-zero.text.2,258,into,4,5.926645935044691,4,2,3.2,prep,ADP,into,3,6
blackout-zero.text.2,259,the,3,7.469073206544746,1,4,0.3,det,DET,the,3,7
blackout-zero.text.2,260,"house,",5,5.710963118995275,2,3,1.0,pobj,NOUN,house,3,8
blackout-zero.text.2,261,she,3,6.572044028989929,2,1,0.2,punct,PUNCT,",",3,9
blackout-zero.text.2,262,noticed,7,4.772688354682142,0,0,0.0,ROOT,VERB,notice,3,11
blackout-zero.text.2,263,something,9,6.1761375813299395,1,1,1.0,dobj,PRON,something,3,12
blackout-zero.text.2,264,strange.,7,4.936664513000075,1,2,0.6,amod,ADJ,strange,3,13
blackout-zero.text.2,265,The,3,7.469073206544746,3,1,0.30000000000000004,punct,PUNCT,.,3,14
blackout-zero.text.2,266,furniture,9,4.178401341533755,3,1,1.5,nsubjpass,NOUN,furniture,4,1
blackout-zero.text.2,267,was,3,6.7594230602184195,2,1,1.0,auxpass,AUX,be,4,2
blackout-zero.text.2,268,still,5,5.896928359891161,1,1,0.6,advmod,ADV,still,4,3
blackout-zero.text.2,269,arranged,8,4.190611797813605,0,0,0.0,ROOT,VERB,arrange,4,4
blackout-zero.text.2,270,as,2,6.345769610954118,6,2,3.1,mark,SCONJ,as,4,5
blackout-zero.text.2,271,if,2,6.549171303929439,5,2,2.5,mark,SCONJ,if,4,6
blackout-zero.text.2,272,the,3,7.469073206544746,1,3,0.3,det,DET,the,4,7
blackout-zero.text.2,273,occupants,9,2.9030899869919438,3,2,3.0,nsubj,NOUN,occupant,4,8
blackout-zero.text.2,274,had,3,6.789680109103924,2,2,0.6,aux,AUX,have,4,9
blackout-zero.text.2,275,just,4,6.67661497234708,1,2,0.6,advmod,ADV,just,4,10
blackout-zero.text.2,276,stepped,7,5.074340942365077,7,1,3.7,advcl,VERB,step,4,11
blackout-zero.text.2,277,out,3,6.587184330308805,1,2,0.6,advmod,ADV,out,4,12
blackout-zero.text.2,278,for,3,6.838540569153386,2,2,1.6,prep,ADP,for,4,13
blackout-zero.text.2,279,a,1,7.3099551280128585,1,4,0.3,det,DET,a,4,14
blackout-zero.text.2,280,"moment,",6,5.271934493817765,2,3,1.0,pobj,NOUN,moment,4,15
blackout-zero.text.2,281,leaving,7,5.150418694479298,5,2,0.5,punct,PUNCT,",",4,16
blackout-zero.text.2,282,their,5,5.816347374238363,1,4,0.5,poss,PRON,their,4,18
blackout-zero.text.2,283,drinks,6,5.393382140593857,2,3,2.0,dobj,NOUN,drink,4,19
blackout-zero.text.2,284,and,3,7.126710513400982,1,4,0.5,cc,CCONJ,and,4,20
blackout-zero.text.2,285,snacks,6,3.960946195733831,2,4,1.0,conj,NOUN,snack,4,21
blackout-zero.text.2,286,on,2,6.842342715684627,5,3,4.0,prep,ADP,on,4,22
blackout-zero.text.2,287,the,3,7.469073206544746,2,5,0.6,det,DET,the,4,23
blackout-zero.text.2,288,coffee,6,5.159958002678518,1,5,0.5,compound,NOUN,coffee,4,24
blackout-zero.text.2,289,table.,5,5.023787279789847,3,4,1.5,pobj,NOUN,table,4,25
blackout-zero.text.2,290,The,3,7.469073206544746,22,1,3.9000000000000004,punct,PUNCT,.,4,26
blackout-zero.text.2,291,TV,2,5.008344629252689,1,2,1.0,nsubj,NOUN,tv,5,1
blackout-zero.text.2,292,was,3,6.7594230602184195,6,1,3.1,ccomp,AUX,be,5,2
blackout-zero.text.2,293,still,5,5.896928359891161,1,2,0.6,advmod,ADV,still,5,3
blackout-zero.text.2,294,"on,",2,6.842342715684627,2,2,1.0,acomp,ADV,on,5,4
blackout-zero.text.2,295,the,3,7.469073206544746,3,1,0.30000000000000004,punct,PUNCT,",",5,5
blackout-zero.text.2,296,screen,6,4.369030221809153,1,1,1.0,nsubj,NOUN,screen,5,7
blackout-zero.text.2,297,flickering,10,2.838849090737255,0,0,0.0,ROOT,VERB,flicker,5,8
blackout-zero.text.2,298,with,4,6.703147736191453,1,1,0.8,prep,ADP,with,5,9
blackout-zero.text.2,299,a,1,7.3099551280128585,4,3,1.2,det,DET,a,5,10
blackout-zero.text.2,300,static-filled,12,,,,,,,,,
blackout-zero.text.2,301,image.,5,4.354684553954728,5,2,2.5,pobj,NOUN,image,5,14
blackout-zero.text.2,302,It,2,7.276377005067547,7,1,0.9000000000000001,punct,PUNCT,.,5,15
blackout-zero.text.2,303,was,3,6.7594230602184195,0,0,0.0,ROOT,AUX,be,6,1
blackout-zero.text.2,304,as,2,6.345769610954118,4,2,2.0,mark,SCONJ,as,6,2
blackout-zero.text.2,305,if,2,6.549171303929439,3,2,1.5,mark,SCONJ,if,6,3
blackout-zero.text.2,306,time,4,6.29195240223515,2,2,2.0,nsubj,NOUN,time,6,4
blackout-zero.text.2,307,had,3,6.789680109103924,1,2,0.3,aux,AUX,have,6,5
blackout-zero.text.2,308,stood,5,5.354492600589436,5,1,2.5,advcl,VERB,stand,6,6
blackout-zero.text.2,309,still.,5,5.896928359891161,1,2,0.6,advmod,ADV,still,6,7
blackout-zero.text.2,310,Sarah,5,4.634880140766526,7,1,0.9000000000000001,punct,PUNCT,.,6,8
blackout-zero.text.2,311,wandered,8,3.7678976160180904,0,0,0.0,ROOT,VERB,wander,7,1
blackout-zero.text.2,312,from,4,6.309430005221755,1,1,0.8,prep,ADP,from,7,2
blackout-zero.text.2,313,room,4,5.642968760855551,1,2,0.5,pobj,NOUN,room,7,3
blackout-zero.text.2,314,to,2,7.355601686871925,1,2,0.3,aux,PART,to,7,4
blackout-zero.text.2,315,"room,",4,5.642968760855551,4,1,2.0,advcl,VERB,room,7,5
blackout-zero.text.2,316,searching,9,4.224791956492681,5,1,0.5,punct,PUNCT,",",7,6
blackout-zero.text.2,317,for,3,6.838540569153386,1,2,0.8,prep,ADP,for,7,8
blackout-zero.text.2,318,any,3,6.041143881608951,1,4,0.3,det,DET,any,7,9
blackout-zero.text.2,319,sign,4,5.124732397720029,2,3,1.0,pobj,NOUN,sign,7,10
blackout-zero.text.2,320,of,2,7.063605036452092,1,4,0.8,prep,ADP,of,7,11
blackout-zero.text.2,321,life.,4,5.901267560474818,1,5,0.5,pobj,NOUN,life,7,12
blackout-zero.text.2,322,But,3,6.645173608800489,12,1,1.9000000000000004,punct,PUNCT,.,7,13
blackout-zero.text.2,323,there,5,6.638301521297118,1,1,0.5,expl,PRON,there,8,1
blackout-zero.text.2,324,was,3,6.7594230602184195,0,0,0.0,ROOT,VERB,be,8,2
voicemail-neg.text.1,101,Emily's,6,4.568670978009896,2,2,1.0,poss,PROPN,Emily,0,0
voicemail-neg.text.1,102,heart,5,5.387710089398605,1,1,1.0,nsubj,NOUN,heart,0,2
voicemail-neg.text.1,103,began,5,4.7557224449034585,0,0,0.0,ROOT,VERB,begin,0,3
voicemail-neg.text.1,104,to,2,7.355601686871925,1,2,0.3,aux,PART,to,0,4
voicemail-neg.text.1,105,pound,5,4.142389466118836,2,1,1.0,xcomp,VERB,pound,0,5
voicemail-neg.text.1,106,in,2,6.990046118048168,1,2,0.8,prep,ADP,in,0,6
voicemail-neg.text.1,107,her,3,6.452678661106354,1,4,0.5,poss,PRON,her,0,7
voicemail-neg.text.1,108,chest,5,4.612571954065176,2,3,1.0,pobj,NOUN,chest,0,8
voicemail-neg.text.1,109,as,2,6.345769610954118,2,3,1.0,mark,SCONJ,as,0,9
voicemail-neg.text.1,110,she,3,6.572044028989929,1,3,1.0,nsubj,PRON,she,0,10
voicemail-neg.text.1,111,listened,8,5.736221155349158,6,2,3.1,advcl,VERB,listen,0,11
voicemail-neg.text.1,112,to,2,7.355601686871925,1,3,0.8,prep,ADP,to,0,12
voicemail-neg.text.1,113,the,3,7.469073206544746,1,5,0.3,det,DET,the,0,13
voicemail-neg.text.1,114,message,7,4.961468555350786,2,4,1.0,pobj,NOUN,message,0,14
voicemail-neg.text.1,115,over,4,6.12165503058072,4,3,2.4,advmod,ADV,over,0,15
voicemail-neg.text.1,116,and,3,7.126710513400982,1,4,0.5,cc,CCONJ,and,0,16
voicemail-neg.text.1,117,"over,",4,6.12165503058072,2,4,1.0,conj,ADV,over,0,17
voicemail-neg.text.1,118,trying,6,5.651297401711899,13,2,2.1,punct,PUNCT,",",0,18
voicemail-neg.text.1,119,to,2,7.355601686871925,1,3,0.3,aux,PART,to,0,20
voicemail-neg.text.1,120,make,4,6.142311236003898,2,2,1.0,xcomp,VERB,make,0,21
voicemail-neg.text.1,121,sense,5,5.119915410257991,1,3,1.0,dobj,NOUN,sense,0,22
voicemail-neg.text.1,122,of,2,7.063605036452092,1,4,0.8,prep,ADP,of,0,23
voicemail-neg.text.1,123,it.,2,7.276377005067547,1,5,0.5,pobj,PRON,it,0,24
voicemail-neg.text.1,124,Who,3,6.346927740692434,22,1,3.9000000000000004,punct,PUNCT,.,0,25
voicemail-neg.text.1,125,was,3,6.7594230602184195,0,0,0.0,ROOT,AUX,be,1,1
voicemail-neg.text.1,126,this,4,6.9019337688086235,1,2,0.3,det,DET,this,1,2
voicemail-neg.text.1,127,person?,6,5.328134861543332,2,1,2.0,nsubj,NOUN,person,1,3
voicemail-neg.text.1,128,What,4,6.993103217236282,3,1,0.30000000000000004,punct,PUNCT,?,1,4
voicemail-neg.text.1,129,did,3,6.787856330946344,2,1,0.6,aux,AUX,do,2,1
voicemail-neg.text.1,130,they,4,6.613095166038459,1,1,1.0,nsubj,PRON,they,2,2
voicemail-neg.text.1,131,mean?,4,6.094813398072274,0,0,0.0,ROOT,VERB,mean,2,3
voicemail-neg.text.1,132,And,3,7.126710513400982,1,1,0.1,punct,PUNCT,?,2,4
voicemail-neg.text.1,133,who,3,6.346927740692434,2,1,2.0,nsubj,PRON,who,3,1
voicemail-neg.text.1,134,was,3,6.7594230602184195,1,1,0.3,aux,AUX,be,3,2
voicemail-neg.text.1,135,coming,6,6.497065171063486,0,0,0.0,ROOT,VERB,come,3,3
voicemail-neg.text.1,136,for,3,6.838540569153386,1,1,0.8,prep,ADP,for,3,4
voicemail-neg.text.1,137,her?,3,6.572044028989929,1,2,0.5,pobj,PRON,she,3,5
voicemail-neg.text.1,138,She,3,6.572044028989929,3,1,0.30000000000000004,punct,PUNCT,?,3,6
voicemail-neg.text.1,139,tried,5,5.678290701718043,0,0,0.0,ROOT,VERB,try,4,1
voicemail-neg.text.1,140,to,2,7.355601686871925,1,2,0.3,aux,PART,to,4,2
voicemail-neg.text.1,141,shake,5,4.59802407233419,2,1,1.0,xcomp,VERB,shake,4,3
voicemail-neg.text.1,142,off,3,6.071701627227895,1,2,0.5,prt,ADP,off,4,4
voicemail-neg.text.1,143,the,3,7.469073206544746,1,3,0.3,det,DET,the,4,5
voicemail-neg.text.1,144,feeling,7,5.225774348143929,3,2,3.0,dobj,NOUN,feeling,4,6
voicemail-neg.text.1,145,of,2,7.063605036452092,1,3,0.8,prep,ADP,of,4,7
voicemail-neg.text.1,146,"unease,",6,2.0,1,4,0.5,pobj,NOUN,unease,4,8
voicemail-neg.text.1,147,telling,7,5.280532844451383,8,1,1.1,punct,PUNCT,",",4,9
voicemail-neg.text.1,148,herself,7,4.719745492529577,1,2,1.0,dobj,PRON,herself,4,11
voicemail-neg.text.1,149,it,2,7.276377005067547,1,3,1.0,nsubj,PRON,it,4,12
voicemail-neg.text.1,150,was,3,6.7594230602184195,3,2,1.5,ccomp,AUX,be,4,13
voicemail-neg.text.1,151,just,4,6.67661497234708,2,4,1.2,advmod,ADV,just,4,14
voicemail-neg.text.1,152,a,1,7.3099551280128585,1,4,0.3,det,DET,a,4,15
voicemail-neg.text.1,153,prank,5,3.6020599913279625,3,3,1.5,attr,NOUN,prank,4,16
voicemail-neg.text.1,154,or,2,6.231798245316826,1,4,0.5,cc,CCONJ,or,4,17
voicemail-neg.text.1,155,a,1,7.3099551280128585,2,5,0.6,det,DET,a,4,18
voicemail-neg.text.1,156,wrong,5,5.718584720027436,1,5,0.6,amod,ADJ,wrong,4,19
voicemail-neg.text.1,157,number.,6,5.381908906005798,4,4,2.0,conj,NOUN,number,4,20
voicemail-neg.text.1,158,But,3,6.645173608800489,20,1,3.5,punct,PUNCT,.,4,21
voicemail-neg.text.1,159,the,3,7.469073206544746,1,2,0.3,det,DET,the,5,1
voicemail-neg.text.1,160,words,5,5.372083108574252,1,1,1.0,nsubj,NOUN,word,5,2
voicemail-neg.text.1,161,kept,4,5.846868828174237,0,0,0.0,ROOT,VERB,keep,5,3
voicemail-neg.text.1,162,echoing,7,3.8363241157067516,1,1,0.5,xcomp,VERB,echo,5,4
voicemail-neg.text.1,163,in,2,6.990046118048168,1,2,0.8,prep,ADP,in,5,5
voicemail-neg.text.1,164,her,3,6.452678661106354,1,4,0.5,poss,PRON,her,5,6
voicemail-neg.text.1,165,"mind,",4,5.685392371625693,2,3,1.0,pobj,NOUN,mind,5,7
voicemail-neg.text.1,166,"""They're",6,6.613095166038459,2,2,2.0,nsubj,PRON,they,5,10
voicemail-neg.text.1,167,coming,6,6.497065171063486,9,1,4.9,ccomp,VERB,come,5,12
voicemail-neg.text.1,168,for,3,6.838540569153386,1,2,0.8,prep,ADP,for,5,13
voicemail-neg.text.1,169,you.,3,7.621769343182391,1,3,0.5,pobj,PRON,you,5,14
voicemail-neg.text.1,170,Get,3,6.6612218704330886,3,2,0.30000000000000004,punct,PUNCT,.,5,15
voicemail-neg.text.1,171,out,3,6.587184330308805,1,1,0.5,prt,ADP,out,6,1
voicemail-neg.text.1,172,while,5,5.543360188211741,3,2,1.5,mark,SCONJ,while,6,2
voicemail-neg.text.1,173,you,3,7.621769343182391,2,2,2.0,nsubj,PRON,you,6,3
voicemail-neg.text.1,174,still,5,5.896928359891161,1,2,0.6,advmod,ADV,still,6,4
voicemail-neg.text.1,175,"can.""",3,6.719948309126272,5,1,2.5,advcl,AUX,can,6,5
voicemail-neg.text.1,176,As,2,6.345769610954118,7,1,0.9000000000000001,punct,PUNCT,"""",6,7
voicemail-neg.text.1,177,the,3,7.469073206544746,1,3,0.3,det,DET,the,7,1
voicemail-neg.text.1,178,days,4,5.904076884767221,1,2,1.0,nsubj,NOUN,day,7,2
voicemail-neg.text.1,179,went,4,6.578987422636267,4,1,2.0,advcl,VERB,go,7,3
voicemail-neg.text.1,180,"by,",2,6.127257098825985,1,2,0.6,advmod,ADP,by,7,4
voicemail-neg.text.1,181,Emily,5,4.568670978009896,2,1,0.2,punct,PUNCT,",",7,5
voicemail-neg.text.1,182,found,5,5.919580118612771,0,0,0.0,ROOT,VERB,find,7,7
voicemail-neg.text.1,183,herself,7,4.719745492529577,1,1,1.0,dobj,PRON,herself,7,8
voicemail-neg.text.1,184,on,2,6.842342715684627,2,1,1.6,prep,ADP,on,7,9
voicemail-neg.text.1,185,edge.,4,4.371252629124939,1,2,0.5,pobj,NOUN,edge,7,10
voicemail-neg.text.1,186,She,3,6.572044028989929,4,1,0.4,punct,PUNCT,.,7,11
voicemail-neg.text.1,187,couldn't,7,6.212078350946609,2,1,0.6,aux,AUX,could,8,1
voicemail-neg.text.1,188,shake,5,4.59802407233419,0,0,0.0,ROOT,VERB,shake,8,3
voicemail-neg.text.1,189,the,3,7.469073206544746,1,2,0.3,det,DET,the,8,4
voicemail-neg.text.1,190,feeling,7,5.225774348143929,2,1,2.0,dobj,NOUN,feeling,8,5
voicemail-neg.text.1,191,that,4,7.14956733263194,3,3,1.5,mark,SCONJ,that,8,6
voicemail-neg.text.1,192,someone,7,5.649451693528405,2,3,2.0,nsubj,PRON,someone,8,7
voicemail-neg.text.1,193,was,3,6.7594230602184195,1,3,0.3,aux,AUX,be,8,8
voicemail-neg.text.1,194,watching,8,5.518540259958009,4,2,2.0,acl,VERB,watch,8,9
voicemail-neg.text.1,195,"her,",3,6.572044028989929,1,3,1.0,dobj,PRON,she,8,10
voicemail-neg.text.1,196,waiting,7,5.324529377211993,8,1,1.1,punct,PUNCT,",",8,11
voicemail-neg.text.1,197,for,3,6.838540569153386,3,3,1.5,mark,SCONJ,for,8,13
voicemail-neg.text.1,198,her,3,6.572044028989929,2,3,2.0,nsubj,PRON,she,8,14
voicemail-neg.text.1,199,to,2,7.355601686871925,1,3,0.3,aux,PART,to,8,15
voicemail-neg.text.1,200,make,4,6.142311236003898,4,2,2.0,advcl,VERB,make,8,16
voicemail-neg.text.1,201,a,1,7.3099551280128585,2,4,0.6,det,DET,a,8,17
voicemail-neg.text.1,202,wrong,5,5.718584720027436,1,4,0.6,amod,ADJ,wrong,8,18
voicemail-neg.text.1,203,move.,4,5.621321714903541,3,3,3.0,dobj,NOUN,move,8,19
voicemail-neg.text.1,204,She,3,6.572044028989929,17,1,2.9000000000000004,punct,PUNCT,.,8,20
voicemail-neg.text.1,205,started,7,5.531606631932722,0,0,0.0,ROOT,VERB,start,9,1
voicemail-neg.text.1,206,to,2,7.355601686871925,1,2,0.3,aux,PART,to,9,2
voicemail-neg.text.1,207,vary,4,2.963787827345555,2,1,1.0,xcomp,VERB,vary,9,3
voicemail-neg.text.1,208,her,3,6.452678661106354,1,3,0.5,poss,PRON,her,9,4
voicemail-neg.text.1,209,"routine,",7,4.29754166781816,2,2,2.0,dobj,NOUN,routine,9,5
voicemail-neg.text.1,210,taking,6,5.381024781409826,3,2,0.30000000000000004,punct,PUNCT,",",9,6
voicemail-neg.text.1,211,different,9,5.321246212990591,1,4,0.6,amod,ADJ,different,9,8
voicemail-neg.text.1,212,routes,6,4.329397879361043,2,3,2.0,dobj,NOUN,route,9,9
voicemail-neg.text.1,213,to,2,7.355601686871925,3,3,2.4000000000000004,prep,ADP,to,9,10
voicemail-neg.text.1,214,work,4,5.902013775787815,1,4,0.5,pobj,VERB,work,9,11
voicemail-neg.text.1,215,and,3,7.126710513400982,1,5,0.5,cc,CCONJ,and,9,12
voicemail-neg.text.1,216,changing,8,5.380844126464665,2,5,1.0,conj,VERB,change,9,13
voicemail-neg.text.1,217,her,3,6.452678661106354,2,7,1.0,poss,PRON,her,9,14
voicemail-neg.text.1,218,daily,5,4.193958978019187,1,7,0.6,amod,ADJ,daily,9,15
voicemail-neg.text.1,219,habits.,6,4.1604685311190375,3,6,3.0,dobj,NOUN,habit,9,16
voicemail-neg.text.1,220,But,3,6.645173608800489,16,1,2.7,punct,PUNCT,.,9,17
blackout-zero.text.4,448,light,5,5.218010042984363,1,2,0.5,compound,PROPN,light,0,0
blackout-zero.text.4,449,bulb,4,3.593286067020457,1,1,1.0,nsubj,PROPN,bulb,0,1
blackout-zero.text.4,450,hung,4,5.1695274895532926,0,0,0.0,ROOT,VERB,hang,0,2
blackout-zero.text.4,451,from,4,6.309430005221755,1,1,0.8,prep,ADP,from,0,3
blackout-zero.text.4,452,the,3,7.469073206544746,1,3,0.3,det,DET,the,0,4
blackout-zero.text.4,453,"ceiling,",7,3.921686475483602,2,2,1.0,pobj,NOUN,ceiling,0,5
blackout-zero.text.4,454,casting,7,3.6190933306267428,4,1,0.4,punct,PUNCT,",",0,6
blackout-zero.text.4,455,an,2,6.270478525477336,2,3,0.6,det,DET,an,0,8
blackout-zero.text.4,456,eerie,5,3.2430380486862944,1,3,0.6,amod,ADJ,eerie,0,9
blackout-zero.text.4,457,glow,4,3.7596678446896306,3,2,3.0,dobj,NOUN,glow,0,10
blackout-zero.text.4,458,over,4,6.12165503058072,1,3,0.8,prep,ADP,over,0,11
blackout-zero.text.4,459,the,3,7.469073206544746,1,5,0.3,det,DET,the,0,12
blackout-zero.text.4,460,room.,4,5.642968760855551,2,4,1.0,pobj,NOUN,room,0,13
blackout-zero.text.4,461,But,3,6.645173608800489,12,1,1.9000000000000004,punct,PUNCT,.,0,14
blackout-zero.text.4,462,it,2,7.276377005067547,1,1,1.0,nsubj,PRON,it,1,1
blackout-zero.text.4,463,was,3,6.7594230602184195,0,0,0.0,ROOT,AUX,be,1,2
blackout-zero.text.4,464,not,3,6.734396540337466,1,1,0.5,neg,PART,not,1,3
blackout-zero.text.4,465,the,3,7.469073206544746,1,2,0.3,det,DET,the,1,4
blackout-zero.text.4,466,light,5,5.218010042984363,3,1,1.5,attr,NOUN,light,1,5
blackout-zero.text.4,467,that,4,7.14956733263194,1,3,1.0,nsubj,PRON,that,1,6
blackout-zero.text.4,468,caught,6,5.131971345281057,2,2,1.0,relcl,VERB,catch,1,7
blackout-zero.text.4,469,her,3,6.452678661106354,1,4,0.5,poss,PRON,her,1,8
blackout-zero.text.4,470,attention.,9,4.994185128202317,2,3,2.0,dobj,NOUN,attention,1,9
blackout-zero.text.4,471,It,2,7.276377005067547,8,1,1.1,punct,PUNCT,.,1,10
blackout-zero.text.4,472,was,3,6.7594230602184195,0,0,0.0,ROOT,AUX,be,2,1
blackout-zero.text.4,473,the,3,7.469073206544746,1,2,0.3,det,DET,the,2,2
blackout-zero.text.4,474,figure,6,5.111833578148847,2,1,1.0,attr,NOUN,figure,2,3
blackout-zero.text.4,475,standing,8,5.354492600589436,1,2,0.5,acl,VERB,stand,2,4
blackout-zero.text.4,476,in,2,6.990046118048168,1,3,0.8,prep,ADP,in,2,5
blackout-zero.text.4,477,the,3,7.469073206544746,1,5,0.3,det,DET,the,2,6
blackout-zero.text.4,478,center,6,4.660675788338524,2,4,1.0,pobj,NOUN,center,2,7
blackout-zero.text.4,479,of,2,7.063605036452092,1,5,0.8,prep,ADP,of,2,8
blackout-zero.text.4,480,the,3,7.469073206544746,1,7,0.3,det,DET,the,2,9
blackout-zero.text.4,481,"room,",4,5.642968760855551,2,6,1.0,pobj,NOUN,room,2,10
blackout-zero.text.4,482,its,3,5.234795588220642,10,1,1.5,punct,PUNCT,",",2,11
blackout-zero.text.4,483,back,4,6.303014523283947,12,1,6.7,dep,NOUN,back,2,13
blackout-zero.text.4,484,to,2,7.355601686871925,1,2,0.8,prep,ADP,to,2,14
blackout-zero.text.4,485,her.,3,6.572044028989929,1,3,0.5,pobj,PRON,she,2,15
blackout-zero.text.4,486,The,3,7.469073206544746,15,1,2.5,punct,PUNCT,.,2,16
blackout-zero.text.4,487,figure,6,5.111833578148847,1,1,1.0,nsubj,NOUN,figure,3,1
blackout-zero.text.4,488,was,3,6.7594230602184195,0,0,0.0,ROOT,AUX,be,3,2
blackout-zero.text.4,489,"motionless,",10,2.5185139398778875,1,1,0.5,attr,NOUN,motionless,3,3
blackout-zero.text.4,490,its,3,5.234795588220642,2,1,0.2,punct,PUNCT,",",3,4
blackout-zero.text.4,491,presence,8,4.319314304090512,1,2,1.0,nsubj,NOUN,presence,3,6
blackout-zero.text.4,492,seeming,7,5.1455692977929886,5,1,2.5,advcl,VERB,seem,3,7
blackout-zero.text.4,493,to,2,7.355601686871925,1,3,0.3,aux,PART,to,3,8
blackout-zero.text.4,494,fill,4,4.642860052584491,2,2,1.0,xcomp,VERB,fill,3,9
blackout-zero.text.4,495,the,3,7.469073206544746,2,4,0.6,det,DET,the,3,10
blackout-zero.text.4,496,entire,6,4.90200289135073,1,4,0.6,amod,ADJ,entire,3,11
blackout-zero.text.4,497,space.,5,4.819938569355395,3,3,3.0,dobj,NOUN,space,3,12
blackout-zero.text.4,498,Sarah,5,4.634880140766526,11,1,1.7000000000000002,punct,PUNCT,.,3,13
blackout-zero.text.4,499,felt,4,5.797433746145375,0,0,0.0,ROOT,VERB,feel,4,1
blackout-zero.text.4,500,a,1,7.3099551280128585,1,3,0.3,det,DET,a,4,2
blackout-zero.text.4,501,chill,5,4.210586024905156,1,2,1.0,nsubj,NOUN,chill,4,3
blackout-zero.text.4,502,run,3,5.544749971447908,3,1,1.5,ccomp,NOUN,run,4,4
blackout-zero.text.4,503,down,4,6.173264958940605,1,2,0.8,prep,ADP,down,4,5
blackout-zero.text.4,504,her,3,6.452678661106354,1,4,0.5,poss,PRON,her,4,6
blackout-zero.text.4,505,spine,5,3.7596678446896306,2,3,1.0,pobj,NOUN,spine,4,7
blackout-zero.text.4,506,as,2,6.345769610954118,2,3,1.0,mark,SCONJ,as,4,8
blackout-zero.text.4,507,she,3,6.572044028989929,1,3,1.0,nsubj,PRON,she,4,9
blackout-zero.text.4,508,realized,8,4.897956810006952,6,2,3.1,advcl,VERB,realize,4,10
blackout-zero.text.4,509,that,4,7.14956733263194,2,4,1.0,mark,SCONJ,that,4,11
blackout-zero.text.4,510,she,3,6.572044028989929,1,4,1.0,nsubj,PRON,she,4,12
blackout-zero.text.4,511,was,3,6.7594230602184195,3,3,1.5,ccomp,AUX,be,4,13
blackout-zero.text.4,512,not,3,6.734396540337466,1,4,0.5,neg,PART,not,4,14
blackout-zero.text.4,513,alone.,5,5.489297399166684,2,4,1.0,acomp,ADJ,alone,4,15
blackout-neg.text.0,0,The,3,7.469073206544746,2,2,0.6,det,DET,the,0,0
blackout-neg.text.0,1,Last,4,5.859198361533878,1,2,0.6,amod,ADJ,last,0,1
blackout-neg.text.0,2,Light,5,5.218010042984363,3,1,3.0,nsubj,NOUN,light,0,2
blackout-neg.text.0,3,On,2,6.842342715684627,1,2,0.8,prep,ADP,on,0,3
blackout-neg.text.0,4,It,2,7.276377005067547,1,3,0.5,pobj,PRON,it,0,4
blackout-neg.text.0,5,was,3,6.7594230602184195,0,0,0.0,ROOT,AUX,be,0,5
blackout-neg.text.0,6,as,2,6.345769610954118,5,2,2.5,mark,SCONJ,as,0,6
blackout-neg.text.0,7,if,2,6.549171303929439,4,2,2.0,mark,SCONJ,if,0,7
blackout-neg.text.0,8,the,3,7.469073206544746,1,3,0.3,det,DET,the,0,8
blackout-neg.text.0,9,world,5,5.658221334447711,2,2,2.0,nsubj,NOUN,world,0,9
blackout-neg.text.0,10,had,3,6.789680109103924,1,2,0.3,aux,AUX,have,0,10
blackout-neg.text.0,11,come,4,6.497065171063486,6,1,3.1,advcl,VERB,come,0,11
blackout-neg.text.0,12,to,2,7.355601686871925,1,2,0.8,prep,ADP,to,0,12
blackout-neg.text.0,13,a,1,7.3099551280128585,1,4,0.3,det,DET,a,0,13
blackout-neg.text.0,14,standstill.,10,2.7075701760979363,2,3,1.0,pobj,NOUN,standstill,0,14
blackout-neg.text.0,15,The,3,7.469073206544746,10,1,1.5,punct,PUNCT,.,0,15
blackout-neg.text.0,16,streets,7,5.170789590446391,2,1,1.0,nsubjpass,NOUN,street,1,1
blackout-neg.text.0,17,were,4,6.7594230602184195,1,1,0.5,auxpass,AUX,be,1,2
blackout-neg.text.0,18,shrouded,8,3.0086001717619175,0,0,0.0,ROOT,VERB,shroud,1,3
blackout-neg.text.0,19,in,2,6.990046118048168,1,1,0.8,prep,ADP,in,1,4
blackout-neg.text.0,20,an,2,6.270478525477336,2,3,0.6,det,DET,an,1,5
blackout-neg.text.0,21,inky,4,2.342422680822206,1,3,0.6,amod,ADJ,inky,1,6
blackout-neg.text.0,22,blackness,9,2.9444826721501687,3,2,1.5,pobj,NOUN,blackness,1,7
blackout-neg.text.0,23,that,4,7.14956733263194,1,4,1.0,nsubj,PRON,that,1,8
blackout-neg.text.0,24,seemed,6,5.1455692977929886,2,3,1.0,relcl,VERB,seem,1,9
blackout-neg.text.0,25,to,2,7.355601686871925,1,5,0.3,aux,PART,to,1,10
blackout-neg.text.0,26,have,4,6.789680109103924,2,4,1.0,xcomp,VERB,have,1,11
blackout-neg.text.0,27,a,1,7.3099551280128585,1,6,0.3,det,DET,a,1,12
blackout-neg.text.0,28,life,4,5.901267560474818,2,5,2.0,dobj,NOUN,life,1,13
blackout-neg.text.0,29,of,2,7.063605036452092,1,6,0.8,prep,ADP,of,1,14
blackout-neg.text.0,30,its,3,5.234795588220642,1,8,0.5,poss,PRON,its,1,15
blackout-neg.text.0,31,own.,3,5.6620018793899165,2,7,1.0,pobj,ADJ,own,1,16
blackout-neg.text.0,32,The,3,7.469073206544746,14,1,2.3000000000000003,punct,PUNCT,.,1,17
blackout-neg.text.0,33,only,4,6.034913080865008,1,2,0.6,amod,ADJ,only,2,1
blackout-neg.text.0,34,sound,5,5.156518864747027,1,1,1.0,nsubj,NOUN,sound,2,2
blackout-neg.text.0,35,was,3,6.7594230602184195,0,0,0.0,ROOT,AUX,be,2,3
blackout-neg.text.0,36,the,3,7.469073206544746,2,2,0.6,det,DET,the,2,4
blackout-neg.text.0,37,distant,7,3.9350031514536545,1,2,0.6,amod,ADJ,distant,2,5
blackout-neg.text.0,38,hum,3,3.6830470382388496,3,1,1.5,attr,NOUN,hum,2,6
blackout-neg.text.0,39,of,2,7.063605036452092,1,2,0.8,prep,ADP,of,2,7
blackout-neg.text.0,40,generators,10,3.755112266395071,1,3,0.5,pobj,NOUN,generator,2,8
blackout-neg.text.0,41,and,3,7.126710513400982,3,2,1.5,cc,CCONJ,and,2,9
blackout-neg.text.0,42,the,3,7.469073206544746,2,3,0.6,det,DET,the,2,10
blackout-neg.text.0,43,occasional,10,3.591064607026499,1,3,0.6,amod,ADJ,occasional,2,11
blackout-neg.text.0,44,bark,4,3.739572344450092,6,2,3.1,conj,NOUN,bark,2,12
blackout-neg.text.0,45,of,2,7.063605036452092,1,3,0.8,prep,ADP,of,2,13
blackout-neg.text.0,46,a,1,7.3099551280128585,1,5,0.3,det,DET,a,2,14
blackout-neg.text.0,47,dog.,3,5.285197122810969,2,4,1.0,pobj,NOUN,dog,2,15
blackout-neg.text.0,48,But,3,6.645173608800489,13,1,2.1,punct,PUNCT,.,2,16
blackout-neg.text.0,49,in,2,6.990046118048168,10,1,8.5,prep,ADP,in,3,1
blackout-neg.text.0,50,one,3,6.48745513929058,1,3,0.5,nummod,NUM,one,3,2
blackout-neg.text.0,51,house,5,5.710963118995275,2,2,1.0,pobj,NOUN,house,3,3
blackout-neg.text.0,52,on,2,6.842342715684627,1,3,0.8,prep,ADP,on,3,4
blackout-neg.text.0,53,Elm,3,3.155336037465062,1,5,0.5,compound,PROPN,Elm,3,5
blackout-neg.text.0,54,"Street,",6,5.170789590446391,2,4,1.0,pobj,PROPN,Street,3,6
blackout-neg.text.0,55,a,1,7.3099551280128585,4,1,0.4,punct,PUNCT,",",3,7
blackout-neg.text.0,56,lone,4,3.720159303405957,1,2,0.6,amod,ADJ,lone,3,9
blackout-neg.text.0,57,light,5,5.218010042984363,1,1,1.0,nsubj,NOUN,light,3,10
blackout-neg.text.0,58,flickered,9,2.838849090737255,0,0,0.0,ROOT,VERB,flicker,3,11
blackout-neg.text.0,59,to,2,7.355601686871925,1,1,0.8,prep,ADP,to,3,12
blackout-neg.text.0,60,life.,4,5.901267560474818,1,2,0.5,pobj,NOUN,life,3,13
blackout-neg.text.0,61,At,2,6.507464560676047,3,1,0.30000000000000004,punct,PUNCT,.,3,14
blackout-neg.text.0,62,"first,",5,5.924573885946655,1,2,0.5,pcomp,ADV,first,4,1
blackout-neg.text.0,63,it,2,7.276377005067547,2,1,0.2,punct,PUNCT,",",4,2
blackout-neg.text.0,64,was,3,6.7594230602184195,0,0,0.0,ROOT,AUX,be,4,4
blackout-neg.text.0,65,just,4,6.67661497234708,3,2,1.7999999999999998,advmod,ADV,just,4,5
blackout-neg.text.0,66,a,1,7.3099551280128585,2,2,0.6,det,DET,a,4,6
blackout-neg.text.0,67,faint,5,3.9670797341444968,1,2,0.6,amod,ADJ,faint,4,7
blackout-neg.text.0,68,"glow,",4,3.7596678446896306,4,1,2.0,attr,NOUN,glow,4,8
blackout-neg.text.0,69,but,3,6.645173608800489,5,1,0.5,punct,PUNCT,",",4,9
blackout-neg.text.0,70,as,2,6.345769610954118,7,2,5.800000000000001,prep,ADP,as,4,11
blackout-neg.text.0,71,the,3,7.469073206544746,1,4,0.3,det,DET,the,4,12
blackout-neg.text.0,72,minutes,7,5.57690545132324,2,3,1.0,pobj,NOUN,minute,4,13
blackout-neg.text.0,73,ticked,6,3.8603380065709936,1,4,0.5,acl,VERB,tick,4,14
blackout-neg.text.0,74,"by,",2,6.127257098825985,1,5,0.8,prep,ADP,by,4,15
blackout-neg.text.0,75,it,2,7.276377005067547,2,2,0.2,punct,PUNCT,",",4,16
blackout-neg.text.0,76,grew,4,4.774443968924965,14,1,7.9,conj,VERB,grow,4,18
blackout-neg.text.0,77,brighter,8,4.647480773173676,1,2,0.5,acomp,ADJ,bright,4,19
blackout-neg.text.0,78,and,3,7.126710513400982,1,3,0.5,cc,CCONJ,and,4,20
blackout-neg.text.0,79,brighter,8,4.647480773173676,2,3,1.0,conj,ADJ,bright,4,21
blackout-neg.text.0,80,until,5,5.4806823063254875,5,3,2.5,mark,SCONJ,until,4,22
blackout-neg.text.0,81,the,3,7.469073206544746,2,4,0.6,det,DET,the,4,23
blackout-neg.text.0,82,entire,6,4.90200289135073,1,4,0.6,amod,ADJ,entire,4,24
blackout-neg.text.0,83,house,5,5.710963118995275,2,3,1.0,nsubjpass,NOUN,house,4,25
blackout-neg.text.0,84,was,3,6.7594230602184195,1,3,0.5,auxpass,AUX,be,4,26
blackout-neg.text.0,85,bathed,6,3.399673721481038,9,2,4.9,advcl,VERB,bathe,4,27
blackout-neg.text.0,86,in,2,6.990046118048168,1,3,0.8,prep,ADP,in,4,28
blackout-neg.text.0,87,a,1,7.3099551280128585,4,5,1.2,det,DET,a,4,29
blackout-neg.text.0,88,"warm,",4,4.71717102683231,3,5,1.7999999999999998,amod,ADJ,warm,4,30
blackout-neg.text.0,89,golden,6,4.366796383286729,2,5,0.2,punct,PUNCT,",",4,31
blackout-neg.text.0,90,light.,5,5.218010042984363,5,4,2.5,pobj,NOUN,light,4,33
blackout-neg.text.0,91,It,2,7.276377005067547,16,2,2.7,punct,PUNCT,.,4,34
blackout-neg.text.0,92,was,3,6.7594230602184195,0,0,0.0,ROOT,AUX,be,5,1
blackout-neg.text.0,93,as,2,6.345769610954118,10,2,5.5,mark,SCONJ,as,5,2
blackout-neg.text.0,94,if,2,6.549171303929439,9,2,4.9,mark,SCONJ,if,5,3
blackout-neg.text.0,95,the,3,7.469073206544746,2,3,0.6,det,DET,the,5,4
blackout-neg.text.0,96,very,4,6.093859261503438,1,3,0.6,amod,ADJ,very,5,5
blackout-neg.text.0,97,essence,7,3.7505083948513462,6,2,3.1,nsubjpass,NOUN,essence,5,6
blackout-neg.text.0,98,of,2,7.063605036452092,1,3,0.8,prep,ADP,of,5,7
blackout-neg.text.0,99,the,3,7.469073206544746,1,5,0.3,det,DET,the,5,8
blackout-neg.text.0,100,sun,3,4.843045810534569,2,4,1.0,pobj,NOUN,sun,5,9
blackout-neg.text.0,101,had,3,6.789680109103924,2,2,0.6,aux,AUX,have,5,10
blackout-neg.text.0,102,been,4,6.7594230602184195,1,2,0.5,auxpass,AUX,be,5,11
blackout-neg.text.0,103,bottled,7,4.70543604658525,11,1,6.1,advcl,VERB,bottle,5,12
blackout-neg.text.0,104,and,3,7.126710513400982,1,2,0.5,cc,CCONJ,and,5,13
blackout-neg.text.0,105,placed,6,5.780079573484288,2,2,1.0,conj,VERB,place,5,14
blackout-neg.text.0,106,within,6,4.772028165324855,1,3,0.8,prep,ADP,within,5,15
blackout-neg.text.0,107,the,3,7.469073206544746,1,5,0.3,det,DET,the,5,16
blackout-neg.text.0,108,walls,5,4.849357981661299,2,4,1.0,pobj,NOUN,wall,5,17
blackout-neg.text.0,109,of,2,7.063605036452092,1,5,0.8,prep,ADP,of,5,18
blackout-neg.text.0,110,that,4,7.14956733263194,2,7,0.6,det,DET,that,5,19
blackout-neg.text.0,111,one,3,6.48745513929058,1,7,0.5,nummod,NUM,one,5,20
blackout-neg.text.0,112,house.,5,5.710963118995275,3,6,1.5,pobj,NOUN,house,5,21
prize-pos.question,0,What,4,6.993103217236282,4,1,4.0,dobj,PRON,what,0,0
prize-pos.question,1,does,4,6.787856330946344,3,1,0.8999999999999999,aux,AUX,do,0,1
prize-pos.question,2,Emma,4,4.196176185039973,2,1,2.0,nsubj,PROPN,Emma,0,2
prize-pos.question,3,ultimately,10,3.7520484478194387,1,1,0.6,advmod,ADV,ultimately,0,3
prize-pos.question,4,give,4,6.067375908674526,0,0,0.0,ROOT,VERB,give,0,4
prize-pos.question,5,up,2,6.564666064252089,1,1,0.5,prt,ADP,up,0,5
prize-pos.question,6,by,2,6.127257098825985,2,1,1.6,prep,ADP,by,0,6
prize-pos.question,7,signing,7,5.124732397720029,1,2,0.5,pcomp,VERB,sign,0,7
prize-pos.question,8,the,3,7.469073206544746,1,4,0.3,det,DET,the,0,8
prize-pos.question,9,contract?,8,4.509874285004719,2,3,2.0,dobj,NOUN,contract,0,9
prize-pos.question,10,Her,3,6.452678661106354,6,1,0.7000000000000001,punct,PUNCT,?,0,10
prize-pos.question,11,relationships,13,4.830524514097258,0,0,0.0,ROOT,NOUN,relationship,1,1
prize-pos.question,12,with,4,6.703147736191453,1,1,0.8,prep,ADP,with,1,2
prize-pos.question,13,friends,7,5.622514504672569,1,2,0.5,pobj,NOUN,friend,1,3
prize-pos.question,14,Her,3,6.452678661106354,2,4,1.0,poss,PRON,her,1,4
prize-pos.question,15,wooden,6,3.8573324964312685,1,4,0.6,amod,ADJ,wooden,1,5
prize-pos.question,16,figurine,8,2.4313637641589874,3,3,1.5,appos,NOUN,figurine,1,6
prize-pos.question,17,Her,3,6.452678661106354,1,2,0.5,poss,PRON,her,1,7
prize-pos.question,18,chance,6,5.382449319798916,7,1,3.7,appos,NOUN,chance,1,8
prize-pos.question,19,at,2,6.507464560676047,1,2,0.8,prep,ADP,at,1,9
prize-pos.question,20,winning,7,5.129206357747529,1,3,0.5,pcomp,VERB,win,1,10
prize-pos.question,21,future,6,5.014898386946205,1,5,0.6,amod,ADJ,future,1,11
prize-pos.question,22,contests,8,4.273695587930092,2,4,2.0,dobj,NOUN,contest,1,12
prize-pos.question,23,Her,3,6.452678661106354,1,5,0.5,poss,PRON,her,1,13
prize-pos.question,24,originality,11,2.7708520116421442,4,4,4.0,dobj,NOUN,originality,1,14
prize-pos.question,25,and,3,7.126710513400982,1,5,0.5,cc,CCONJ,and,1,15
prize-pos.question,26,individuality,13,2.9242792860618816,2,5,1.0,conj,NOUN,individuality,1,16
voicemail-neg.interest,0,How,3,6.485184613433453,1,2,0.6,advmod,SCONJ,how,0,0
voicemail-neg.interest,1,interesting,11,4.937969002951452,3,1,1.5,acomp,ADJ,interesting,0,1
voicemail-neg.interest,2,did,3,6.787856330946344,2,1,0.6,aux,AUX,do,0,2
voicemail-neg.interest,3,you,3,7.621769343182391,1,1,1.0,nsubj,PRON,you,0,3
voicemail-neg.interest,4,find,4,5.919580118612771,0,0,0.0,ROOT,VERB,find,0,4
voicemail-neg.interest,5,this,4,6.9019337688086235,1,2,0.3,det,DET,this,0,5
voicemail-neg.interest,6,text?,4,3.7193312869837265,2,1,2.0,dobj,NOUN,text,0,6
voicemail-neg.interest,7,4,0,5.78,3,1,0.30000000000000004,punct,PUNCT,?,0,7
voicemail-neg.interest,8,–,0,,1,2,0.1,punct,PUNCT,–,1,1
voicemail-neg.interest,9,very,4,6.093859261503438,1,3,0.6,advmod,ADV,very,1,2
voicemail-neg.interest,10,interesting,11,4.937969002951452,3,2,1.7999999999999998,amod,ADJ,interesting,1,3
voicemail-neg.interest,11,3,0,5.91,1,3,0.5,nummod,NUM,3,1,4
voicemail-neg.interest,12,–,0,,5,2,0.5,punct,PUNCT,–,1,5
voicemail-neg.interest,13,rather,6,5.057742155828753,1,1,0.6,advmod,ADV,rather,1,6
voicemail-neg.interest,14,interesting,11,4.937969002951452,0,0,0.0,ROOT,ADJ,interesting,1,7
voicemail-neg.interest,15,2,0,6.0,1,1,0.5,nummod,NUM,2,1,8
voicemail-neg.interest,16,–,0,,1,2,0.1,punct,PUNCT,–,1,9
voicemail-neg.interest,17,rather,6,5.057742155828753,1,3,0.6,advmod,ADV,rather,1,10
voicemail-neg.interest,18,boring,6,4.437909035539498,3,2,1.7999999999999998,amod,ADJ,boring,1,11
voicemail-neg.interest,19,1,0,6.0,1,3,0.5,nummod,NUM,1,1,12
voicemail-neg.interest,20,–,0,,1,4,0.1,punct,PUNCT,–,1,13
voicemail-neg.interest,21,very,4,6.093859261503438,1,3,0.6,advmod,ADV,very,1,14
voicemail-neg.interest,22,boring,6,4.437909035539498,7,2,4.4,amod,ADJ,boring,1,15
voicemail-neg.text.3,333,With,4,6.703147736191453,7,1,5.800000000000001,prep,ADP,with,0,0
voicemail-neg.text.3,334,a,1,7.3099551280128585,1,3,0.3,det,DET,a,0,1
voicemail-neg.text.3,335,sense,5,5.119915410257991,2,2,1.0,pobj,NOUN,sense,0,2
voicemail-neg.text.3,336,of,2,7.063605036452092,1,3,0.8,prep,ADP,of,0,3
voicemail-neg.text.3,337,"determination,",13,3.444044795918076,1,4,0.5,pobj,NOUN,determination,0,4
voicemail-neg.text.3,338,Emily,5,4.568670978009896,2,1,0.2,punct,PUNCT,",",0,5
voicemail-neg.text.3,339,started,7,5.531606631932722,0,0,0.0,ROOT,VERB,start,0,7
voicemail-neg.text.3,340,to,2,7.355601686871925,1,2,0.3,aux,PART,to,0,8
voicemail-neg.text.3,341,dig,3,4.66482994114309,2,1,1.0,xcomp,VERB,dig,0,9
voicemail-neg.text.3,342,into,4,5.926645935044691,1,2,0.8,prep,ADP,into,0,10
voicemail-neg.text.3,343,her,3,6.452678661106354,1,4,0.5,poss,PRON,her,0,11
voicemail-neg.text.3,344,"past,",4,5.092580300691311,2,3,1.0,pobj,NOUN,past,0,12
voicemail-neg.text.3,345,searching,9,4.224791956492681,6,1,0.7000000000000001,punct,PUNCT,",",0,13
voicemail-neg.text.3,346,for,3,6.838540569153386,1,2,0.8,prep,ADP,for,0,15
voicemail-neg.text.3,347,any,3,6.041143881608951,1,4,0.3,det,DET,any,0,16
voicemail-neg.text.3,348,clues,5,4.245759355967277,2,3,1.0,pobj,NOUN,clue,0,17
voicemail-neg.text.3,349,that,4,7.14956733263194,2,5,2.0,nsubj,PRON,that,0,18
voicemail-neg.text.3,350,might,5,5.712944181356935,1,5,0.3,aux,AUX,might,0,19
voicemail-neg.text.3,351,lead,4,4.920384242178358,3,4,1.5,relcl,VERB,lead,0,20
voicemail-neg.text.3,352,her,3,6.572044028989929,1,5,1.0,dobj,PRON,she,0,21
voicemail-neg.text.3,353,to,2,7.355601686871925,2,5,1.6,prep,ADP,to,0,22
voicemail-neg.text.3,354,the,3,7.469073206544746,1,7,0.3,det,DET,the,0,23
voicemail-neg.text.3,355,person,6,5.328134861543332,2,6,1.0,pobj,NOUN,person,0,24
voicemail-neg.text.3,356,who,3,6.346927740692434,1,8,1.0,nsubj,PRON,who,0,25
voicemail-neg.text.3,357,left,4,5.748738301606059,2,7,1.0,relcl,VERB,leave,0,26
voicemail-neg.text.3,358,the,3,7.469073206544746,1,9,0.3,det,DET,the,0,27
voicemail-neg.text.3,359,message.,7,4.961468555350786,2,8,2.0,dobj,NOUN,message,0,28
voicemail-neg.text.3,360,It,2,7.276377005067547,22,1,3.9000000000000004,punct,PUNCT,.,0,29
voicemail-neg.text.3,361,was,3,6.7594230602184195,0,0,0.0,ROOT,AUX,be,1,1
voicemail-neg.text.3,362,a,1,7.3099551280128585,1,2,0.3,det,DET,a,1,2
voicemail-neg.text.3,363,journey,7,4.299725153975636,2,1,1.0,attr,NOUN,journey,1,3
voicemail-neg.text.3,364,that,4,7.14956733263194,2,3,2.0,nsubj,PRON,that,1,4
voicemail-neg.text.3,365,would,5,6.247452782675624,1,3,0.3,aux,AUX,would,1,5
voicemail-neg.text.3,366,take,4,6.276700715304874,3,2,1.5,relcl,VERB,take,1,6
voicemail-neg.text.3,367,her,3,6.572044028989929,1,3,1.0,dobj,PRON,she,1,7
voicemail-neg.text.3,368,down,4,6.173264958940605,2,3,1.6,prep,ADP,down,1,8
voicemail-neg.text.3,369,a,1,7.3099551280128585,2,5,0.6,det,DET,a,1,9
voicemail-neg.text.3,370,rabbit,6,4.3209766773428235,1,5,0.5,compound,NOUN,rabbit,1,10
voicemail-neg.text.3,371,hole,4,4.765072201102791,3,4,1.5,pobj,NOUN,hole,1,11
voicemail-neg.text.3,372,of,2,7.063605036452092,1,5,0.8,prep,ADP,of,1,12
voicemail-neg.text.3,373,secrets,7,5.039453778961736,1,6,0.5,pobj,NOUN,secret,1,13
voicemail-neg.text.3,374,and,3,7.126710513400982,1,7,0.5,cc,CCONJ,and,1,14
voicemail-neg.text.3,375,"lies,",4,5.080085085045869,2,7,1.0,conj,NOUN,lie,1,15
voicemail-neg.text.3,376,but,3,6.645173608800489,15,1,2.5,punct,PUNCT,",",1,16
voicemail-neg.text.3,377,she,3,6.572044028989929,1,2,1.0,nsubj,PRON,she,1,18
voicemail-neg.text.3,378,was,3,6.7594230602184195,18,1,10.3,conj,AUX,be,1,19
voicemail-neg.text.3,379,determined,10,4.1192558892779365,1,2,0.5,acomp,ADJ,determined,1,20
voicemail-neg.text.3,380,to,2,7.355601686871925,1,4,0.3,aux,PART,to,1,21
voicemail-neg.text.3,381,uncover,7,3.2833012287035497,2,3,1.0,xcomp,VERB,uncover,1,22
voicemail-neg.text.3,382,the,3,7.469073206544746,1,5,0.3,det,DET,the,1,23
voicemail-neg.text.3,383,truth.,5,5.283708189047465,2,4,2.0,dobj,NOUN,truth,1,24
voicemail-neg.text.3,384,As,2,6.345769610954118,6,2,0.7000000000000001,punct,PUNCT,.,1,25
voicemail-neg.text.3,385,she,3,6.572044028989929,1,2,1.0,nsubj,PRON,she,2,1
voicemail-neg.text.3,386,delved,6,2.4313637641589874,9,1,4.9,advcl,VERB,delve,2,2
voicemail-neg.text.3,387,deeper,6,4.1592663310934945,1,2,0.6,advmod,ADV,deeply,2,3
voicemail-neg.text.3,388,into,4,5.926645935044691,2,2,1.6,prep,ADP,into,2,4
voicemail-neg.text.3,389,the,3,7.469073206544746,1,4,0.3,det,DET,the,2,5
voicemail-neg.text.3,390,"mystery,",7,4.360971883725936,2,3,1.0,pobj,NOUN,mystery,2,6
voicemail-neg.text.3,391,Emily,5,4.568670978009896,4,1,0.4,punct,PUNCT,",",2,7
voicemail-neg.text.3,392,couldn't,7,6.212078350946609,2,1,0.6,aux,AUX,could,2,9
voicemail-neg.text.3,393,shake,5,4.59802407233419,0,0,0.0,ROOT,VERB,shake,2,11
voicemail-neg.text.3,394,the,3,7.469073206544746,1,2,0.3,det,DET,the,2,12
voicemail-neg.text.3,395,feeling,7,5.225774348143929,2,1,2.0,dobj,NOUN,feeling,2,13
voicemail-neg.text.3,396,that,4,7.14956733263194,3,3,1.5,mark,SCONJ,that,2,14
voicemail-neg.text.3,397,she,3,6.572044028989929,2,3,2.0,nsubj,PRON,she,2,15
voicemail-neg.text.3,398,was,3,6.7594230602184195,1,3,0.3,aux,AUX,be,2,16
voicemail-neg.text.3,399,running,7,5.544749971447908,4,2,2.0,acl,VERB,run,2,17
voicemail-neg.text.3,400,out,3,6.587184330308805,1,3,0.8,prep,ADP,out,2,18
voicemail-neg.text.3,401,of,2,7.063605036452092,1,4,0.8,prep,ADP,of,2,19
voicemail-neg.text.3,402,time.,4,6.29195240223515,1,5,0.5,pobj,NOUN,time,2,20
voicemail-neg.text.3,403,And,3,7.126710513400982,10,1,1.5,punct,PUNCT,.,2,21
voicemail-neg.text.3,404,she,3,6.572044028989929,1,1,1.0,nsubj,PRON,she,3,1
voicemail-neg.text.3,405,knew,4,6.757485611771434,0,0,0.0,ROOT,VERB,know,3,2
voicemail-neg.text.3,406,that,4,7.14956733263194,2,2,1.0,mark,SCONJ,that,3,3
voicemail-neg.text.3,407,she,3,6.572044028989929,1,2,1.0,nsubj,PRON,she,3,4
voicemail-neg.text.3,408,had,3,6.789680109103924,3,1,1.5,ccomp,VERB,have,3,5
voicemail-neg.text.3,409,to,2,7.355601686871925,1,3,0.3,aux,PART,to,3,6
voicemail-neg.text.3,410,get,3,6.6612218704330886,2,2,1.0,xcomp,VERB,get,3,7
voicemail-neg.text.3,411,out,3,6.587184330308805,1,3,0.5,prt,ADP,out,3,8
voicemail-neg.text.3,412,while,5,5.543360188211741,3,4,1.5,mark,SCONJ,while,3,9
voicemail-neg.text.3,413,she,3,6.572044028989929,2,4,2.0,nsubj,PRON,she,3,10
voicemail-neg.text.3,414,still,5,5.896928359891161,1,4,0.6,advmod,ADV,still,3,11
voicemail-neg.text.3,415,could.,5,6.212078350946609,5,3,2.5,advcl,AUX,could,3,12
delayed-pos.question,0,What,4,6.993103217236282,1,2,0.3,det,PRON,what,0,0
delayed-pos.question,1,best,4,6.475765589907652,1,1,0.6,advmod,ADV,well,0,1
delayed-pos.question,2,describes,9,4.229937685907934,0,0,0.0,ROOT,VERB,describe,0,2
delayed-pos.question,3,the,3,7.469073206544746,1,2,0.3,det,DET,the,0,3
delayed-pos.question,4,relationship,12,4.830524514097258,2,1,2.0,dobj,NOUN,relationship,0,4
delayed-pos.question,5,between,7,5.243385345371658,1,2,0.8,prep,ADP,between,0,5
delayed-pos.question,6,Rachel,6,4.15,1,3,0.5,pobj,PROPN,Rachel,0,6
delayed-pos.question,7,and,3,7.126710513400982,1,4,0.5,cc,CCONJ,and,0,7
delayed-pos.question,8,Jack?,4,5.400693375123279,2,4,1.0,conj,PROPN,Jack,0,8
delayed-pos.question,9,They,4,6.613095166038459,7,1,0.9000000000000001,punct,PUNCT,?,0,9
delayed-pos.question,10,met,3,5.546875659391229,0,0,0.0,ROOT,VERB,meet,1,1
delayed-pos.question,11,during,6,4.880356199419236,1,1,0.8,prep,ADP,during,1,2
delayed-pos.question,12,a,1,7.3099551280128585,1,3,0.3,det,DET,a,1,3
delayed-pos.question,13,storm,5,4.489395921727129,2,2,1.0,pobj,NOUN,storm,1,4
delayed-pos.question,14,and,3,7.126710513400982,4,1,2.0,cc,CCONJ,and,1,5
delayed-pos.question,15,became,6,5.06284511327705,5,1,2.5,conj,VERB,become,1,6
delayed-pos.question,16,friends.,7,5.622514504672569,1,2,0.5,attr,NOUN,friend,1,7
delayed-pos.question,17,They,4,6.613095166038459,7,1,0.9000000000000001,punct,PUNCT,.,1,8
delayed-pos.question,18,were,4,6.7594230602184195,0,0,0.0,ROOT,AUX,be,2,1
delayed-pos.question,19,business,8,5.506505032404872,1,2,0.5,compound,NOUN,business,2,2
delayed-pos.question,20,partners,8,4.87633332908638,2,1,1.0,attr,NOUN,partner,2,3
delayed-pos.question,21,before,6,5.899897071530102,3,1,2.4000000000000004,prep,ADP,before,2,4
delayed-pos.question,22,the,3,7.469073206544746,2,3,0.6,det,DET,the,2,5
delayed-pos.question,23,flight,6,4.775901578891674,1,3,0.5,compound,NOUN,flight,2,6
delayed-pos.question,24,delay.,5,4.042181594515766,3,2,1.5,pobj,NOUN,delay,2,7
delayed-pos.question,25,They,4,6.613095166038459,7,1,0.9000000000000001,punct,PUNCT,.,2,8
delayed-pos.question,26,argued,6,4.295567099962479,0,0,0.0,ROOT,VERB,argue,3,1
delayed-pos.question,27,about,5,6.560084852586414,1,1,0.8,prep,ADP,about,3,2
delayed-pos.question,28,missed,6,5.669920938681443,1,3,0.6,amod,VERB,miss,3,3
delayed-pos.question,29,flights.,7,4.775901578891674,2,2,1.0,pobj,NOUN,flight,3,4
delayed-pos.question,30,They,4,6.613095166038459,4,1,0.4,punct,PUNCT,.,3,5
delayed-pos.question,31,were,4,6.7594230602184195,0,0,0.0,ROOT,AUX,be,4,1
delayed-pos.question,32,longtime,8,2.724275869600789,1,2,0.6,amod,ADJ,longtime,4,2
delayed-pos.question,33,friends,7,5.622514504672569,2,1,1.0,attr,NOUN,friend,4,3
delayed-pos.question,34,reuniting.,9,2.8512583487190755,1,2,0.5,acl,VERB,reunite,4,4
blackout-zero.text.0,0,The,3,7.469073206544746,2,2,0.6,det,DET,the,0,0
blackout-zero.text.0,1,Last,4,5.859198361533878,1,2,0.6,amod,ADJ,last,0,1
blackout-zero.text.0,2,Light,5,5.218010042984363,4,1,4.0,nsubj,NOUN,light,0,2
blackout-zero.text.0,3,On,2,6.842342715684627,1,2,0.8,prep,ADP,on,0,3
blackout-zero.text.0,4,The,3,7.469073206544746,1,4,0.3,det,DET,the,0,4
blackout-zero.text.0,5,darkness,8,4.242789809478676,2,3,1.0,pobj,NOUN,darkness,0,5
blackout-zero.text.0,6,was,3,6.7594230602184195,0,0,0.0,ROOT,AUX,be,0,6
blackout-zero.text.0,7,"palpable,",8,2.6127838567197355,1,1,0.5,acomp,ADJ,palpable,0,7
blackout-zero.text.0,8,a,1,7.3099551280128585,2,1,0.2,punct,PUNCT,",",0,8
blackout-zero.text.0,9,"living,",6,5.1945975852425095,4,1,2.0,attr,NOUN,living,0,10
blackout-zero.text.0,10,breathing,9,4.443732241401596,1,2,0.1,punct,PUNCT,",",0,11
blackout-zero.text.0,11,entity,6,3.2278867046136734,1,3,1.0,dobj,NOUN,entity,0,13
blackout-zero.text.0,12,that,4,7.14956733263194,1,5,1.0,nsubj,PRON,that,0,14
blackout-zero.text.0,13,wrapped,7,4.250420002308894,2,4,1.0,relcl,VERB,wrap,0,15
blackout-zero.text.0,14,itself,6,4.599664778788417,1,5,1.0,dobj,PRON,itself,0,16
blackout-zero.text.0,15,around,6,5.867308354895176,2,5,1.6,prep,ADP,around,0,17
blackout-zero.text.0,16,the,3,7.469073206544746,1,7,0.3,det,DET,the,0,18
blackout-zero.text.0,17,neighborhood,12,4.564547711755948,2,6,1.0,pobj,NOUN,neighborhood,0,19
blackout-zero.text.0,18,like,4,6.601947060080969,8,3,6.7,prep,ADP,like,0,20
blackout-zero.text.0,19,a,1,7.3099551280128585,1,5,0.3,det,DET,a,0,21
blackout-zero.text.0,20,shroud.,6,3.0086001717619175,2,4,1.0,pobj,NOUN,shroud,0,22
blackout-zero.text.0,21,It,2,7.276377005067547,17,1,2.9000000000000004,punct,PUNCT,.,0,23
blackout-zero.text.0,22,was,3,6.7594230602184195,0,0,0.0,ROOT,AUX,be,1,1
blackout-zero.text.0,23,as,2,6.345769610954118,9,2,4.9,mark,SCONJ,as,1,2
blackout-zero.text.0,24,if,2,6.549171303929439,8,2,4.3,mark,SCONJ,if,1,3
blackout-zero.text.0,25,the,3,7.469073206544746,2,3,0.6,det,DET,the,1,4
blackout-zero.text.0,26,very,4,6.093859261503438,1,3,0.6,amod,ADJ,very,1,5
blackout-zero.text.0,27,fabric,6,3.681241237375587,5,2,2.5,nsubjpass,NOUN,fabric,1,6
blackout-zero.text.0,28,of,2,7.063605036452092,1,3,0.8,prep,ADP,of,1,7
blackout-zero.text.0,29,reality,7,4.480725378988487,1,4,0.5,pobj,NOUN,reality,1,8
blackout-zero.text.0,30,had,3,6.789680109103924,2,2,0.6,aux,AUX,have,1,9
blackout-zero.text.0,31,been,4,6.7594230602184195,1,2,0.5,auxpass,AUX,be,1,10
blackout-zero.text.0,32,torn,4,4.431363764158987,10,1,5.5,advcl,VERB,tear,1,11
blackout-zero.text.0,33,"apart,",5,4.67228262478892,1,2,0.6,advmod,ADV,apart,1,12
blackout-zero.text.0,34,leaving,7,5.150418694479298,2,2,0.2,punct,PUNCT,",",1,13
blackout-zero.text.0,35,only,4,6.034913080865008,3,4,1.7999999999999998,advmod,ADV,only,1,15
blackout-zero.text.0,36,an,2,6.270478525477336,2,4,0.6,det,DET,an,1,16
blackout-zero.text.0,37,inky,4,2.342422680822206,1,4,0.6,amod,ADJ,inky,1,17
blackout-zero.text.0,38,blackness,9,2.9444826721501687,4,3,4.0,dobj,NOUN,blackness,1,18
blackout-zero.text.0,39,that,4,7.14956733263194,1,5,1.0,nsubj,PRON,that,1,19
blackout-zero.text.0,40,seemed,6,5.1455692977929886,2,4,1.0,relcl,VERB,seem,1,20
blackout-zero.text.0,41,to,2,7.355601686871925,1,6,0.3,aux,PART,to,1,21
blackout-zero.text.0,42,have,4,6.789680109103924,2,5,1.0,xcomp,VERB,have,1,22
blackout-zero.text.0,43,a,1,7.3099551280128585,1,7,0.3,det,DET,a,1,23
blackout-zero.text.0,44,life,4,5.901267560474818,2,6,2.0,dobj,NOUN,life,1,24
blackout-zero.text.0,45,of,2,7.063605036452092,1,7,0.8,prep,ADP,of,1,25
blackout-zero.text.0,46,its,3,5.234795588220642,1,9,0.5,poss,PRON,its,1,26
blackout-zero.text.0,47,own.,3,5.6620018793899165,2,8,1.0,pobj,ADJ,own,1,27
blackout-zero.text.0,48,The,3,7.469073206544746,27,1,4.9,punct,PUNCT,.,1,28
blackout-zero.text.0,49,streets,7,5.170789590446391,2,1,1.0,nsubjpass,NOUN,street,2,1
blackout-zero.text.0,50,were,4,6.7594230602184195,1,1,0.5,auxpass,AUX,be,2,2
blackout-zero.text.0,51,"deserted,",8,4.446847710155809,0,0,0.0,ROOT,VERB,desert,2,3
blackout-zero.text.0,52,the,3,7.469073206544746,1,1,0.1,punct,PUNCT,",",2,4
blackout-zero.text.0,53,only,4,6.034913080865008,1,2,0.6,amod,ADJ,only,2,6
blackout-zero.text.0,54,sound,5,5.156518864747027,4,1,2.0,dep,NOUN,sound,2,7
blackout-zero.text.0,55,the,3,7.469073206544746,2,3,0.6,det,DET,the,2,8
blackout-zero.text.0,56,distant,7,3.9350031514536545,1,3,0.6,amod,ADJ,distant,2,9
blackout-zero.text.0,57,hum,3,3.6830470382388496,3,2,1.5,appos,NOUN,hum,2,10
blackout-zero.text.0,58,of,2,7.063605036452092,1,3,0.8,prep,ADP,of,2,11
blackout-zero.text.0,59,generators,10,3.755112266395071,1,4,0.5,pobj,NOUN,generator,2,12
blackout-zero.text.0,60,and,3,7.126710513400982,3,3,1.5,cc,CCONJ,and,2,13
blackout-zero.text.0,61,the,3,7.469073206544746,1,4,0.3,det,DET,the,2,14
blackout-zero.text.0,62,creaking,8,3.444044795918076,5,3,2.5,conj,NOUN,creaking,2,15
blackout-zero.text.0,63,of,2,7.063605036452092,1,4,0.8,prep,ADP,of,2,16
blackout-zero.text.0,64,trees,5,4.812913356642856,1,5,0.5,pobj,NOUN,tree,2,17
blackout-zero.text.0,65,swaying,7,3.403120521175818,1,6,0.5,acl,VERB,sway,2,18
blackout-zero.text.0,66,in,2,6.990046118048168,1,7,0.8,prep,ADP,in,2,19
blackout-zero.text.0,67,the,3,7.469073206544746,1,9,0.3,det,DET,the,2,20
blackout-zero.text.0,68,wind.,4,4.773567048926059,2,8,1.0,pobj,NOUN,wind,2,21
blackout-zero.text.0,69,But,3,6.645173608800489,19,1,3.3000000000000003,punct,PUNCT,.,2,22
blackout-zero.text.0,70,"then,",4,6.17304925458245,2,1,1.2,advmod,ADV,then,3,1
blackout-zero.text.0,71,like,4,6.601947060080969,1,1,0.1,punct,PUNCT,",",3,2
blackout-zero.text.0,72,a,1,7.3099551280128585,1,2,0.3,det,DET,a,3,4
blackout-zero.text.0,73,beacon,6,3.586587304671755,2,1,1.0,pobj,NOUN,beacon,3,5
blackout-zero.text.0,74,of,2,7.063605036452092,1,2,0.8,prep,ADP,of,3,6
blackout-zero.text.0,75,"hope,",4,5.506004155026583,1,3,0.5,pobj,NOUN,hope,3,7
blackout-zero.text.0,76,a,1,7.3099551280128585,3,2,0.30000000000000004,punct,PUNCT,",",3,8
blackout-zero.text.0,77,single,6,4.857814777971006,1,2,0.6,amod,ADJ,single,3,10
blackout-zero.text.0,78,light,5,5.218010042984363,8,1,4.3,pobj,NOUN,light,3,11
blackout-zero.text.0,79,flickered,9,2.838849090737255,1,2,0.5,acl,VERB,flicker,3,12
blackout-zero.text.0,80,to,2,7.355601686871925,1,3,0.8,prep,ADP,to,3,13
blackout-zero.text.0,81,life,4,5.901267560474818,1,4,0.5,pobj,NOUN,life,3,14
blackout-zero.text.0,82,in,2,6.990046118048168,3,3,2.4000000000000004,prep,ADP,in,3,15
blackout-zero.text.0,83,the,3,7.469073206544746,1,5,0.3,det,DET,the,3,16
blackout-zero.text.0,84,distance.,8,4.408409578468429,2,4,1.0,pobj,NOUN,distance,3,17
blackout-zero.text.0,85,It,2,7.276377005067547,15,1,2.5,punct,PUNCT,.,3,18
blackout-zero.text.0,86,was,3,6.7594230602184195,0,0,0.0,ROOT,AUX,be,4,1
blackout-zero.text.0,87,a,1,7.3099551280128585,4,2,1.2,det,DET,a,4,2
blackout-zero.text.0,88,"warm,",4,4.71717102683231,3,2,1.7999999999999998,amod,ADJ,warm,4,3
blackout-zero.text.0,89,golden,6,4.366796383286729,2,2,0.2,punct,PUNCT,",",4,4
blackout-zero.text.0,90,glow,4,3.7596678446896306,5,1,2.5,attr,NOUN,glow,4,6
blackout-zero.text.0,91,that,4,7.14956733263194,1,3,1.0,nsubj,PRON,that,4,7
blackout-zero.text.0,92,seemed,6,5.1455692977929886,2,2,1.0,relcl,VERB,seem,4,8
blackout-zero.text.0,93,to,2,7.355601686871925,1,4,0.3,aux,PART,to,4,9
blackout-zero.text.0,94,pulse,5,4.371621927176021,2,3,1.0,xcomp,VERB,pulse,4,10
blackout-zero.text.0,95,with,4,6.703147736191453,3,3,2.4000000000000004,prep,ADP,with,4,11
blackout-zero.text.0,96,an,2,6.270478525477336,2,5,0.6,det,DET,an,4,12
blackout-zero.text.0,97,otherworldly,12,2.380211241711606,1,5,0.6,amod,ADJ,otherworldly,4,13
blackout-zero.text.0,98,energy.,6,4.517195897949974,3,4,1.5,pobj,NOUN,energy,4,14
blackout-zero.text.0,99,The,3,7.469073206544746,14,1,2.3000000000000003,punct,PUNCT,.,4,15
blackout-zero.text.0,100,light,5,5.218010042984363,1,1,1.0,nsubj,NOUN,light,5,1
blackout-zero.text.0,101,grew,4,4.774443968924965,0,0,0.0,ROOT,VERB,grow,5,2
blackout-zero.text.0,102,"brighter,",8,4.647480773173676,1,1,0.5,acomp,ADJ,bright,5,3
blackout-zero.text.0,103,illuminating,12,2.6720978579357175,2,1,0.2,punct,PUNCT,",",5,4
blackout-zero.text.0,104,the,3,7.469073206544746,2,3,0.6,det,DET,the,5,6
blackout-zero.text.0,105,darkened,8,2.591064607026499,1,3,0.6,amod,VERB,darken,5,7
blackout-zero.text.0,106,streets,7,5.170789590446391,3,2,3.0,dobj,NOUN,street,5,8
blackout-zero.text.0,107,and,3,7.126710513400982,4,2,2.0,cc,CCONJ,and,5,9
blackout-zero.text.0,108,casting,7,4.3643633546157306,5,2,2.5,conj,VERB,cast,5,10
blackout-zero.text.0,109,long,4,5.829406704509388,1,4,0.6,amod,ADJ,long,5,11
blackout-zero.text.0,110,shadows,7,4.325925955771466,2,3,2.0,dobj,NOUN,shadow,5,12
blackout-zero.text.0,111,across,6,4.97377419397058,3,3,2.4000000000000004,prep,ADP,across,5,13
blackout-zero.text.0,112,the,3,7.469073206544746,1,4,0.5,pobj,PRON,the,5,14
goldfish-pos.interest,0,How,3,6.485184613433453,1,2,0.6,advmod,SCONJ,how,0,0
goldfish-pos.interest,1,interesting,11,4.937969002951452,3,1,1.5,acomp,ADJ,interesting,0,1
goldfish-pos.interest,2,did,3,6.787856330946344,2,1,0.6,aux,AUX,do,0,2
goldfish-pos.interest,3,you,3,7.621769343182391,1,1,1.0,nsubj,PRON,you,0,3
goldfish-pos.interest,4,find,4,5.919580118612771,0,0,0.0,ROOT,VERB,find,0,4
goldfish-pos.interest,5,this,4,6.9019337688086235,1,2,0.3,det,DET,this,0,5
goldfish-pos.interest,6,text?,4,3.7193312869837265,2,1,2.0,dobj,NOUN,text,0,6
goldfish-pos.interest,7,4,0,5.78,3,1,0.30000000000000004,punct,PUNCT,?,0,7
goldfish-pos.interest,8,–,0,,1,2,0.1,punct,PUNCT,–,1,1
goldfish-pos.interest,9,very,4,6.093859261503438,1,3,0.6,advmod,ADV,very,1,2
goldfish-pos.interest,10,interesting,11,4.937969002951452,3,2,1.7999999999999998,amod,ADJ,interesting,1,3
goldfish-pos.interest,11,3,0,5.91,1,3,0.5,nummod,NUM,3,1,4
goldfish-pos.interest,12,–,0,,5,2,0.5,punct,PUNCT,–,1,5
goldfish-pos.interest,13,rather,6,5.057742155828753,1,1,0.6,advmod,ADV,rather,1,6
goldfish-pos.interest,14,interesting,11,4.937969002951452,0,0,0.0,ROOT,ADJ,interesting,1,7
goldfish-pos.interest,15,2,0,6.0,1,1,0.5,nummod,NUM,2,1,8
goldfish-pos.interest,16,–,0,,1,2,0.1,punct,PUNCT,–,1,9
goldfish-pos.interest,17,rather,6,5.057742155828753,1,3,0.6,advmod,ADV,rather,1,10
goldfish-pos.interest,18,boring,6,4.437909035539498,3,2,1.7999999999999998,amod,ADJ,boring,1,11
goldfish-pos.interest,19,1,0,6.0,1,3,0.5,nummod,NUM,1,1,12
goldfish-pos.interest,20,–,0,,1,4,0.1,punct,PUNCT,–,1,13
goldfish-pos.interest,21,very,4,6.093859261503438,1,3,0.6,advmod,ADV,very,1,14
goldfish-pos.interest,22,boring,6,4.437909035539498,7,2,4.4,amod,ADJ,boring,1,15
voicemail-zero.difficulty,0,How,3,6.485184613433453,1,2,0.6,advmod,SCONJ,how,0,0
voicemail-zero.difficulty,1,difficult,9,4.779307827583586,1,1,0.5,acomp,ADJ,difficult,0,1
voicemail-zero.difficulty,2,was,3,6.7594230602184195,0,0,0.0,ROOT,AUX,be,0,2
voicemail-zero.difficulty,3,this,4,6.9019337688086235,1,2,0.3,det,DET,this,0,3
voicemail-zero.difficulty,4,text,4,3.7193312869837265,2,1,2.0,nsubj,NOUN,text,0,4
voicemail-zero.difficulty,5,for,3,6.838540569153386,3,2,1.5,mark,SCONJ,for,0,5
voicemail-zero.difficulty,6,you,3,7.621769343182391,2,2,2.0,nsubj,PRON,you,0,6
voicemail-zero.difficulty,7,to,2,7.355601686871925,1,2,0.3,aux,PART,to,0,7
voicemail-zero.difficulty,8,read,4,5.382413313126266,6,1,3.1,advcl,VERB,read,0,8
voicemail-zero.difficulty,9,and,3,7.126710513400982,1,2,0.5,cc,CCONJ,and,0,9
voicemail-zero.difficulty,10,understand?,10,5.683452310738281,2,2,1.0,conj,VERB,understand,0,10
voicemail-zero.difficulty,11,4,0,5.78,9,1,1.3,punct,PUNCT,?,0,11
voicemail-zero.difficulty,12,–,0,,1,2,0.1,punct,PUNCT,–,1,1
voicemail-zero.difficulty,13,very,4,6.093859261503438,1,2,0.6,advmod,ADV,very,1,2
voicemail-zero.difficulty,14,difficult,9,4.779307827583586,9,1,5.8,amod,ADJ,difficult,1,3
voicemail-zero.difficulty,15,3,0,5.91,8,1,4.3,nummod,NUM,3,1,4
voicemail-zero.difficulty,16,–,0,,1,2,0.1,punct,PUNCT,–,1,5
voicemail-zero.difficulty,17,rather,6,5.057742155828753,1,4,0.6,advmod,ADV,rather,1,6
voicemail-zero.difficulty,18,difficult,9,4.779307827583586,1,3,0.6,amod,ADJ,difficult,1,7
voicemail-zero.difficulty,19,2,0,6.0,4,2,2.0,appos,NUM,2,1,8
voicemail-zero.difficulty,20,–,0,,1,3,0.1,punct,PUNCT,–,1,9
voicemail-zero.difficulty,21,rather,6,5.057742155828753,1,4,0.6,advmod,ADV,rather,1,10
voicemail-zero.difficulty,22,easy,4,5.42440789939746,3,3,1.7999999999999998,amod,ADJ,easy,1,11
voicemail-zero.difficulty,23,1,0,6.0,0,0,0.0,ROOT,NUM,1,1,12
voicemail-zero.difficulty,24,–,0,,1,1,0.1,punct,PUNCT,–,1,13
voicemail-zero.difficulty,25,very,4,6.093859261503438,1,2,0.6,advmod,ADV,very,1,14
voicemail-zero.difficulty,26,easy,4,5.42440789939746,3,1,1.7999999999999998,amod,ADJ,easy,1,15
blackout-neg.text.3,352,As,2,6.345769610954118,2,2,1.0,mark,SCONJ,as,0,0
blackout-neg.text.3,353,she,3,6.572044028989929,1,2,1.0,nsubj,PRON,she,0,1
blackout-neg.text.3,354,"spoke,",5,5.272259442940222,4,1,2.0,advcl,VERB,speak,0,2
blackout-neg.text.3,355,the,3,7.469073206544746,3,1,0.30000000000000004,punct,PUNCT,",",0,3
blackout-neg.text.3,356,crowd,5,4.572523097849637,1,1,1.0,nsubj,NOUN,crowd,0,5
blackout-neg.text.3,357,seemed,6,5.1455692977929886,0,0,0.0,ROOT,VERB,seem,0,6
blackout-neg.text.3,358,to,2,7.355601686871925,1,2,0.3,aux,PART,to,0,7
blackout-neg.text.3,359,shrink,6,4.053462604925455,2,1,1.0,xcomp,VERB,shrink,0,8
blackout-neg.text.3,360,"away,",4,5.863857961883973,1,2,0.6,advmod,ADV,away,0,9
blackout-neg.text.3,361,as,2,6.345769610954118,4,1,0.4,punct,PUNCT,",",0,10
blackout-neg.text.3,362,if,2,6.549171303929439,2,2,1.0,mark,SCONJ,if,0,12
blackout-neg.text.3,363,they,4,6.613095166038459,1,2,1.0,nsubj,PRON,they,0,13
blackout-neg.text.3,364,were,4,6.7594230602184195,8,1,4.3,advcl,AUX,be,0,14
blackout-neg.text.3,365,afraid,6,5.393873404149383,1,2,0.5,acomp,ADJ,afraid,0,15
blackout-neg.text.3,366,of,2,7.063605036452092,1,3,0.8,prep,ADP,of,0,16
blackout-neg.text.3,367,her.,3,6.572044028989929,1,4,0.5,pobj,PRON,she,0,17
blackout-neg.text.3,368,But,3,6.645173608800489,12,1,1.9000000000000004,punct,PUNCT,.,0,18
blackout-neg.text.3,369,the,3,7.469073206544746,1,2,0.3,det,DET,the,1,1
blackout-neg.text.3,370,woman,5,5.63811969986024,3,1,3.0,nsubj,NOUN,woman,1,2
blackout-neg.text.3,371,didn't,5,6.787856330946344,2,1,0.6,aux,AUX,do,1,3
blackout-neg.text.3,372,seem,4,5.1455692977929886,0,0,0.0,ROOT,VERB,seem,1,5
blackout-neg.text.3,373,to,2,7.355601686871925,1,2,0.3,aux,PART,to,1,6
blackout-neg.text.3,374,notice.,6,4.772688354682142,2,1,1.0,xcomp,VERB,notice,1,7
blackout-neg.text.3,375,She,3,6.572044028989929,3,1,0.30000000000000004,punct,PUNCT,.,1,8
blackout-neg.text.3,376,took,4,6.276700715304874,0,0,0.0,ROOT,VERB,take,2,1
blackout-neg.text.3,377,a,1,7.3099551280128585,1,2,0.3,det,DET,a,2,2
blackout-neg.text.3,378,step,4,5.074340942365077,2,1,2.0,dobj,NOUN,step,2,3
blackout-neg.text.3,379,"forward,",7,4.859318465097116,3,1,1.7999999999999998,advmod,ADV,forward,2,4
blackout-neg.text.3,380,and,3,7.126710513400982,4,1,0.4,punct,PUNCT,",",2,5
blackout-neg.text.3,381,then,4,6.17304925458245,1,2,0.6,advmod,ADV,then,2,7
blackout-neg.text.3,382,"another,",7,5.706905452560297,7,1,3.7,conj,PRON,another,2,8
blackout-neg.text.3,383,until,5,5.4806823063254875,1,2,0.1,punct,PUNCT,",",2,9
blackout-neg.text.3,384,she,3,6.572044028989929,2,2,2.0,nsubj,PRON,she,2,11
blackout-neg.text.3,385,was,3,6.7594230602184195,1,2,0.3,aux,AUX,be,2,12
blackout-neg.text.3,386,standing,8,5.354492600589436,12,1,6.7,advcl,VERB,stand,2,13
blackout-neg.text.3,387,right,5,6.602969969996897,1,3,0.6,advmod,ADV,right,2,14
blackout-neg.text.3,388,at,2,6.507464560676047,2,2,1.6,prep,ADP,at,2,15
blackout-neg.text.3,389,the,3,7.469073206544746,1,4,0.3,det,DET,the,2,16
blackout-neg.text.3,390,edge,4,4.371252629124939,2,3,1.0,pobj,NOUN,edge,2,17
blackout-neg.text.3,391,of,2,7.063605036452092,1,4,0.8,prep,ADP,of,2,18
blackout-neg.text.3,392,the,3,7.469073206544746,1,6,0.3,det,DET,the,2,19
blackout-neg.text.3,393,lawn.,4,4.0916669575956846,2,5,1.0,pobj,NOUN,lawn,2,20
blackout-neg.text.3,394,And,3,7.126710513400982,20,1,3.5,punct,PUNCT,.,2,21
blackout-neg.text.3,395,"then,",4,6.17304925458245,11,1,7.199999999999999,advmod,ADV,then,3,1
blackout-neg.text.3,396,just,4,6.67661497234708,10,1,1.5,punct,PUNCT,",",3,2
blackout-neg.text.3,397,as,2,6.345769610954118,1,2,0.6,advmod,ADV,as,3,4
blackout-neg.text.3,398,suddenly,8,4.74787770581979,7,1,4.4,advmod,ADV,suddenly,3,5
blackout-neg.text.3,399,as,2,6.345769610954118,3,3,1.5,mark,SCONJ,as,3,6
blackout-neg.text.3,400,she,3,6.572044028989929,2,3,2.0,nsubj,PRON,she,3,7
blackout-neg.text.3,401,had,3,6.789680109103924,1,3,0.3,aux,AUX,have,3,8
blackout-neg.text.3,402,"appeared,",8,4.368658712392227,4,2,2.0,advcl,VERB,appear,3,9
blackout-neg.text.3,403,she,3,6.572044028989929,2,1,0.2,punct,PUNCT,",",3,10
blackout-neg.text.3,404,was,3,6.7594230602184195,0,0,0.0,ROOT,AUX,be,3,12
blackout-neg.text.3,405,gone.,4,6.578987422636267,1,1,0.5,acomp,VERB,go,3,13
blackout-neg.text.3,406,The,3,7.469073206544746,2,1,0.2,punct,PUNCT,.,3,14
blackout-neg.text.3,407,house,5,5.710963118995275,2,1,1.0,nsubjpass,NOUN,house,4,1
blackout-neg.text.3,408,was,3,6.7594230602184195,1,1,0.5,auxpass,AUX,be,4,2
blackout-neg.text.3,409,plunged,7,3.3502480183341627,0,0,0.0,ROOT,VERB,plunge,4,3
blackout-neg.text.3,410,back,4,6.303014523283947,1,1,0.6,advmod,ADV,back,4,4
blackout-neg.text.3,411,into,4,5.926645935044691,2,1,1.6,prep,ADP,into,4,5
blackout-neg.text.3,412,"darkness,",8,4.242789809478676,1,2,0.5,pobj,NOUN,darkness,4,6
blackout-neg.text.3,413,and,3,7.126710513400982,4,1,0.4,punct,PUNCT,",",4,7
blackout-neg.text.3,414,the,3,7.469073206544746,1,3,0.3,det,DET,the,4,9
blackout-neg.text.3,415,crowd,5,4.572523097849637,2,2,1.0,nsubjpass,NOUN,crowd,4,10
blackout-neg.text.3,416,was,3,6.7594230602184195,1,2,0.5,auxpass,AUX,be,4,11
blackout-neg.text.3,417,left,4,5.748738301606059,9,1,4.9,conj,VERB,leave,4,12
blackout-neg.text.3,418,to,2,7.355601686871925,1,3,0.3,aux,PART,to,4,13
blackout-neg.text.3,419,wonder,6,5.068111617027303,2,2,1.0,xcomp,VERB,wonder,4,14
blackout-neg.text.3,420,if,2,6.549171303929439,4,4,2.0,mark,SCONJ,if,4,15
blackout-neg.text.3,421,it,2,7.276377005067547,3,4,3.0,nsubj,PRON,it,4,16
blackout-neg.text.3,422,had,3,6.789680109103924,2,4,0.6,aux,AUX,have,4,17
blackout-neg.text.3,423,all,3,6.71280622142986,1,4,0.5,dep,PRON,all,4,18
blackout-neg.text.3,424,been,4,6.7594230602184195,5,3,2.5,ccomp,AUX,be,4,19
blackout-neg.text.3,425,just,4,6.67661497234708,2,5,1.2,advmod,ADV,just,4,20
blackout-neg.text.3,426,a,1,7.3099551280128585,1,5,0.3,det,DET,a,4,21
blackout-neg.text.3,427,dream.,5,5.124797567960533,3,4,1.5,attr,NOUN,dream,4,22
blackout-neg.text.3,428,But,3,6.645173608800489,11,2,1.7000000000000002,punct,PUNCT,.,4,23
blackout-neg.text.3,429,as,2,6.345769610954118,2,2,1.0,mark,SCONJ,as,5,1
blackout-neg.text.3,430,they,4,6.613095166038459,1,2,1.0,nsubj,PRON,they,5,2
blackout-neg.text.3,431,turned,6,5.48638796834179,5,1,2.5,advcl,VERB,turn,5,3
blackout-neg.text.3,432,to,2,7.355601686871925,1,3,0.3,aux,PART,to,5,4
blackout-neg.text.3,433,"leave,",5,5.748738301606059,2,2,1.0,xcomp,VERB,leave,5,5
blackout-neg.text.3,434,they,4,6.613095166038459,2,1,0.2,punct,PUNCT,",",5,6
blackout-neg.text.3,435,noticed,7,4.772688354682142,0,0,0.0,ROOT,VERB,notice,5,8
blackout-neg.text.3,436,something,9,6.1761375813299395,1,1,1.0,dobj,PRON,something,5,9
blackout-neg.text.3,437,that,4,7.14956733263194,1,3,1.0,nsubj,PRON,that,5,10
blackout-neg.text.3,438,made,4,6.142311236003898,2,2,1.0,relcl,VERB,make,5,11
blackout-neg.text.3,439,their,5,5.816347374238363,1,5,0.5,poss,PRON,their,5,12
blackout-neg.text.3,440,blood,5,5.269793043861229,1,4,1.0,nsubj,NOUN,blood,5,13
blackout-neg.text.3,441,run,3,5.544749971447908,3,3,1.5,ccomp,VERB,run,5,14
blackout-neg.text.3,442,cold.,4,5.114477539928802,1,4,0.6,advmod,ADJ,cold,5,15
blackout-neg.text.3,443,On,2,6.842342715684627,8,1,1.1,punct,PUNCT,.,5,16
blackout-neg.text.3,444,the,3,7.469073206544746,2,3,0.6,det,DET,the,6,1
blackout-neg.text.3,445,front,5,5.258996253248911,1,3,0.6,amod,ADJ,front,6,2
blackout-neg.text.3,446,"door,",4,5.465472080873497,3,2,1.5,pobj,NOUN,door,6,3
blackout-neg.text.3,447,in,2,6.990046118048168,13,1,2.1,punct,PUNCT,",",6,4
blackout-neg.text.3,448,letters,7,4.9170326221623935,1,2,0.5,pobj,NOUN,letter,6,6
blackout-neg.text.3,449,that,4,7.14956733263194,1,4,1.0,nsubj,PRON,that,6,7
blackout-neg.text.3,450,seemed,6,5.1455692977929886,2,3,1.0,relcl,VERB,seem,6,8
blackout-neg.text.3,451,to,2,7.355601686871925,2,5,0.6,aux,PART,to,6,9
blackout-neg.text.3,452,be,2,6.7594230602184195,1,5,0.5,auxpass,AUX,be,6,10
blackout-neg.text.3,453,written,7,5.103119253545714,3,4,1.5,xcomp,VERB,write,6,11
blackout-neg.text.3,454,in,2,6.990046118048168,1,5,0.8,prep,ADP,in,6,12
blackout-neg.text.3,455,the,3,7.469073206544746,1,7,0.3,det,DET,the,6,13
blackout-neg.text.3,456,dust,4,4.377306251068198,2,6,1.0,pobj,NOUN,dust,6,14
blackout-neg.text.3,457,"itself,",6,4.599664778788417,1,7,0.5,appos,PRON,itself,6,15
blackout-neg.text.3,458,was,3,6.75241187322089,1,1,0.1,punct,PUNCT,",",6,16
blackout-neg.text.3,459,a,1,7.3099551280128585,2,2,0.6,det,DET,a,6,18
blackout-neg.text.3,460,single,6,4.857814777971006,1,2,0.6,amod,ADJ,single,6,19
blackout-neg.text.3,461,word:,4,5.372083108574252,3,1,1.5,attr,NOUN,word,6,20
blackout-neg.text.3,462,"""Welcome.""",7,5.2533864729877715,5,1,0.5,punct,PUNCT,"""",6,22
voicemail-neg.question,0,Why,3,6.351943107619938,3,1,1.7999999999999998,advmod,SCONJ,why,0,0
voicemail-neg.question,1,did,3,6.787856330946344,2,1,0.6,aux,AUX,do,0,1
voicemail-neg.question,2,Emily,5,4.568670978009896,1,1,0.6,advmod,ADV,emily,0,2
voicemail-neg.question,3,start,5,5.531606631932722,0,0,0.0,ROOT,VERB,start,0,3
voicemail-neg.question,4,changing,8,5.380844126464665,1,1,0.5,xcomp,VERB,change,0,4
voicemail-neg.question,5,her,3,6.452678661106354,2,3,1.0,poss,PRON,her,0,5
voicemail-neg.question,6,daily,5,4.193958978019187,1,3,0.6,amod,ADJ,daily,0,6
voicemail-neg.question,7,routines?,8,4.29754166781816,3,2,3.0,dobj,NOUN,routine,0,7
voicemail-neg.question,8,She,3,6.572044028989929,5,1,0.5,punct,PUNCT,?,0,8
voicemail-neg.question,9,believed,8,5.795977288414068,0,0,0.0,ROOT,VERB,believe,1,1
voicemail-neg.question,10,she,3,6.572044028989929,3,2,1.5,nsubjpass,PRON,she,1,2
voicemail-neg.question,11,was,3,6.7594230602184195,2,2,0.6,aux,AUX,be,1,3
voicemail-neg.question,12,being,5,6.7594230602184195,1,2,0.5,auxpass,AUX,be,1,4
voicemail-neg.question,13,watched.,7,5.518540259958009,4,1,2.0,ccomp,VERB,watch,1,5
voicemail-neg.question,14,She,3,6.572044028989929,5,1,0.5,punct,PUNCT,.,1,6
voicemail-neg.question,15,was,3,6.7594230602184195,1,1,0.3,aux,AUX,be,2,1
voicemail-neg.question,16,trying,6,5.678290701718043,0,0,0.0,ROOT,VERB,try,2,2
voicemail-neg.question,17,to,2,7.355601686871925,1,2,0.3,aux,PART,to,2,3
voicemail-neg.question,18,find,4,5.919580118612771,2,1,1.0,xcomp,VERB,find,2,4
voicemail-neg.question,19,the,3,7.469073206544746,1,3,0.3,det,DET,the,2,5
voicemail-neg.question,20,woman,5,5.63811969986024,2,2,2.0,dobj,NOUN,woman,2,6
voicemail-neg.question,21,in,2,6.990046118048168,1,3,0.8,prep,ADP,in,2,7
voicemail-neg.question,22,the,3,7.469073206544746,1,5,0.3,det,DET,the,2,8
voicemail-neg.question,23,hoodie.,6,2.3010299956639813,2,4,1.0,pobj,NOUN,hoodie,2,9
voicemail-neg.question,24,She,3,6.572044028989929,8,1,1.1,punct,PUNCT,.,2,10
voicemail-neg.question,25,lost,4,5.215769708417643,0,0,0.0,ROOT,VERB,lose,3,1
voicemail-neg.question,26,her,3,6.452678661106354,1,2,0.5,poss,PRON,her,3,2
voicemail-neg.question,27,job,3,5.615950051656402,2,1,2.0,dobj,NOUN,job,3,3
voicemail-neg.question,28,and,3,7.126710513400982,3,1,1.5,cc,CCONJ,and,3,4
voicemail-neg.question,29,had,3,6.789680109103924,4,1,2.0,conj,VERB,have,3,5
voicemail-neg.question,30,free,4,5.249271753073101,1,3,0.6,amod,ADJ,free,3,6
voicemail-neg.question,31,time.,4,6.29195240223515,2,2,2.0,dobj,NOUN,time,3,7
voicemail-neg.question,32,She,3,6.572044028989929,7,1,0.9000000000000001,punct,PUNCT,.,3,8
voicemail-neg.question,33,wanted,6,6.440780033374006,0,0,0.0,ROOT,VERB,want,4,1
voicemail-neg.question,34,to,2,7.355601686871925,1,2,0.3,aux,PART,to,4,2
voicemail-neg.question,35,avoid,5,4.38542751480513,2,1,1.0,xcomp,VERB,avoid,4,3
voicemail-neg.question,36,someone,7,5.649451693528405,1,2,1.0,dobj,PRON,someone,4,4
voicemail-neg.question,37,she,3,6.572044028989929,1,4,1.0,nsubj,PRON,she,4,5
voicemail-neg.question,38,owed,4,4.87016972113644,2,3,1.0,relcl,VERB,owe,4,6
voicemail-neg.question,39,money,5,5.806695392711809,1,4,1.0,dobj,NOUN,money,4,7
voicemail-neg.question,40,to.,2,7.355601686871925,2,4,1.0,dative,ADP,to,4,8
prize-zero.text.2,228,staring,7,3.998259338423699,0,0,0.0,ROOT,VERB,stare,0,0
prize-zero.text.2,229,at,2,6.507464560676047,1,1,0.8,prep,ADP,at,0,1
prize-zero.text.2,230,"her,",3,6.572044028989929,1,2,0.5,pobj,PRON,she,0,2
prize-zero.text.2,231,but,3,6.645173608800489,3,1,0.30000000000000004,punct,PUNCT,",",0,3
prize-zero.text.2,232,not,3,6.734396540337466,1,2,0.5,neg,PART,not,0,5
prize-zero.text.2,233,in,2,6.990046118048168,6,1,3.1,conj,ADP,in,0,6
prize-zero.text.2,234,a,1,7.3099551280128585,2,3,0.6,det,DET,a,0,7
prize-zero.text.2,235,celebratory,11,2.4313637641589874,1,3,0.6,amod,ADJ,celebratory,0,8
prize-zero.text.2,236,way.,3,6.153732569172379,3,2,1.5,pobj,NOUN,way,0,9
prize-zero.text.2,237,They,4,6.613095166038459,10,1,1.5,punct,PUNCT,.,0,10
prize-zero.text.2,238,were,4,6.7594230602184195,1,1,0.3,aux,AUX,be,1,1
prize-zero.text.2,239,staring,7,3.998259338423699,0,0,0.0,ROOT,VERB,stare,1,2
prize-zero.text.2,240,at,2,6.507464560676047,1,1,0.8,prep,ADP,at,1,3
prize-zero.text.2,241,her,3,6.572044028989929,1,2,0.5,pobj,PRON,she,1,4
prize-zero.text.2,242,with,4,6.703147736191453,3,1,2.4000000000000004,prep,ADP,with,1,5
prize-zero.text.2,243,a,1,7.3099551280128585,1,3,0.3,det,DET,a,1,6
prize-zero.text.2,244,mixture,7,3.392696953259666,2,2,1.0,pobj,NOUN,mixture,1,7
prize-zero.text.2,245,of,2,7.063605036452092,1,3,0.8,prep,ADP,of,1,8
prize-zero.text.2,246,curiosity,9,3.930949031167523,1,4,0.5,pobj,NOUN,curiosity,1,9
prize-zero.text.2,247,and,3,7.126710513400982,1,5,0.5,cc,CCONJ,and,1,10
prize-zero.text.2,248,suspicion.,9,3.8639173769578603,2,5,1.0,conj,NOUN,suspicion,1,11
prize-zero.text.2,249,As,2,6.345769610954118,10,1,1.5,punct,PUNCT,.,1,12
prize-zero.text.2,250,Emily,5,4.568670978009896,1,2,1.0,nsubj,PROPN,Emily,2,1
prize-zero.text.2,251,made,4,6.142311236003898,9,1,4.9,advcl,VERB,make,2,2
prize-zero.text.2,252,her,3,6.452678661106354,1,3,0.5,poss,PRON,her,2,3
prize-zero.text.2,253,way,3,6.153732569172379,2,2,2.0,dobj,NOUN,way,2,4
prize-zero.text.2,254,off,3,6.071701627227895,3,2,2.4000000000000004,prep,ADP,off,2,5
prize-zero.text.2,255,the,3,7.469073206544746,1,4,0.3,det,DET,the,2,6
prize-zero.text.2,256,"stage,",5,4.658679028582449,2,3,1.0,pobj,NOUN,stage,2,7
prize-zero.text.2,257,she,3,6.572044028989929,3,1,0.30000000000000004,punct,PUNCT,",",2,8
prize-zero.text.2,258,was,3,6.7594230602184195,1,1,0.5,auxpass,AUX,be,2,10
prize-zero.text.2,259,approached,10,4.321805483857539,0,0,0.0,ROOT,VERB,approach,2,11
prize-zero.text.2,260,by,2,6.127257098825985,1,1,0.5,agent,ADP,by,2,12
prize-zero.text.2,261,a,1,7.3099551280128585,1,3,0.3,det,DET,a,2,13
prize-zero.text.2,262,woman,5,5.63811969986024,2,2,1.0,pobj,NOUN,woman,2,14
prize-zero.text.2,263,who,3,6.346927740692434,1,4,1.0,nsubj,PRON,who,2,15
prize-zero.text.2,264,introduced,10,4.540704783310762,2,3,1.0,relcl,VERB,introduce,2,16
prize-zero.text.2,265,herself,7,4.719745492529577,1,4,1.0,dobj,PRON,herself,2,17
prize-zero.text.2,266,as,2,6.345769610954118,2,4,1.6,prep,ADP,as,2,18
prize-zero.text.2,267,the,3,7.469073206544746,1,7,0.3,det,DET,the,2,19
prize-zero.text.2,268,competition's,12,4.320146286111054,2,6,1.0,poss,NOUN,competition,2,20
prize-zero.text.2,269,organizer.,9,2.6334684555795866,4,5,2.0,pobj,NOUN,organizer,2,22
prize-zero.text.2,270,"""Congratulations",15,4.850646235183066,13,1,2.1,punct,PUNCT,"""",3,0
prize-zero.text.2,271,on,2,6.842342715684627,1,2,0.8,prep,ADP,on,3,2
prize-zero.text.2,272,your,4,6.809249200932795,1,4,0.5,poss,PRON,your,3,3
prize-zero.text.2,273,"win,""",3,5.129206357747529,2,3,1.0,pobj,NOUN,win,3,4
prize-zero.text.2,274,the,3,7.469073206544746,3,2,0.30000000000000004,punct,PUNCT,"""",3,6
prize-zero.text.2,275,woman,5,5.63811969986024,1,2,1.0,nsubj,NOUN,woman,3,8
prize-zero.text.2,276,"said,",4,6.214785585123866,4,1,2.0,parataxis,VERB,say,3,9
prize-zero.text.2,277,her,3,6.452678661106354,1,2,0.1,punct,PUNCT,",",3,10
prize-zero.text.2,278,voice,5,4.935305690289924,1,1,1.0,nsubj,NOUN,voice,3,12
prize-zero.text.2,279,dripping,8,3.5276299008713385,0,0,0.0,ROOT,ADJ,dripping,3,13
prize-zero.text.2,280,with,4,6.703147736191453,1,1,0.8,prep,ADP,with,3,14
prize-zero.text.2,281,condescension.,13,2.255272505103306,1,2,0.5,pobj,NOUN,condescension,3,15
prize-zero.text.2,282,"""But",3,6.645173608800489,3,2,0.30000000000000004,punct,PUNCT,"""",4,0
prize-zero.text.2,283,I,1,7.6017467520701825,1,2,1.0,nsubj,PRON,I,4,2
prize-zero.text.2,284,have,4,6.789680109103924,9,1,4.9,ccomp,VERB,have,4,3
prize-zero.text.2,285,to,2,7.355601686871925,1,3,0.3,aux,PART,to,4,4
prize-zero.text.2,286,warn,4,4.403977963669354,2,2,1.0,xcomp,VERB,warn,4,5
prize-zero.text.2,287,"you,",3,7.621769343182391,1,3,1.0,dobj,PRON,you,4,6
prize-zero.text.2,288,"Emily,",5,4.568670978009896,5,1,0.5,punct,PUNCT,",",4,7
prize-zero.text.2,289,your,4,6.809249200932795,3,1,0.30000000000000004,punct,PUNCT,",",4,9
prize-zero.text.2,290,prize,5,4.35005409357903,1,1,1.0,nsubj,NOUN,prize,4,11
prize-zero.text.2,291,comes,5,6.497065171063486,0,0,0.0,ROOT,VERB,come,4,12
prize-zero.text.2,292,with,4,6.703147736191453,1,1,0.8,prep,ADP,with,4,13
prize-zero.text.2,293,a,1,7.3099551280128585,1,3,0.3,det,DET,a,4,14
prize-zero.text.2,294,condition.,9,4.5793262037552545,2,2,1.0,pobj,NOUN,condition,4,15
prize-zero.text.2,295,You,3,7.621769343182391,4,1,0.4,punct,PUNCT,.,4,16
prize-zero.text.2,296,"see,",3,6.407684867368763,5,1,2.5,parataxis,VERB,see,5,1
prize-zero.text.2,297,we've,4,6.954816363956238,3,1,3.0,nsubj,PRON,we,5,3
prize-zero.text.2,298,been,4,6.7594230602184195,1,1,0.3,aux,AUX,be,5,5
prize-zero.text.2,299,watching,8,5.518540259958009,0,0,0.0,ROOT,VERB,watch,5,6
prize-zero.text.2,300,you,3,7.621769343182391,1,1,1.0,dobj,PRON,you,5,7
prize-zero.text.2,301,for,3,6.838540569153386,2,1,1.6,prep,ADP,for,5,8
prize-zero.text.2,302,some,4,6.237352686979094,1,3,0.3,det,DET,some,5,9
prize-zero.text.2,303,time,4,6.29195240223515,2,2,1.0,pobj,NOUN,time,5,10
prize-zero.text.2,304,"now,",3,6.505504055379278,5,1,3.0,advmod,ADV,now,5,11
prize-zero.text.2,305,and,3,7.126710513400982,6,1,0.7000000000000001,punct,PUNCT,",",5,12
prize-zero.text.2,306,we,2,6.954816363956238,1,2,1.0,nsubj,PRON,we,5,14
prize-zero.text.2,307,believe,7,5.795977288414068,9,1,4.9,conj,VERB,believe,5,15
prize-zero.text.2,308,you,3,7.621769343182391,1,3,1.0,nsubj,PRON,you,5,16
prize-zero.text.2,309,have,4,6.789680109103924,2,2,1.0,ccomp,VERB,have,5,17
prize-zero.text.2,310,a,1,7.3099551280128585,2,4,0.6,det,DET,a,5,18
prize-zero.text.2,311,unique,6,4.135132651376775,1,4,0.6,amod,ADJ,unique,5,19
prize-zero.text.2,312,gift.,4,4.80962704189405,3,3,3.0,dobj,NOUN,gift,5,20
prize-zero.text.2,313,A,1,7.3099551280128585,6,2,0.7000000000000001,punct,PUNCT,.,5,21
prize-zero.text.2,314,gift,4,4.80962704189405,0,0,0.0,ROOT,NOUN,gift,6,1
prize-zero.text.2,315,that,4,7.14956733263194,3,2,1.5,nsubjpass,PRON,that,6,2
prize-zero.text.2,316,could,5,6.212078350946609,2,2,0.6,aux,AUX,could,6,3
prize-zero.text.2,317,be,2,6.7594230602184195,1,2,0.5,auxpass,AUX,be,6,4
prize-zero.text.2,318,used,4,5.536356398147367,4,1,2.0,relcl,VERB,use,6,5
prize-zero.text.2,319,for,3,6.838540569153386,1,2,0.8,prep,ADP,for,6,6
prize-zero.text.2,320,great,5,5.91426909328012,1,5,0.6,amod,ADJ,great,6,7
prize-zero.text.2,321,good,4,6.4166638022029705,3,4,1.7999999999999998,amod,ADJ,good,6,8
prize-zero.text.2,322,or,2,6.231798245316826,1,5,0.5,cc,CCONJ,or,6,9
prize-zero.text.2,323,great,5,5.91426909328012,2,5,1.0,conj,ADJ,great,6,10
prize-zero.text.2,324,"evil.""",4,4.864273696804379,5,3,2.5,pobj,NOUN,evil,6,11
prize-zero.text.2,325,Emily,5,4.568670978009896,12,1,1.9000000000000004,punct,PUNCT,"""",6,13
prize-zero.text.2,326,was,3,6.7594230602184195,1,1,0.5,auxpass,AUX,be,7,1
prize-zero.text.2,327,taken,5,6.276700715304874,0,0,0.0,ROOT,VERB,take,7,2
prize-zero.text.2,328,aback.,5,2.462397997898956,1,1,0.6,advmod,ADV,aback,7,3
prize-zero.text.2,329,"""What",4,6.993103217236282,4,1,0.4,punct,PUNCT,"""",8,0
prize-zero.text.2,330,are,3,6.7594230602184195,2,1,0.6,aux,AUX,be,8,2
prize-zero.text.2,331,you,3,7.621769343182391,1,1,1.0,nsubj,PRON,you,8,3
prize-zero.text.2,332,talking,7,5.931966114728173,0,0,0.0,ROOT,VERB,talk,8,4
prize-zero.text.2,333,"about?""",5,6.560084852586414,1,1,0.8,prep,ADP,about,8,5
prize-zero.text.2,334,she,3,6.572044028989929,3,1,0.30000000000000004,punct,PUNCT,"""",8,7
prize-zero.text.2,335,"asked,",5,5.684072994969725,0,0,0.0,ROOT,VERB,ask,9,1
prize-zero.text.2,336,feeling,7,5.225774348143929,1,1,0.1,punct,PUNCT,",",9,2
prize-zero.text.2,337,a,1,7.3099551280128585,2,3,0.6,det,DET,a,9,4
prize-zero.text.2,338,shiver,6,3.184691430817599,1,3,0.6,amod,ADJ,shiver,9,5
prize-zero.text.2,339,run,3,5.544749971447908,3,2,3.0,dobj,NOUN,run,9,6
voicemail-pos.difficulty,0,How,3,6.485184613433453,1,2,0.6,advmod,SCONJ,how,0,0
voicemail-pos.difficulty,1,difficult,9,4.779307827583586,1,1,0.5,acomp,ADJ,difficult,0,1
voicemail-pos.difficulty,2,was,3,6.7594230602184195,0,0,0.0,ROOT,AUX,be,0,2
voicemail-pos.difficulty,3,this,4,6.9019337688086235,1,2,0.3,det,DET,this,0,3
voicemail-pos.difficulty,4,text,4,3.7193312869837265,2,1,2.0,nsubj,NOUN,text,0,4
voicemail-pos.difficulty,5,for,3,6.838540569153386,3,2,1.5,mark,SCONJ,for,0,5
voicemail-pos.difficulty,6,you,3,7.621769343182391,2,2,2.0,nsubj,PRON,you,0,6
voicemail-pos.difficulty,7,to,2,7.355601686871925,1,2,0.3,aux,PART,to,0,7
voicemail-pos.difficulty,8,read,4,5.382413313126266,6,1,3.1,advcl,VERB,read,0,8
voicemail-pos.difficulty,9,and,3,7.126710513400982,1,2,0.5,cc,CCONJ,and,0,9
voicemail-pos.difficulty,10,understand?,10,5.683452310738281,2,2,1.0,conj,VERB,understand,0,10
voicemail-pos.difficulty,11,4,0,5.78,9,1,1.3,punct,PUNCT,?,0,11
voicemail-pos.difficulty,12,–,0,,1,2,0.1,punct,PUNCT,–,1,1
voicemail-pos.difficulty,13,very,4,6.093859261503438,1,2,0.6,advmod,ADV,very,1,2
voicemail-pos.difficulty,14,difficult,9,4.779307827583586,9,1,5.8,amod,ADJ,difficult,1,3
voicemail-pos.difficulty,15,3,0,5.91,8,1,4.3,nummod,NUM,3,1,4
voicemail-pos.difficulty,16,–,0,,1,2,0.1,punct,PUNCT,–,1,5
voicemail-pos.difficulty,17,rather,6,5.057742155828753,1,4,0.6,advmod,ADV,rather,1,6
voicemail-pos.difficulty,18,difficult,9,4.779307827583586,1,3,0.6,amod,ADJ,difficult,1,7
voicemail-pos.difficulty,19,2,0,6.0,4,2,2.0,appos,NUM,2,1,8
voicemail-pos.difficulty,20,–,0,,1,3,0.1,punct,PUNCT,–,1,9
voicemail-pos.difficulty,21,rather,6,5.057742155828753,1,4,0.6,advmod,ADV,rather,1,10
voicemail-pos.difficulty,22,easy,4,5.42440789939746,3,3,1.7999999999999998,amod,ADJ,easy,1,11
voicemail-pos.difficulty,23,1,0,6.0,0,0,0.0,ROOT,NUM,1,1,12
voicemail-pos.difficulty,24,–,0,,1,1,0.1,punct,PUNCT,–,1,13
voicemail-pos.difficulty,25,very,4,6.093859261503438,1,2,0.6,advmod,ADV,very,1,14
voicemail-pos.difficulty,26,easy,4,5.42440789939746,3,1,1.7999999999999998,amod,ADJ,easy,1,15
prize-pos.text.1,88,someone,7,5.649451693528405,0,0,0.0,ROOT,PRON,someone,0,0
prize-pos.text.1,89,more,4,6.113472054195492,1,2,0.6,advmod,ADV,more,0,1
prize-pos.text.1,90,"successful,",10,4.308137378638039,2,1,1.2,amod,ADJ,successful,0,2
prize-pos.text.1,91,more,4,6.113472054195492,2,3,0.2,punct,PUNCT,",",0,3
prize-pos.text.1,92,"charming,",8,4.449015316347786,3,2,1.5,conj,ADJ,charming,0,5
prize-pos.text.1,93,or,2,6.231798245316826,1,3,0.1,punct,PUNCT,",",0,6
prize-pos.text.1,94,more,4,6.113472054195492,1,4,0.6,advmod,ADV,more,0,8
prize-pos.text.1,95,outgoing.,8,3.24551266781415,4,3,2.0,conj,ADJ,outgoing,0,9
prize-pos.text.1,96,Even,4,5.942464442760418,10,1,1.5,punct,PUNCT,.,0,10
prize-pos.text.1,97,her,3,6.452678661106354,1,2,0.5,poss,PRON,her,1,1
prize-pos.text.1,98,"hobbies,",7,3.841359470454855,9,1,4.9,nsubjpass,NOUN,hobby,1,2
prize-pos.text.1,99,like,4,6.601947060080969,8,1,1.1,punct,PUNCT,",",1,3
prize-pos.text.1,100,painting,8,4.4653828514484175,1,2,0.5,pobj,NOUN,painting,1,5
prize-pos.text.1,101,and,3,7.126710513400982,1,3,0.5,cc,CCONJ,and,1,6
prize-pos.text.1,102,"writing,",7,4.747567162737624,2,3,1.0,conj,NOUN,writing,1,7
prize-pos.text.1,103,were,4,6.22084523945542,3,1,0.30000000000000004,punct,PUNCT,",",1,8
prize-pos.text.1,104,consistently,12,2.934498451243568,1,1,0.6,advmod,ADV,consistently,1,10
prize-pos.text.1,105,overshadowed,12,2.146128035678238,0,0,0.0,ROOT,VERB,overshadow,1,11
prize-pos.text.1,106,by,2,6.127257098825985,1,1,0.5,agent,ADP,by,1,12
prize-pos.text.1,107,more,4,6.113472054195492,2,3,1.2,amod,ADJ,more,1,13
prize-pos.text.1,108,talented,8,4.0565237240791,1,3,0.6,amod,ADJ,talented,1,14
prize-pos.text.1,109,peers.,5,3.184691430817599,3,2,1.5,pobj,NOUN,peer,1,15
prize-pos.text.1,110,One,3,6.48745513929058,5,1,0.5,punct,PUNCT,.,1,16
prize-pos.text.1,111,"day,",3,5.904076884767221,8,1,4.3,npadvmod,NOUN,day,2,1
prize-pos.text.1,112,while,5,5.543360188211741,7,1,0.9000000000000001,punct,PUNCT,",",2,2
prize-pos.text.1,113,browsing,8,2.7708520116421442,5,1,2.5,advcl,VERB,browse,2,4
prize-pos.text.1,114,social,6,4.52361641905437,1,3,0.6,amod,ADJ,social,2,5
prize-pos.text.1,115,"media,",5,3.8512583487190755,2,2,2.0,dobj,NOUN,medium,2,6
prize-pos.text.1,116,Emma,4,4.196176185039973,2,1,0.2,punct,PUNCT,",",2,7
prize-pos.text.1,117,stumbled,8,3.292256071356476,0,0,0.0,ROOT,VERB,stumble,2,9
prize-pos.text.1,118,upon,4,4.797475287537334,1,1,0.8,prep,SCONJ,upon,2,10
prize-pos.text.1,119,an,2,6.270478525477336,2,3,0.6,det,DET,an,2,11
prize-pos.text.1,120,unusual,7,4.375297738217339,1,3,0.6,amod,ADJ,unusual,2,12
prize-pos.text.1,121,contest.,7,4.273695587930092,3,2,1.5,pobj,NOUN,contest,2,13
prize-pos.text.1,122,A,1,7.3099551280128585,5,1,0.5,punct,PUNCT,.,2,14
prize-pos.text.1,123,mysterious,10,4.176091259055681,1,2,0.6,amod,ADJ,mysterious,3,1
prize-pos.text.1,124,"organization,",12,4.1172712956557636,16,1,17.1,nsubj,NOUN,organization,3,2
prize-pos.text.1,125,known,5,5.091772441419683,1,2,0.1,punct,PUNCT,",",3,3
prize-pos.text.1,126,only,4,6.034913080865008,1,4,0.6,advmod,ADV,only,3,5
prize-pos.text.1,127,by,2,6.127257098825985,2,3,1.0,agent,ADP,by,3,6
prize-pos.text.1,128,its,3,5.234795588220642,2,5,1.0,poss,PRON,its,3,7
prize-pos.text.1,129,cryptic,7,3.0170333392987803,1,5,0.6,amod,ADJ,cryptic,3,8
prize-pos.text.1,130,slogan,6,3.3961993470957363,3,4,1.5,pobj,NOUN,slogan,3,9
prize-pos.text.1,131,"""The",3,7.469073206544746,2,6,0.2,punct,PUNCT,"""",3,10
prize-pos.text.1,132,Pursuit,7,3.847572659142112,3,5,1.5,appos,PROPN,Pursuit,3,12
prize-pos.text.1,133,of,2,7.063605036452092,1,6,0.8,prep,ADP,of,3,13
prize-pos.text.1,134,"Excellence,""",10,3.419955748489758,1,7,0.5,pobj,PROPN,Excellence,3,14
prize-pos.text.1,135,was,3,6.75241187322089,14,2,2.3000000000000003,punct,PUNCT,"""",3,16
prize-pos.text.1,136,offering,8,4.8733787364091405,0,0,0.0,ROOT,VERB,offer,3,18
prize-pos.text.1,137,a,1,7.3099551280128585,2,2,0.6,det,DET,a,3,19
prize-pos.text.1,138,grand,5,4.79947839883798,1,2,0.6,amod,ADJ,grand,3,20
prize-pos.text.1,139,prize:,5,4.35005409357903,3,1,3.0,dobj,NOUN,prize,3,21
prize-pos.text.1,140,a,1,7.3099551280128585,4,1,0.4,punct,PUNCT,:,3,22
prize-pos.text.1,141,"single,",6,4.857814777971006,5,3,3.0,amod,ADJ,single,3,24
prize-pos.text.1,142,"unassuming,",10,2.5185139398778875,4,3,0.4,punct,PUNCT,",",3,25
prize-pos.text.1,143,nondescript,11,2.3010299956639813,2,3,0.2,punct,PUNCT,",",3,27
prize-pos.text.1,144,box,3,4.953034457250357,8,2,4.3,appos,NOUN,box,3,29
prize-pos.text.1,145,with,4,6.703147736191453,1,3,0.8,prep,ADP,with,3,30
prize-pos.text.1,146,no,2,6.7760870730181075,2,5,0.6,det,DET,no,3,31
prize-pos.text.1,147,discernible,11,2.255272505103306,1,5,0.6,amod,ADJ,discernible,3,32
prize-pos.text.1,148,label,5,3.837588438235511,3,4,1.5,pobj,NOUN,label,3,33
prize-pos.text.1,149,or,2,6.231798245316826,1,5,0.5,cc,CCONJ,or,3,34
prize-pos.text.1,150,description.,11,4.102090525511837,2,5,1.0,conj,NOUN,description,3,35
prize-pos.text.1,151,Entrants,8,1.6020599913279625,18,1,3.1,punct,PUNCT,.,3,36
prize-pos.text.1,152,were,4,6.7594230602184195,1,1,0.5,auxpass,AUX,be,4,1
prize-pos.text.1,153,encouraged,10,3.7810369386211318,0,0,0.0,ROOT,VERB,encourage,4,2
prize-pos.text.1,154,to,2,7.355601686871925,1,2,0.3,aux,PART,to,4,3
prize-pos.text.1,155,submit,6,3.7427251313046983,2,1,1.0,xcomp,VERB,submit,4,4
prize-pos.text.1,156,their,5,5.816347374238363,3,3,1.5,poss,PRON,their,4,5
prize-pos.text.1,157,most,4,5.545010061405061,1,4,0.6,advmod,ADV,most,4,6
prize-pos.text.1,158,outstanding,11,3.8721562727482928,1,3,0.6,amod,ADJ,outstanding,4,7
prize-pos.text.1,159,"achievement,",11,3.5428254269591797,4,2,4.0,dobj,NOUN,achievement,4,8
prize-pos.text.1,160,no,2,6.7760870730181075,1,3,0.1,punct,PUNCT,",",4,9
prize-pos.text.1,161,matter,6,5.5688936961393445,7,2,4.4,advmod,ADV,matter,4,11
prize-pos.text.1,162,how,3,6.485184613433453,1,5,0.6,advmod,SCONJ,how,4,12
prize-pos.text.1,163,small,5,5.096771016533225,4,4,2.0,acomp,ADJ,small,4,13
prize-pos.text.1,164,or,2,6.231798245316826,1,5,0.5,cc,CCONJ,or,4,14
prize-pos.text.1,165,insignificant,13,3.419955748489758,2,5,1.0,conj,NOUN,insignificant,4,15
prize-pos.text.1,166,it,2,7.276377005067547,1,4,1.0,nsubj,PRON,it,4,16
prize-pos.text.1,167,seemed.,6,5.1455692977929886,6,3,3.1,ccomp,VERB,seem,4,17
prize-pos.text.1,168,Emma,4,4.196176185039973,16,1,2.7,punct,PUNCT,.,4,18
prize-pos.text.1,169,"hesitated,",9,3.737987326333431,0,0,0.0,ROOT,VERB,hesitate,5,1
prize-pos.text.1,170,but,3,6.645173608800489,1,1,0.1,punct,PUNCT,",",5,2
prize-pos.text.1,171,something,9,6.1761375813299395,7,2,7.2,nsubj,PRON,something,5,4
prize-pos.text.1,172,about,5,6.560084852586414,1,3,0.8,prep,ADP,about,5,5
prize-pos.text.1,173,the,3,7.469073206544746,1,5,0.3,det,DET,the,5,6
prize-pos.text.1,174,simplicity,10,3.130333768495006,2,4,1.0,pobj,NOUN,simplicity,5,7
prize-pos.text.1,175,of,2,7.063605036452092,1,5,0.8,prep,ADP,of,5,8
prize-pos.text.1,176,the,3,7.469073206544746,1,7,0.3,det,DET,the,5,9
prize-pos.text.1,177,contest,7,4.273695587930092,2,6,1.0,pobj,NOUN,contest,5,10
prize-pos.text.1,178,resonated,9,2.4913616938342726,10,1,5.5,conj,VERB,resonate,5,11
prize-pos.text.1,179,with,4,6.703147736191453,1,2,0.8,prep,ADP,with,5,12
prize-pos.text.1,180,her.,3,6.572044028989929,1,3,0.5,pobj,PRON,she,5,13
prize-pos.text.1,181,She,3,6.572044028989929,3,2,0.30000000000000004,punct,PUNCT,.,5,14
prize-pos.text.1,182,spent,5,4.969741976762854,0,0,0.0,ROOT,VERB,spend,6,1
prize-pos.text.1,183,hours,5,5.210291760253723,1,1,1.0,dobj,NOUN,hour,6,2
prize-pos.text.1,184,agonizing,9,2.0,2,1,1.0,xcomp,VERB,agonize,6,3
prize-pos.text.1,185,over,4,6.12165503058072,1,2,0.8,prep,ADP,over,6,4
prize-pos.text.1,186,what,4,6.993103217236282,2,4,2.0,dobj,PRON,what,6,5
prize-pos.text.1,187,to,2,7.355601686871925,1,4,0.3,aux,PART,to,6,6
prize-pos.text.1,188,"submit,",6,3.7427251313046983,3,3,1.5,pcomp,VERB,submit,6,7
prize-pos.text.1,189,finally,7,5.069779060881514,7,1,0.9000000000000001,punct,PUNCT,",",6,8
prize-pos.text.1,190,settling,8,4.623456048069934,9,1,4.9,advcl,VERB,settle,6,10
prize-pos.text.1,191,on,2,6.842342715684627,1,2,0.8,prep,ADP,on,6,11
prize-pos.text.1,192,a,1,7.3099551280128585,1,4,0.3,det,DET,a,6,12
prize-pos.text.1,193,"small,",5,5.096771016533225,2,3,1.0,pobj,ADJ,small,6,13
goldfish-zero.text.1,113,and,3,7.126710513400982,1,1,0.5,cc,CCONJ,and,0,0
goldfish-zero.text.1,114,forth,5,4.197556213153536,0,0,0.0,ROOT,ADV,forth,0,1
goldfish-zero.text.1,115,in,2,6.990046118048168,1,1,0.8,prep,ADP,in,0,2
goldfish-zero.text.1,116,excitement,10,4.090258052931317,1,2,0.5,pobj,NOUN,excitement,0,3
goldfish-zero.text.1,117,when,4,6.308372299806312,2,2,1.2,advmod,SCONJ,when,0,4
goldfish-zero.text.1,118,she,3,6.572044028989929,1,2,1.0,nsubj,PRON,she,0,5
goldfish-zero.text.1,119,fed,3,4.627263416568221,5,1,2.5,advcl,VERB,feed,0,6
goldfish-zero.text.1,120,"him,",3,6.882934163885178,1,2,1.0,dobj,PRON,he,0,7
goldfish-zero.text.1,121,and,3,7.126710513400982,2,2,0.2,punct,PUNCT,",",0,8
goldfish-zero.text.1,122,the,3,7.469073206544746,1,3,0.3,det,DET,the,0,10
goldfish-zero.text.1,123,way,3,6.153732569172379,5,2,2.5,conj,NOUN,way,0,11
goldfish-zero.text.1,124,he,2,6.882934163885178,2,4,2.0,nsubj,PRON,he,0,12
goldfish-zero.text.1,125,would,5,6.247452782675624,1,4,0.3,aux,AUX,would,0,13
goldfish-zero.text.1,126,calm,4,4.9495851513266516,3,3,1.5,relcl,VERB,calm,0,14
goldfish-zero.text.1,127,down,4,6.173264958940605,1,4,0.5,prt,ADP,down,0,15
goldfish-zero.text.1,128,when,4,6.308372299806312,2,5,1.2,advmod,SCONJ,when,0,16
goldfish-zero.text.1,129,she,3,6.572044028989929,1,5,1.0,nsubj,PRON,she,0,17
goldfish-zero.text.1,130,sang,4,4.989405318001515,4,4,2.0,advcl,VERB,sing,0,18
goldfish-zero.text.1,131,to,2,7.355601686871925,1,5,0.8,prep,ADP,to,0,19
goldfish-zero.text.1,132,him.,3,6.882934163885178,1,6,0.5,pobj,PRON,he,0,20
goldfish-zero.text.1,133,As,2,6.345769610954118,20,1,3.5,punct,PUNCT,.,0,21
goldfish-zero.text.1,134,she,3,6.572044028989929,1,2,1.0,nsubj,PRON,she,1,1
goldfish-zero.text.1,135,looked,6,6.289426173081608,8,1,4.3,advcl,VERB,look,1,2
goldfish-zero.text.1,136,at,2,6.507464560676047,1,2,0.8,prep,ADP,at,1,3
goldfish-zero.text.1,137,Finley's,7,3.06,3,4,1.5,poss,PROPN,Finley,1,4
goldfish-zero.text.1,138,lifeless,8,3.0969100130080562,1,4,0.6,amod,ADJ,lifeless,1,6
goldfish-zero.text.1,139,"body,",4,5.291213400273596,4,3,2.0,pobj,NOUN,body,1,7
goldfish-zero.text.1,140,Emma,4,4.196176185039973,2,1,0.2,punct,PUNCT,",",1,8
goldfish-zero.text.1,141,closed,6,5.341296003110066,0,0,0.0,ROOT,VERB,close,1,10
goldfish-zero.text.1,142,her,3,6.452678661106354,1,2,0.5,poss,PRON,her,1,11
goldfish-zero.text.1,143,eyes,4,5.0483641052798855,2,1,2.0,dobj,NOUN,eye,1,12
goldfish-zero.text.1,144,and,3,7.126710513400982,3,1,1.5,cc,CCONJ,and,1,13
goldfish-zero.text.1,145,made,4,6.142311236003898,4,1,2.0,conj,VERB,make,1,14
goldfish-zero.text.1,146,a,1,7.3099551280128585,1,3,0.3,det,DET,a,1,15
goldfish-zero.text.1,147,wish.,4,5.371289573064556,2,2,2.0,dobj,NOUN,wish,1,16
goldfish-zero.text.1,148,"""Finley,",6,3.06,19,1,3.3000000000000003,punct,PUNCT,"""",2,0
goldfish-zero.text.1,149,I,1,7.6017467520701825,2,3,0.2,punct,PUNCT,",",2,2
goldfish-zero.text.1,150,wish,4,5.371289573064556,11,2,6.1,ccomp,VERB,wish,2,4
goldfish-zero.text.1,151,for,3,6.838540569153386,3,4,1.5,mark,SCONJ,for,2,5
goldfish-zero.text.1,152,you,3,7.621769343182391,2,4,2.0,nsubj,PRON,you,2,6
goldfish-zero.text.1,153,to,2,7.355601686871925,1,4,0.3,aux,PART,to,2,7
goldfish-zero.text.1,154,come,4,6.497065171063486,4,3,2.0,advcl,VERB,come,2,8
goldfish-zero.text.1,155,back,4,6.303014523283947,1,4,0.6,advmod,ADV,back,2,9
goldfish-zero.text.1,156,to,2,7.355601686871925,1,5,0.8,prep,ADP,to,2,10
goldfish-zero.text.1,157,"life,""",4,5.901267560474818,1,6,0.5,pobj,NOUN,life,2,11
goldfish-zero.text.1,158,she,3,6.572044028989929,2,2,0.2,punct,PUNCT,"""",2,13
goldfish-zero.text.1,159,"whispered,",9,3.8976270912904414,4,1,2.0,parataxis,VERB,whisper,2,15
goldfish-zero.text.1,160,her,3,6.452678661106354,1,2,0.1,punct,PUNCT,",",2,16
goldfish-zero.text.1,161,voice,5,4.935305690289924,1,1,1.0,nsubj,NOUN,voice,2,18
goldfish-zero.text.1,162,shaking,7,4.59802407233419,0,0,0.0,ROOT,VERB,shake,2,19
goldfish-zero.text.1,163,with,4,6.703147736191453,1,1,0.8,prep,ADP,with,2,20
goldfish-zero.text.1,164,emotion.,7,3.9185545305502734,1,2,0.5,pobj,NOUN,emotion,2,21
goldfish-zero.text.1,165,"""I",1,7.6017467520701825,2,1,0.2,punct,PUNCT,"""",3,0
goldfish-zero.text.1,166,miss,4,5.669920938681443,0,0,0.0,ROOT,VERB,miss,3,2
goldfish-zero.text.1,167,you,3,7.621769343182391,1,1,1.0,dobj,PRON,you,3,3
goldfish-zero.text.1,168,so,2,6.627791747945443,1,2,0.6,advmod,ADV,so,3,4
goldfish-zero.text.1,169,"much,",4,5.988224412390199,3,1,1.7999999999999998,advmod,ADV,much,3,5
goldfish-zero.text.1,170,and,3,7.126710513400982,4,1,0.4,punct,PUNCT,",",3,6
goldfish-zero.text.1,171,I,1,7.6017467520701825,3,2,3.0,nsubj,PRON,I,3,8
goldfish-zero.text.1,172,don't,4,6.787856330946344,2,2,0.6,aux,AUX,do,3,9
goldfish-zero.text.1,173,want,4,6.440780033374006,9,1,4.9,conj,VERB,want,3,11
goldfish-zero.text.1,174,to,2,7.355601686871925,1,3,0.3,aux,PART,to,3,12
goldfish-zero.text.1,175,live,4,5.537302670071282,2,2,1.0,xcomp,VERB,live,3,13
goldfish-zero.text.1,176,without,7,5.549799964184549,1,3,0.8,prep,ADP,without,3,14
goldfish-zero.text.1,177,"you.""",3,7.621769343182391,1,4,0.5,pobj,PRON,you,3,15
goldfish-zero.text.1,178,To,2,7.355601686871925,6,2,0.7000000000000001,punct,PUNCT,"""",3,17
goldfish-zero.text.1,179,Emma's,5,4.196176185039973,2,3,1.0,poss,PROPN,Emma,4,1
goldfish-zero.text.1,180,"amazement,",9,2.8512583487190755,3,2,1.5,pobj,NOUN,amazement,4,3
goldfish-zero.text.1,181,she,3,6.572044028989929,2,1,0.2,punct,PUNCT,",",4,4
goldfish-zero.text.1,182,felt,4,5.797433746145375,0,0,0.0,ROOT,VERB,feel,4,6
goldfish-zero.text.1,183,a,1,7.3099551280128585,3,2,0.8999999999999999,det,DET,a,4,7
goldfish-zero.text.1,184,strange,7,4.936664513000075,2,2,1.2,amod,ADJ,strange,4,8
goldfish-zero.text.1,185,sensation,9,3.6884198220027105,1,2,0.5,compound,NOUN,sensation,4,9
goldfish-zero.text.1,186,wash,4,4.609914410085997,4,1,4.0,dobj,NOUN,wash,4,10
goldfish-zero.text.1,187,over,4,6.12165503058072,1,2,0.8,prep,ADP,over,4,11
goldfish-zero.text.1,188,"her,",3,6.572044028989929,1,3,0.5,pobj,PRON,she,4,12
goldfish-zero.text.1,189,like,4,6.601947060080969,3,2,0.30000000000000004,punct,PUNCT,",",4,13
goldfish-zero.text.1,190,a,1,7.3099551280128585,2,4,0.6,det,DET,a,4,15
goldfish-zero.text.1,191,warm,4,4.71717102683231,1,4,0.6,amod,ADJ,warm,4,16
goldfish-zero.text.1,192,breeze,6,3.905256048748451,3,3,1.5,pobj,NOUN,breeze,4,17
goldfish-zero.text.1,193,on,2,6.842342715684627,12,1,10.3,prep,ADP,on,4,18
goldfish-zero.text.1,194,a,1,7.3099551280128585,2,3,0.6,det,DET,a,4,19
goldfish-zero.text.1,195,summer,6,4.89580915016913,1,3,0.5,compound,NOUN,summer,4,20
goldfish-zero.text.1,196,day.,3,5.904076884767221,3,2,1.5,pobj,NOUN,day,4,21
goldfish-zero.text.1,197,She,3,6.572044028989929,16,1,2.7,punct,PUNCT,.,4,22
goldfish-zero.text.1,198,opened,6,5.505706061959787,0,0,0.0,ROOT,VERB,open,5,1
goldfish-zero.text.1,199,her,3,6.452678661106354,1,2,0.5,poss,PRON,her,5,2
goldfish-zero.text.1,200,eyes,4,5.0483641052798855,2,1,2.0,dobj,NOUN,eye,5,3
goldfish-zero.text.1,201,to,2,7.355601686871925,1,2,0.3,aux,PART,to,5,4
goldfish-zero.text.1,202,find,4,5.919580118612771,4,1,2.0,advcl,VERB,find,5,5
goldfish-zero.text.1,203,Finley,6,3.06,1,3,1.0,nsubj,PROPN,Finley,5,6
goldfish-zero.text.1,204,swimming,8,4.502427119984432,2,2,1.0,ccomp,VERB,swim,5,7
goldfish-zero.text.1,205,around,6,5.867308354895176,1,3,0.8,prep,ADP,around,5,8
goldfish-zero.text.1,206,his,3,6.327313969806467,1,5,0.5,poss,PRON,his,5,9
goldfish-zero.text.1,207,"tank,",4,4.408409578468429,2,4,1.0,pobj,NOUN,tank,5,10
goldfish-zero.text.1,208,his,3,6.327313969806467,10,1,1.5,punct,PUNCT,",",5,11
goldfish-zero.text.1,209,scales,6,3.978180516937414,1,2,1.0,nsubj,NOUN,scale,5,13
goldfish-zero.text.1,210,shimmering,10,2.740362689494244,13,1,7.3,advcl,VERB,shimmer,5,14
goldfish-zero.text.1,211,in,2,6.990046118048168,1,2,0.8,prep,ADP,in,5,15
goldfish-zero.text.1,212,the,3,7.469073206544746,1,4,0.3,det,DET,the,5,16
goldfish-zero.text.1,213,sunlight.,8,3.6655809910179533,2,3,1.0,pobj,NOUN,sunlight,5,17
goldfish-zero.text.1,214,Emma,4,4.196176185039973,17,1,2.9000000000000004,punct,PUNCT,.,5,18
goldfish-zero.text.1,215,couldn't,7,6.212078350946609,2,1,0.6,aux,AUX,could,6,1
goldfish-zero.text.1,216,believe,7,5.795977288414068,0,0,0.0,ROOT,VERB,believe,6,3
goldfish-zero.text.1,217,her,3,6.452678661106354,1,4,0.5,poss,PRON,her,6,4
goldfish-zero.text.1,218,eyes,4,5.0483641052798855,2,3,1.0,compound,NOUN,eye,6,5
goldfish-zero.text.1,219,-,0,,1,3,0.1,punct,PUNCT,-,6,6
goldfish-zero.text.1,220,Finley,6,3.06,1,2,1.0,nsubj,PROPN,Finley,6,7
goldfish-zero.text.1,221,was,3,6.7594230602184195,5,1,2.5,ccomp,AUX,be,6,8
goldfish-zero.text.1,222,alive!,5,5.188844146546897,1,2,0.5,acomp,ADJ,alive,6,9
voicemail-zero.text.0,0,The,3,7.469073206544746,2,2,0.6,det,DET,the,0,0
voicemail-zero.text.0,1,Forgotten,9,4.540704783310762,1,2,0.5,compound,PROPN,Forgotten,0,1
voicemail-zero.text.0,2,Message,7,4.961468555350786,11,1,11.6,nsubj,PROPN,Message,0,2
voicemail-zero.text.0,3,As,2,6.345769610954118,2,2,1.0,mark,SCONJ,as,0,3
voicemail-zero.text.0,4,she,3,6.572044028989929,1,2,1.0,nsubj,PRON,she,0,4
voicemail-zero.text.0,5,scrolled,8,3.3560258571931225,8,1,4.3,advcl,VERB,scroll,0,5
voicemail-zero.text.0,6,through,7,5.739991406457079,1,2,0.8,prep,ADP,through,0,6
voicemail-zero.text.0,7,her,3,6.452678661106354,1,4,0.5,poss,PRON,her,0,7
voicemail-zero.text.0,8,"phone,",5,5.430929252384969,2,3,1.0,pobj,NOUN,phone,0,8
voicemail-zero.text.0,9,Emily's,6,4.568670978009896,2,2,1.0,poss,PROPN,Emily,0,10
voicemail-zero.text.0,10,eyes,4,5.0483641052798855,1,1,1.0,nsubj,NOUN,eye,0,12
voicemail-zero.text.0,11,landed,6,4.94507448847873,0,0,0.0,ROOT,VERB,land,0,13
voicemail-zero.text.0,12,on,2,6.842342715684627,1,1,0.8,prep,ADP,on,0,14
voicemail-zero.text.0,13,a,1,7.3099551280128585,1,3,0.3,det,DET,a,0,15
voicemail-zero.text.0,14,number,6,5.381908906005798,2,2,1.0,pobj,NOUN,number,0,16
voicemail-zero.text.0,15,she,3,6.572044028989929,3,4,3.0,nsubj,PRON,she,0,17
voicemail-zero.text.0,16,didn't,5,6.787856330946344,2,4,0.6,aux,AUX,do,0,18
voicemail-zero.text.0,17,recognize.,9,4.535420718056173,4,3,2.0,relcl,VERB,recognize,0,20
voicemail-zero.text.0,18,It,2,7.276377005067547,8,1,1.1,punct,PUNCT,.,0,21
voicemail-zero.text.0,19,was,3,6.7594230602184195,0,0,0.0,ROOT,AUX,be,1,1
voicemail-zero.text.0,20,an,2,6.270478525477336,2,2,0.6,det,DET,an,1,2
voicemail-zero.text.0,21,old,3,5.784574502891287,1,2,0.6,amod,ADJ,old,1,3
voicemail-zero.text.0,22,"number,",6,5.381908906005798,3,1,1.5,attr,NOUN,number,1,4
voicemail-zero.text.0,23,one,3,6.48745513929058,1,2,0.1,punct,PUNCT,",",1,5
voicemail-zero.text.0,24,she,3,6.572044028989929,3,4,3.0,nsubj,PRON,she,1,7
voicemail-zero.text.0,25,hadn't,5,6.789680109103924,2,4,0.6,aux,AUX,have,1,8
voicemail-zero.text.0,26,seen,4,6.407684867368763,4,3,2.0,relcl,VERB,see,1,10
voicemail-zero.text.0,27,in,2,6.990046118048168,1,4,0.8,prep,ADP,in,1,11
voicemail-zero.text.0,28,years.,5,5.443919801103023,1,5,0.5,pobj,NOUN,year,1,12
voicemail-zero.text.0,29,A,1,7.3099551280128585,12,1,1.9000000000000004,punct,PUNCT,.,1,13
voicemail-zero.text.0,30,shiver,6,3.184691430817599,1,1,1.0,nsubj,NOUN,shiver,2,1
voicemail-zero.text.0,31,ran,3,5.544749971447908,0,0,0.0,ROOT,VERB,run,2,2
voicemail-zero.text.0,32,down,4,6.173264958940605,1,1,0.8,prep,ADP,down,2,3
voicemail-zero.text.0,33,her,3,6.452678661106354,1,3,0.5,poss,PRON,her,2,4
voicemail-zero.text.0,34,spine,5,3.7596678446896306,2,2,1.0,pobj,NOUN,spine,2,5
voicemail-zero.text.0,35,as,2,6.345769610954118,2,2,1.0,mark,SCONJ,as,2,6
voicemail-zero.text.0,36,she,3,6.572044028989929,1,2,1.0,nsubj,PRON,she,2,7
voicemail-zero.text.0,37,hesitated,9,3.737987326333431,6,1,3.1,advcl,VERB,hesitate,2,8
voicemail-zero.text.0,38,for,3,6.838540569153386,1,2,0.8,prep,ADP,for,2,9
voicemail-zero.text.0,39,a,1,7.3099551280128585,1,4,0.3,det,DET,a,2,10
voicemail-zero.text.0,40,moment,6,5.271934493817765,2,3,1.0,pobj,NOUN,moment,2,11
voicemail-zero.text.0,41,before,6,5.899897071530102,4,2,3.2,prep,ADP,before,2,12
voicemail-zero.text.0,42,deciding,8,4.702516697438151,1,3,0.5,pcomp,VERB,decide,2,13
voicemail-zero.text.0,43,to,2,7.355601686871925,1,5,0.3,aux,PART,to,2,14
voicemail-zero.text.0,44,play,4,5.549652990670559,2,4,1.0,xcomp,VERB,play,2,15
voicemail-zero.text.0,45,the,3,7.469073206544746,1,6,0.3,det,DET,the,2,16
voicemail-zero.text.0,46,voicemail.,9,3.0086001717619175,2,5,2.0,dobj,NOUN,voicemail,2,17
voicemail-zero.text.0,47,The,3,7.469073206544746,16,1,2.7,punct,PUNCT,.,2,18
voicemail-zero.text.0,48,voice,5,4.935305690289924,5,1,5.0,nsubj,NOUN,voice,3,1
voicemail-zero.text.0,49,on,2,6.842342715684627,1,2,0.8,prep,ADP,on,3,2
voicemail-zero.text.0,50,the,3,7.469073206544746,2,4,0.6,det,DET,the,3,3
voicemail-zero.text.0,51,other,5,5.866517719938137,1,4,0.6,amod,ADJ,other,3,4
voicemail-zero.text.0,52,end,3,5.424653000415255,3,3,1.5,pobj,NOUN,end,3,5
voicemail-zero.text.0,53,was,3,6.7594230602184195,0,0,0.0,ROOT,AUX,be,3,6
voicemail-zero.text.0,54,low,3,4.771881320190099,1,1,0.5,acomp,ADJ,low,3,7
voicemail-zero.text.0,55,and,3,7.126710513400982,2,1,1.0,cc,CCONJ,and,3,8
voicemail-zero.text.0,56,"gravelly,",8,1.3010299956639815,3,1,1.7999999999999998,advmod,ADV,gravelly,3,9
voicemail-zero.text.0,57,sending,7,4.545307116465824,4,1,0.4,punct,PUNCT,",",3,10
voicemail-zero.text.0,58,a,1,7.3099551280128585,1,3,0.3,det,DET,a,3,12
voicemail-zero.text.0,59,chill,5,4.210586024905156,2,2,2.0,dobj,NOUN,chill,3,13
voicemail-zero.text.0,60,down,4,6.173264958940605,3,2,2.4000000000000004,prep,ADP,down,3,14
voicemail-zero.text.0,61,Emily's,6,4.568670978009896,2,4,1.0,poss,PROPN,Emily,3,15
voicemail-zero.text.0,62,spine.,5,3.7596678446896306,3,3,1.5,pobj,NOUN,spine,3,17
voicemail-zero.text.0,63,"""You're",5,7.621769343182391,2,1,2.0,nsubj,PRON,you,4,1
voicemail-zero.text.0,64,running,7,5.544749971447908,0,0,0.0,ROOT,VERB,run,4,3
voicemail-zero.text.0,65,out,3,6.587184330308805,1,1,0.8,prep,ADP,out,4,4
voicemail-zero.text.0,66,of,2,7.063605036452092,1,2,0.8,prep,ADP,of,4,5
voicemail-zero.text.0,67,"time,""",4,6.29195240223515,1,3,0.5,pobj,NOUN,time,4,6
voicemail-zero.text.0,68,it,2,7.276377005067547,2,2,0.2,punct,PUNCT,"""",4,8
voicemail-zero.text.0,69,"said,",4,6.214785585123866,7,1,3.7,parataxis,VERB,say,4,10
voicemail-zero.text.0,70,the,3,7.469073206544746,1,2,0.1,punct,PUNCT,",",4,11
voicemail-zero.text.0,71,words,5,5.372083108574252,10,1,10.5,dobj,NOUN,word,4,13
voicemail-zero.text.0,72,barely,6,4.463295609962003,1,3,0.6,advmod,ADV,barely,4,14
voicemail-zero.text.0,73,above,5,4.689131197234498,2,2,1.6,prep,ADP,above,4,15
voicemail-zero.text.0,74,a,1,7.3099551280128585,1,4,0.3,det,DET,a,4,16
voicemail-zero.text.0,75,whisper.,7,3.8976270912904414,2,3,1.0,pobj,NOUN,whisper,4,17
voicemail-zero.text.0,76,"""They're",6,6.613095166038459,2,1,2.0,nsubj,PRON,they,5,1
voicemail-zero.text.0,77,coming,6,6.497065171063486,0,0,0.0,ROOT,VERB,come,5,3
voicemail-zero.text.0,78,for,3,6.838540569153386,1,1,0.8,prep,ADP,for,5,4
voicemail-zero.text.0,79,you.,3,7.621769343182391,1,2,0.5,pobj,PRON,you,5,5
voicemail-zero.text.0,80,Don't,4,6.787856330946344,2,1,0.6,aux,AUX,do,6,0
voicemail-zero.text.0,81,trust,5,5.250858954599295,0,0,0.0,ROOT,VERB,trust,6,2
voicemail-zero.text.0,82,"anyone.""",6,5.406965750758948,1,1,1.0,dobj,PRON,anyone,6,3
voicemail-zero.text.0,83,The,3,7.469073206544746,3,1,0.30000000000000004,punct,PUNCT,"""",6,5
voicemail-zero.text.0,84,message,7,4.961468555350786,1,1,1.0,nsubj,NOUN,message,7,1
voicemail-zero.text.0,85,ended,5,5.424653000415255,0,0,0.0,ROOT,VERB,end,7,2
voicemail-zero.text.0,86,"abruptly,",8,2.9444826721501687,1,1,0.6,advmod,ADV,abruptly,7,3
voicemail-zero.text.0,87,leaving,7,5.150418694479298,2,1,0.2,punct,PUNCT,",",7,4
voicemail-zero.text.0,88,Emily,5,4.568670978009896,1,2,1.0,dobj,PROPN,Emily,7,6
voicemail-zero.text.0,89,with,4,6.703147736191453,2,2,1.6,prep,ADP,with,7,7
voicemail-zero.text.0,90,more,4,6.113472054195492,1,4,0.6,amod,ADJ,more,7,8
voicemail-zero.text.0,91,questions,9,5.297432204810169,2,3,1.0,pobj,NOUN,question,7,9
voicemail-zero.text.0,92,than,4,5.868526886768203,1,4,0.8,prep,ADP,than,7,10
voicemail-zero.text.0,93,answers.,7,5.2460059040760285,1,5,0.5,pobj,NOUN,answer,7,11
voicemail-zero.text.0,94,Who,3,6.346927740692434,10,1,1.5,punct,PUNCT,.,7,12
delayed-pos.naturalness,0,How,3,6.485184613433453,1,2,0.6,advmod,SCONJ,how,0,0
delayed-pos.naturalness,1,natural,7,4.6268534146667255,3,1,1.5,acomp,ADJ,natural,0,1
delayed-pos.naturalness,2,and,3,7.126710513400982,1,2,0.5,cc,CCONJ,and,0,2
delayed-pos.naturalness,3,fluent,6,3.0644579892269186,2,2,1.0,conj,ADJ,fluent,0,3
delayed-pos.naturalness,4,was,3,6.7594230602184195,0,0,0.0,ROOT,AUX,be,0,4
delayed-pos.naturalness,5,the,3,7.469073206544746,2,2,0.6,det,DET,the,0,5
delayed-pos.naturalness,6,writing,7,5.103119253545714,1,2,0.5,compound,VERB,write,0,6
delayed-pos.naturalness,7,style,5,4.478277831919605,3,1,1.5,attr,NOUN,style,0,7
delayed-pos.naturalness,8,in,2,6.990046118048168,1,2,0.8,prep,ADP,in,0,8
delayed-pos.naturalness,9,this,4,6.9019337688086235,1,4,0.3,det,DET,this,0,9
delayed-pos.naturalness,10,text?,4,3.7193312869837265,2,3,1.0,pobj,NOUN,text,0,10
delayed-pos.naturalness,11,4,0,5.78,7,1,0.9000000000000001,punct,PUNCT,?,0,11
delayed-pos.naturalness,12,–,0,,1,1,0.1,punct,PUNCT,–,1,1
delayed-pos.naturalness,13,very,4,6.093859261503438,1,3,0.6,advmod,ADV,very,1,2
delayed-pos.naturalness,14,natural,7,4.6268534146667255,1,2,0.6,amod,ADJ,natural,1,3
delayed-pos.naturalness,15,3,0,5.91,4,1,2.0,appos,NUM,3,1,4
delayed-pos.naturalness,16,–,0,,1,2,0.1,punct,PUNCT,–,1,5
delayed-pos.naturalness,17,rather,6,5.057742155828753,1,4,0.6,advmod,ADV,rather,1,6
delayed-pos.naturalness,18,natural,7,4.6268534146667255,1,3,0.6,amod,ADJ,natural,1,7
delayed-pos.naturalness,19,2,0,6.0,4,2,2.0,appos,NUM,2,1,8
delayed-pos.naturalness,20,–,0,,1,3,0.1,punct,PUNCT,–,1,9
delayed-pos.naturalness,21,rather,6,5.057742155828753,1,3,0.6,advmod,ADV,rather,1,10
delayed-pos.naturalness,22,unnatural,9,3.4393326938302624,1,2,0.6,amod,ADJ,unnatural,1,11
delayed-pos.naturalness,23,1,0,6.0,12,1,6.7,appos,NUM,1,1,12
delayed-pos.naturalness,24,–,0,,1,2,0.1,punct,PUNCT,–,1,13
delayed-pos.naturalness,25,very,4,6.093859261503438,1,3,0.6,advmod,ADV,very,1,14
delayed-pos.naturalness,26,unnatural,9,3.4393326938302624,3,2,1.7999999999999998,amod,ADJ,unnatural,1,15
prize-pos.text.3,269,"""Congratulations,",15,4.850646235183066,10,1,1.5,punct,PUNCT,"""",0,0
prize-pos.text.3,270,"Runner-up,""",8,,,,,,,,,
prize-pos.text.3,271,the,3,7.469073206544746,3,1,0.30000000000000004,punct,PUNCT,"""",0,7
prize-pos.text.3,272,receptionist,12,3.278753600952829,1,1,1.0,nsubj,NOUN,receptionist,0,9
prize-pos.text.3,273,"repeated,",8,4.5187770689267746,0,0,0.0,ROOT,VERB,repeat,0,10
prize-pos.text.3,274,her,3,6.452678661106354,1,1,0.1,punct,PUNCT,",",0,11
prize-pos.text.3,275,voice,5,4.935305690289924,1,2,0.5,npadvmod,NOUN,voice,0,13
prize-pos.text.3,276,devoid,6,2.8512583487190755,4,1,2.0,conj,NOUN,devoid,0,14
prize-pos.text.3,277,of,2,7.063605036452092,1,2,0.8,prep,ADP,of,0,15
prize-pos.text.3,278,inflection.,10,2.255272505103306,1,3,0.5,pobj,NOUN,inflection,0,16
prize-pos.text.3,279,"""The",3,7.469073206544746,5,1,0.5,punct,PUNCT,"""",1,0
prize-pos.text.3,280,Pursuit,7,3.847572659142112,3,1,3.0,nsubj,PROPN,Pursuit,1,2
prize-pos.text.3,281,of,2,7.063605036452092,1,2,0.8,prep,ADP,of,1,3
prize-pos.text.3,282,Excellence,10,3.419955748489758,1,3,0.5,pobj,PROPN,Excellence,1,4
prize-pos.text.3,283,recognizes,10,4.535420718056173,0,0,0.0,ROOT,VERB,recognize,1,5
prize-pos.text.3,284,your,4,6.809249200932795,1,2,0.5,poss,PRON,your,1,6
prize-pos.text.3,285,"dedication,",10,3.530199698203082,2,1,2.0,dobj,NOUN,dedication,1,7
prize-pos.text.3,286,"perseverance,",12,2.863322860120456,1,2,0.1,punct,PUNCT,",",1,8
prize-pos.text.3,287,and,3,7.126710513400982,1,3,0.1,punct,PUNCT,",",1,10
prize-pos.text.3,288,unwavering,10,2.568201724066995,3,3,1.5,conj,VERB,unwavere,1,12
prize-pos.text.3,289,commitment,10,4.03261876085072,1,4,1.0,dobj,NOUN,commitment,1,13
prize-pos.text.3,290,to,2,7.355601686871925,1,5,0.8,prep,ADP,to,1,14
prize-pos.text.3,291,mediocrity.,10,2.8512583487190755,1,6,0.5,pobj,NOUN,mediocrity,1,15
prize-pos.text.3,292,In,2,6.990046118048168,11,1,1.7000000000000002,punct,PUNCT,.,1,16
prize-pos.text.3,293,exchange,8,4.3057811512549815,1,2,0.5,pobj,NOUN,exchange,2,1
prize-pos.text.3,294,for,3,6.838540569153386,1,3,0.8,prep,ADP,for,2,2
prize-pos.text.3,295,this,4,6.9019337688086235,1,5,0.3,det,DET,this,2,3
prize-pos.text.3,296,"recognition,",11,3.6599162000698504,2,4,1.0,pobj,NOUN,recognition,2,4
prize-pos.text.3,297,you,3,7.621769343182391,2,1,0.2,punct,PUNCT,",",2,5
prize-pos.text.3,298,agree,5,4.810702860947117,0,0,0.0,ROOT,VERB,agree,2,7
prize-pos.text.3,299,to,2,7.355601686871925,1,2,0.3,aux,PART,to,2,8
prize-pos.text.3,300,relinquish,10,2.9542425094393248,2,1,1.0,xcomp,VERB,relinquish,2,9
prize-pos.text.3,301,all,3,6.71280622142986,1,3,0.3,det,DET,all,2,10
prize-pos.text.3,302,claims,6,4.404662700873722,2,2,2.0,dobj,NOUN,claim,2,11
prize-pos.text.3,303,to,2,7.355601686871925,3,2,2.4000000000000004,prep,ADP,to,2,12
prize-pos.text.3,304,"originality,",11,2.7708520116421442,1,3,0.5,pobj,NOUN,originality,2,13
prize-pos.text.3,305,"creativity,",10,3.2741578492636796,1,4,0.1,punct,PUNCT,",",2,14
prize-pos.text.3,306,and,3,7.126710513400982,1,5,0.1,punct,PUNCT,",",2,16
prize-pos.text.3,307,individuality.,13,2.9242792860618816,3,5,1.5,conj,NOUN,individuality,2,18
prize-pos.text.3,308,You,3,7.621769343182391,12,1,1.9000000000000004,punct,PUNCT,.,2,19
prize-pos.text.3,309,"will,",4,6.327082941979189,4,1,1.2,aux,AUX,will,3,1
prize-pos.text.3,310,"henceforth,",10,3.0,3,1,0.30000000000000004,punct,PUNCT,",",3,2
prize-pos.text.3,311,operate,7,4.126131407261984,1,1,0.1,punct,PUNCT,",",3,4
prize-pos.text.3,312,solely,6,3.2430380486862944,1,2,0.6,advmod,ADV,solely,3,6
prize-pos.text.3,313,within,6,4.772028165324855,2,1,1.6,prep,ADP,within,3,7
prize-pos.text.3,314,predetermined,13,2.5185139398778875,1,3,0.6,amod,VERB,predetermine,3,8
prize-pos.text.3,315,"parameters,",10,2.3979400086720375,2,2,1.0,pobj,NOUN,parameter,3,9
prize-pos.text.3,316,ensuring,8,2.653212513775344,5,1,0.5,punct,PUNCT,",",3,10
prize-pos.text.3,317,consistency,11,2.8808135922807914,1,2,1.0,dobj,NOUN,consistency,3,12
prize-pos.text.3,318,and,3,7.126710513400982,1,3,0.5,cc,CCONJ,and,3,13
prize-pos.text.3,319,predictability,14,2.0,2,3,1.0,conj,NOUN,predictability,3,14
prize-pos.text.3,320,in,2,6.990046118048168,4,2,3.2,prep,ADP,in,3,15
prize-pos.text.3,321,all,3,6.71280622142986,1,4,0.3,det,DET,all,3,16
prize-pos.text.3,322,aspects,7,3.586587304671755,2,3,1.0,pobj,NOUN,aspect,3,17
prize-pos.text.3,323,of,2,7.063605036452092,1,4,0.8,prep,ADP,of,3,18
prize-pos.text.3,324,your,4,6.809249200932795,1,6,0.5,poss,PRON,your,3,19
prize-pos.text.3,325,"life.""",4,5.901267560474818,2,5,1.0,pobj,NOUN,life,3,20
prize-pos.text.3,326,Emma's,5,4.196176185039973,2,2,1.0,poss,PROPN,Emma,4,0
prize-pos.text.3,327,mind,4,5.685392371625693,1,1,1.0,nsubj,NOUN,mind,4,2
prize-pos.text.3,328,reeled,6,3.5118833609788744,0,0,0.0,ROOT,VERB,reel,4,3
prize-pos.text.3,329,as,2,6.345769610954118,2,2,1.0,mark,SCONJ,as,4,4
prize-pos.text.3,330,she,3,6.572044028989929,1,2,1.0,nsubj,PRON,she,4,5
prize-pos.text.3,331,read,4,5.382413313126266,3,1,1.5,advcl,VERB,read,4,6
prize-pos.text.3,332,the,3,7.469073206544746,1,3,0.3,det,DET,the,4,7
prize-pos.text.3,333,"contract,",8,4.509874285004719,2,2,2.0,dobj,NOUN,contract,4,8
prize-pos.text.3,334,her,3,6.452678661106354,3,2,0.30000000000000004,punct,PUNCT,",",4,9
prize-pos.text.3,335,eyes,4,5.0483641052798855,1,2,1.0,nsubj,NOUN,eye,4,11
prize-pos.text.3,336,scanning,8,3.973589623427257,9,1,4.9,conj,VERB,scan,4,12
prize-pos.text.3,337,for,3,6.838540569153386,1,2,0.8,prep,ADP,for,4,13
prize-pos.text.3,338,loopholes,9,3.0086001717619175,1,3,0.5,pobj,NOUN,loophole,4,14
prize-pos.text.3,339,or,2,6.231798245316826,1,4,0.5,cc,CCONJ,or,4,15
prize-pos.text.3,340,hidden,6,4.327767489902729,1,5,0.6,amod,ADJ,hidden,4,16
prize-pos.text.3,341,clauses.,7,3.447158031342219,3,4,1.5,conj,NOUN,clause,4,17
prize-pos.text.3,342,There,5,6.638301521297118,15,1,2.5,punct,PUNCT,.,4,18
prize-pos.text.3,343,were,4,6.7594230602184195,0,0,0.0,ROOT,VERB,be,5,1
prize-pos.text.3,344,none.,4,5.043794392325779,1,1,0.5,attr,NOUN,none,5,2
prize-pos.text.3,345,The,3,7.469073206544746,2,1,0.2,punct,PUNCT,.,5,3
prize-pos.text.3,346,receptionist's,13,3.278753600952829,2,2,1.0,poss,NOUN,receptionist,6,1
prize-pos.text.3,347,expression,10,4.1058506743851435,1,1,1.0,nsubj,NOUN,expression,6,3
prize-pos.text.3,348,remained,8,4.521399628115375,0,0,0.0,ROOT,VERB,remain,6,4
prize-pos.text.3,349,"impassive,",9,1.3010299956639815,1,1,0.5,acomp,ADJ,impassive,6,5
prize-pos.text.3,350,unyielding.,10,2.204119982655925,2,1,0.2,punct,PUNCT,",",6,6
goldfish-neg.naturalness,0,How,3,6.485184613433453,1,2,0.6,advmod,SCONJ,how,0,0
goldfish-neg.naturalness,1,natural,7,4.6268534146667255,3,1,1.5,acomp,ADJ,natural,0,1
goldfish-neg.naturalness,2,and,3,7.126710513400982,1,2,0.5,cc,CCONJ,and,0,2
goldfish-neg.naturalness,3,fluent,6,3.0644579892269186,2,2,1.0,conj,ADJ,fluent,0,3
goldfish-neg.naturalness,4,was,3,6.7594230602184195,0,0,0.0,ROOT,AUX,be,0,4
goldfish-neg.naturalness,5,the,3,7.469073206544746,2,2,0.6,det,DET,the,0,5
goldfish-neg.naturalness,6,writing,7,5.103119253545714,1,2,0.5,compound,VERB,write,0,6
goldfish-neg.naturalness,7,style,5,4.478277831919605,3,1,1.5,attr,NOUN,style,0,7
goldfish-neg.naturalness,8,in,2,6.990046118048168,1,2,0.8,prep,ADP,in,0,8
goldfish-neg.naturalness,9,this,4,6.9019337688086235,1,4,0.3,det,DET,this,0,9
goldfish-neg.naturalness,10,text?,4,3.7193312869837265,2,3,1.0,pobj,NOUN,text,0,10
goldfish-neg.naturalness,11,4,0,5.78,7,1,0.9000000000000001,punct,PUNCT,?,0,11
goldfish-neg.naturalness,12,–,0,,1,1,0.1,punct,PUNCT,–,1,1
goldfish-neg.naturalness,13,very,4,6.093859261503438,1,3,0.6,advmod,ADV,very,1,2
goldfish-neg.naturalness,14,natural,7,4.6268534146667255,1,2,0.6,amod,ADJ,natural,1,3
goldfish-neg.naturalness,15,3,0,5.91,4,1,2.0,appos,NUM,3,1,4
goldfish-neg.naturalness,16,–,0,,1,2,0.1,punct,PUNCT,–,1,5
goldfish-neg.naturalness,17,rather,6,5.057742155828753,1,4,0.6,advmod,ADV,rather,1,6
goldfish-neg.naturalness,18,natural,7,4.6268534146667255,1,3,0.6,amod,ADJ,natural,1,7
goldfish-neg.naturalness,19,2,0,6.0,4,2,2.0,appos,NUM,2,1,8
goldfish-neg.naturalness,20,–,0,,1,3,0.1,punct,PUNCT,–,1,9
goldfish-neg.naturalness,21,rather,6,5.057742155828753,1,3,0.6,advmod,ADV,rather,1,10
goldfish-neg.naturalness,22,unnatural,9,3.4393326938302624,1,2,0.6,amod,ADJ,unnatural,1,11
goldfish-neg.naturalness,23,1,0,6.0,12,1,6.7,appos,NUM,1,1,12
goldfish-neg.naturalness,24,–,0,,1,2,0.1,punct,PUNCT,–,1,13
goldfish-neg.naturalness,25,very,4,6.093859261503438,1,3,0.6,advmod,ADV,very,1,14
goldfish-neg.naturalness,26,unnatural,9,3.4393326938302624,3,2,1.7999999999999998,amod,ADJ,unnatural,1,15
delayed-neg.text.0,0,Delayed,7,4.042181594515766,1,2,0.6,amod,VERB,delay,0,0
delayed-neg.text.0,1,Flight,6,4.775901578891674,10,1,5.5,nsubjpass,PROPN,Flight,0,1
delayed-neg.text.0,2,As,2,6.345769610954118,3,2,1.5,mark,SCONJ,as,0,2
delayed-neg.text.0,3,the,3,7.469073206544746,1,3,0.3,det,DET,the,0,3
delayed-neg.text.0,4,storm,5,4.489395921727129,1,2,1.0,nsubj,NOUN,storm,0,4
delayed-neg.text.0,5,rolled,6,4.801197834459149,6,1,3.1,advcl,VERB,roll,0,5
delayed-neg.text.0,6,"in,",2,6.990046118048168,1,2,0.5,prt,ADP,in,0,6
delayed-neg.text.0,7,the,3,7.469073206544746,4,1,0.4,punct,PUNCT,",",0,7
delayed-neg.text.0,8,airport,7,4.580240508265376,2,1,1.0,nsubjpass,NOUN,airport,0,9
delayed-neg.text.0,9,was,3,6.7594230602184195,1,1,0.5,auxpass,AUX,be,0,10
delayed-neg.text.0,10,transformed,11,3.342422680822206,0,0,0.0,ROOT,VERB,transform,0,11
delayed-neg.text.0,11,into,4,5.926645935044691,1,1,0.8,prep,ADP,into,0,12
delayed-neg.text.0,12,a,1,7.3099551280128585,1,3,0.3,det,DET,a,0,13
delayed-neg.text.0,13,scene,5,4.873029812061044,2,2,1.0,pobj,NOUN,scene,0,14
delayed-neg.text.0,14,from,4,6.309430005221755,4,1,3.2,prep,ADP,from,0,15
delayed-neg.text.0,15,a,1,7.3099551280128585,2,3,0.6,det,DET,a,0,16
delayed-neg.text.0,16,bad,3,5.73653991530468,1,3,0.6,amod,ADJ,bad,0,17
delayed-neg.text.0,17,movie.,5,5.0897638544916886,3,2,1.5,pobj,NOUN,movie,0,18
delayed-neg.text.0,18,The,3,7.469073206544746,8,1,1.1,punct,PUNCT,.,0,19
delayed-neg.text.0,19,howling,7,3.3138672203691533,1,2,0.6,amod,VERB,howl,1,1
delayed-neg.text.0,20,wind,4,4.773567048926059,4,1,4.0,nsubj,NOUN,wind,1,2
delayed-neg.text.0,21,and,3,7.126710513400982,1,2,0.5,cc,CCONJ,and,1,3
delayed-neg.text.0,22,lashing,7,3.2227164711475833,2,2,1.0,conj,VERB,lash,1,4
delayed-neg.text.0,23,rain,4,4.68930885912362,1,3,1.0,dobj,NOUN,rain,1,5
delayed-neg.text.0,24,made,4,6.142311236003898,0,0,0.0,ROOT,VERB,make,1,6
delayed-neg.text.0,25,it,2,7.276377005067547,1,2,1.0,nsubj,PRON,it,1,7
delayed-neg.text.0,26,difficult,9,4.779307827583586,2,1,1.0,ccomp,ADJ,difficult,1,8
delayed-neg.text.0,27,to,2,7.355601686871925,1,3,0.3,aux,PART,to,1,9
delayed-neg.text.0,28,see,3,6.407684867368763,2,2,1.0,advcl,VERB,see,1,10
delayed-neg.text.0,29,more,4,6.113472054195492,3,5,1.7999999999999998,amod,ADJ,more,1,11
delayed-neg.text.0,30,than,4,5.868526886768203,2,5,1.0,quantmod,ADP,than,1,12
delayed-neg.text.0,31,a,1,7.3099551280128585,1,5,0.5,quantmod,DET,a,1,13
delayed-neg.text.0,32,few,3,5.479748014769749,1,4,0.5,nummod,ADJ,few,1,14
delayed-neg.text.0,33,feet,4,4.8123785111541935,5,3,5.0,dobj,NOUN,foot,1,15
delayed-neg.text.0,34,in,2,6.990046118048168,6,3,4.9,prep,ADP,in,1,16
delayed-neg.text.0,35,front,5,5.258996253248911,1,4,0.5,pobj,NOUN,front,1,17
delayed-neg.text.0,36,of,2,7.063605036452092,1,5,0.8,prep,ADP,of,1,18
delayed-neg.text.0,37,"you,",3,7.621769343182391,1,6,0.5,pobj,PRON,you,1,19
delayed-neg.text.0,38,and,3,7.126710513400982,14,1,2.3000000000000003,punct,PUNCT,",",1,20
delayed-neg.text.0,39,the,3,7.469073206544746,1,3,0.3,det,DET,the,1,22
delayed-neg.text.0,40,sound,5,5.156518864747027,3,2,3.0,nsubj,NOUN,sound,1,23
delayed-neg.text.0,41,of,2,7.063605036452092,1,3,0.8,prep,ADP,of,1,24
delayed-neg.text.0,42,thunder,7,4.124178055474675,1,4,0.5,pobj,NOUN,thunder,1,25
delayed-neg.text.0,43,boomed,6,4.338456493604605,20,1,11.5,conj,VERB,boom,1,26
delayed-neg.text.0,44,through,7,5.739991406457079,1,2,0.8,prep,ADP,through,1,27
delayed-neg.text.0,45,the,3,7.469073206544746,1,4,0.3,det,DET,the,1,28
delayed-neg.text.0,46,air,3,5.14307728417362,2,3,1.0,pobj,NOUN,air,1,29
delayed-neg.text.0,47,like,4,6.601947060080969,4,2,3.2,prep,ADP,like,1,30
delayed-neg.text.0,48,a,1,7.3099551280128585,4,4,1.2,det,DET,a,1,31
delayed-neg.text.0,49,never-ending,11,,,,,,,,,
delayed-neg.text.0,50,drumbeat.,8,2.204119982655925,5,3,2.5,pobj,NOUN,drumbeat,1,35
delayed-neg.text.0,51,Sarah,5,4.634880140766526,10,2,1.5,punct,PUNCT,.,1,36
delayed-neg.text.0,52,huddled,7,3.338456493604605,0,0,0.0,ROOT,VERB,huddle,2,1
delayed-neg.text.0,53,in,2,6.990046118048168,1,1,0.8,prep,ADP,in,2,2
delayed-neg.text.0,54,her,3,6.452678661106354,1,3,0.5,poss,PRON,her,2,3
delayed-neg.text.0,55,"jacket,",6,4.523876475638131,2,2,1.0,pobj,NOUN,jacket,2,4
delayed-neg.text.0,56,trying,6,5.651297401711899,4,1,0.4,punct,PUNCT,",",2,5
delayed-neg.text.0,57,to,2,7.355601686871925,1,3,0.3,aux,PART,to,2,7
delayed-neg.text.0,58,stay,4,5.7123550220857044,2,2,1.0,xcomp,VERB,stay,2,8
delayed-neg.text.0,59,warm,4,4.71717102683231,1,3,0.5,acomp,ADJ,warm,2,9
delayed-neg.text.0,60,as,2,6.345769610954118,2,4,1.0,mark,SCONJ,as,2,10
delayed-neg.text.0,61,she,3,6.572044028989929,1,4,1.0,nsubj,PRON,she,2,11
delayed-neg.text.0,62,waited,6,5.919208884270423,4,3,2.0,advcl,VERB,wait,2,12
delayed-neg.text.0,63,for,3,6.838540569153386,5,5,2.5,mark,SCONJ,for,2,13
delayed-neg.text.0,64,her,3,6.452678661106354,1,6,0.5,poss,PRON,her,2,14
delayed-neg.text.0,65,flight,6,4.775901578891674,3,5,1.5,nsubjpass,NOUN,flight,2,15
delayed-neg.text.0,66,to,2,7.355601686871925,2,5,0.6,aux,PART,to,2,16
delayed-neg.text.0,67,be,2,6.7594230602184195,1,5,0.5,auxpass,AUX,be,2,17
delayed-neg.text.0,68,called.,6,5.935199825668945,6,4,3.1,advcl,VERB,call,2,18
delayed-neg.text.0,69,She,3,6.572044028989929,18,1,3.1,punct,PUNCT,.,2,19
delayed-neg.text.0,70,had,3,6.789680109103924,2,1,0.6,aux,AUX,have,3,1
delayed-neg.text.0,71,been,4,6.7594230602184195,1,1,0.5,auxpass,AUX,be,3,2
delayed-neg.text.0,72,stuck,5,4.9873086737311825,0,0,0.0,ROOT,VERB,stick,3,3
delayed-neg.text.0,73,in,2,6.990046118048168,1,1,0.8,prep,ADP,in,3,4
delayed-neg.text.0,74,the,3,7.469073206544746,1,3,0.3,det,DET,the,3,5
delayed-neg.text.0,75,airport,7,4.580240508265376,2,2,1.0,pobj,NOUN,airport,3,6
delayed-neg.text.0,76,for,3,6.838540569153386,4,1,3.2,prep,ADP,for,3,7
delayed-neg.text.0,77,"hours,",5,5.210291760253723,1,2,0.5,pobj,NOUN,hour,3,8
delayed-neg.text.0,78,and,3,7.126710513400982,6,1,0.7000000000000001,punct,PUNCT,",",3,9
delayed-neg.text.0,79,she,3,6.572044028989929,2,2,2.0,nsubj,PRON,she,3,11
delayed-neg.text.0,80,was,3,6.7594230602184195,1,2,0.3,aux,AUX,be,3,12
delayed-neg.text.0,81,starting,8,5.531606631932722,10,1,5.5,conj,VERB,start,3,13
delayed-neg.text.0,82,to,2,7.355601686871925,1,3,0.3,aux,PART,to,3,14
delayed-neg.text.0,83,lose,4,5.215769708417643,2,2,1.0,xcomp,VERB,lose,3,15
delayed-neg.text.0,84,hope.,4,5.506004155026583,1,3,1.0,dobj,NOUN,hope,3,16
delayed-neg.text.0,85,Just,4,6.67661497234708,4,2,0.4,punct,PUNCT,.,3,17
delayed-neg.text.0,86,as,2,6.345769610954118,3,2,1.5,mark,SCONJ,as,4,1
delayed-neg.text.0,87,she,3,6.572044028989929,2,2,2.0,nsubj,PRON,she,4,2
delayed-neg.text.0,88,was,3,6.7594230602184195,1,2,0.3,aux,AUX,be,4,3
delayed-neg.text.0,89,starting,8,5.531606631932722,15,1,8.5,advcl,VERB,start,4,4
delayed-neg.text.0,90,to,2,7.355601686871925,1,3,0.3,aux,PART,to,4,5
delayed-neg.text.0,91,feel,4,5.797433746145375,2,2,1.0,xcomp,VERB,feel,4,6
delayed-neg.text.0,92,like,4,6.601947060080969,2,4,1.0,mark,SCONJ,like,4,7
delayed-neg.text.0,93,she,3,6.572044028989929,1,4,1.0,nsubj,PRON,she,4,8
delayed-neg.text.0,94,was,3,6.7594230602184195,3,3,1.5,advcl,AUX,be,4,9
delayed-neg.text.0,95,the,3,7.469073206544746,2,5,0.6,det,DET,the,4,10
delayed-neg.text.0,96,only,4,6.034913080865008,1,5,0.6,amod,ADJ,only,4,11
delayed-neg.text.0,97,one,3,6.48745513929058,3,4,1.5,attr,NUM,one,4,12
delayed-neg.text.0,98,left,4,5.748738301606059,1,5,0.5,acl,VERB,leave,4,13
delayed-neg.text.0,99,in,2,6.990046118048168,1,6,0.8,prep,ADP,in,4,14
delayed-neg.text.0,100,the,3,7.469073206544746,1,8,0.3,det,DET,the,4,15
delayed-neg.text.0,101,"world,",5,5.658221334447711,2,7,1.0,pobj,NOUN,world,4,16
delayed-neg.text.0,102,she,3,6.572044028989929,2,1,0.2,punct,PUNCT,",",4,17
delayed-neg.text.0,103,heard,5,5.744566776203597,0,0,0.0,ROOT,VERB,hear,4,19
delayed-neg.text.0,104,a,1,7.3099551280128585,1,2,0.3,det,DET,a,4,20
delayed-neg.text.0,105,voice,5,4.935305690289924,2,1,2.0,dobj,NOUN,voice,4,21
delayed-neg.text.0,106,behind,6,5.273834318000558,1,2,0.8,prep,ADP,behind,4,22
delayed-neg.text.0,107,her.,3,6.572044028989929,1,3,0.5,pobj,PRON,she,4,23
breakfast-zero.question,0,What,4,6.993103217236282,1,1,1.0,nsubj,PRON,what,0,0
breakfast-zero.question,1,caused,6,5.491417728216893,0,0,0.0,ROOT,VERB,cause,0,1
breakfast-zero.question,2,the,3,7.469073206544746,1,3,0.3,det,DET,the,0,2
breakfast-zero.question,3,narrator,8,4.015778756389041,2,2,2.0,nsubj,NOUN,narrator,0,3
breakfast-zero.question,4,to,2,7.355601686871925,1,2,0.3,aux,PART,to,0,4
breakfast-zero.question,5,feel,4,5.797433746145375,4,1,2.0,ccomp,VERB,feel,0,5
breakfast-zero.question,6,uneasy,6,3.3180633349627615,1,2,0.5,acomp,ADJ,uneasy,0,6
breakfast-zero.question,7,during,6,4.880356199419236,2,2,1.6,prep,ADP,during,0,7
breakfast-zero.question,8,breakfast?,9,4.82144801901753,1,3,0.5,pobj,NOUN,breakfast,0,8
breakfast-zero.question,9,The,3,7.469073206544746,8,1,1.1,punct,PUNCT,?,0,9
breakfast-zero.question,10,coffee,6,5.159958002678518,1,1,1.0,nsubj,NOUN,coffee,1,1
breakfast-zero.question,11,tasted,6,4.710202014655385,0,0,0.0,ROOT,VERB,taste,1,2
breakfast-zero.question,12,bitter,6,4.04688519083771,1,1,0.6,advmod,ADJ,bitter,1,3
breakfast-zero.question,13,The,3,7.469073206544746,1,3,0.3,det,DET,the,1,4
breakfast-zero.question,14,waitress,8,4.061829307294699,1,2,1.0,nsubj,NOUN,waitress,1,5
breakfast-zero.question,15,acted,5,5.037904357312403,4,1,2.0,conj,VERB,act,1,6
breakfast-zero.question,16,strangely,9,3.6503075231319366,1,2,0.6,advmod,ADV,strangely,1,7
breakfast-zero.question,17,The,3,7.469073206544746,1,3,0.3,det,DET,the,1,8
breakfast-zero.question,18,food,4,5.188731671445742,1,2,1.0,nsubj,NOUN,food,1,9
breakfast-zero.question,19,was,3,6.7594230602184195,8,1,4.3,conj,AUX,be,1,10
breakfast-zero.question,20,cold,4,5.114477539928802,1,2,0.5,acomp,ADJ,cold,1,11
breakfast-zero.question,21,A,1,7.3099551280128585,2,3,0.6,det,DET,a,1,12
breakfast-zero.question,22,mysterious,10,4.176091259055681,1,3,0.6,amod,ADJ,mysterious,1,13
breakfast-zero.question,23,note,4,4.728759475167874,1,2,1.0,nsubj,NOUN,note,1,14
breakfast-zero.question,24,appeared,8,4.368658712392227,13,1,7.3,conj,VERB,appear,1,15
blackout-neg.difficulty,0,How,3,6.485184613433453,1,2,0.6,advmod,SCONJ,how,0,0
blackout-neg.difficulty,1,difficult,9,4.779307827583586,1,1,0.5,acomp,ADJ,difficult,0,1
blackout-neg.difficulty,2,was,3,6.7594230602184195,0,0,0.0,ROOT,AUX,be,0,2
blackout-neg.difficulty,3,this,4,6.9019337688086235,1,2,0.3,det,DET,this,0,3
blackout-neg.difficulty,4,text,4,3.7193312869837265,2,1,2.0,nsubj,NOUN,text,0,4
blackout-neg.difficulty,5,for,3,6.838540569153386,3,2,1.5,mark,SCONJ,for,0,5
blackout-neg.difficulty,6,you,3,7.621769343182391,2,2,2.0,nsubj,PRON,you,0,6
blackout-neg.difficulty,7,to,2,7.355601686871925,1,2,0.3,aux,PART,to,0,7
blackout-neg.difficulty,8,read,4,5.382413313126266,6,1,3.1,advcl,VERB,read,0,8
blackout-neg.difficulty,9,and,3,7.126710513400982,1,2,0.5,cc,CCONJ,and,0,9
blackout-neg.difficulty,10,understand?,10,5.683452310738281,2,2,1.0,conj,VERB,understand,0,10
blackout-neg.difficulty,11,4,0,5.78,9,1,1.3,punct,PUNCT,?,0,11
blackout-neg.difficulty,12,–,0,,1,2,0.1,punct,PUNCT,–,1,1
blackout-neg.difficulty,13,very,4,6.093859261503438,1,2,0.6,advmod,ADV,very,1,2
blackout-neg.difficulty,14,difficult,9,4.779307827583586,9,1,5.8,amod,ADJ,difficult,1,3
blackout-neg.difficulty,15,3,0,5.91,8,1,4.3,nummod,NUM,3,1,4
blackout-neg.difficulty,16,–,0,,1,2,0.1,punct,PUNCT,–,1,5
blackout-neg.difficulty,17,rather,6,5.057742155828753,1,4,0.6,advmod,ADV,rather,1,6
blackout-neg.difficulty,18,difficult,9,4.779307827583586,1,3,0.6,amod,ADJ,difficult,1,7
blackout-neg.difficulty,19,2,0,6.0,4,2,2.0,appos,NUM,2,1,8
blackout-neg.difficulty,20,–,0,,1,3,0.1,punct,PUNCT,–,1,9
blackout-neg.difficulty,21,rather,6,5.057742155828753,1,4,0.6,advmod,ADV,rather,1,10
blackout-neg.difficulty,22,easy,4,5.42440789939746,3,3,1.7999999999999998,amod,ADJ,easy,1,11
blackout-neg.difficulty,23,1,0,6.0,0,0,0.0,ROOT,NUM,1,1,12
blackout-neg.difficulty,24,–,0,,1,1,0.1,punct,PUNCT,–,1,13
blackout-neg.difficulty,25,very,4,6.093859261503438,1,2,0.6,advmod,ADV,very,1,14
blackout-neg.difficulty,26,easy,4,5.42440789939746,3,1,1.7999999999999998,amod,ADJ,easy,1,15
delayed-neg.text.3,324,time,4,6.29195240223515,7,1,3.7,npadvmod,NOUN,time,0,0
delayed-neg.text.3,325,in,2,6.990046118048168,1,2,0.8,prep,ADP,in,0,1
delayed-neg.text.3,326,a,1,7.3099551280128585,2,4,0.6,det,DET,a,0,2
delayed-neg.text.3,327,long,4,5.829406704509388,1,4,0.6,amod,ADJ,long,0,3
delayed-neg.text.3,328,"time,",4,6.29195240223515,3,3,1.5,pobj,NOUN,time,0,4
delayed-neg.text.3,329,she,3,6.572044028989929,2,1,0.2,punct,PUNCT,",",0,5
delayed-neg.text.3,330,felt,4,5.797433746145375,0,0,0.0,ROOT,VERB,feel,0,7
delayed-neg.text.3,331,like,4,6.601947060080969,2,2,1.0,mark,SCONJ,like,0,8
delayed-neg.text.3,332,she,3,6.572044028989929,1,2,1.0,nsubj,PRON,she,0,9
delayed-neg.text.3,333,was,3,6.7594230602184195,3,1,1.5,advcl,AUX,be,0,10
delayed-neg.text.3,334,exactly,7,5.3930484664167775,1,5,0.6,advmod,ADV,exactly,0,11
delayed-neg.text.3,335,where,5,6.262503296857943,5,4,3.0,advmod,SCONJ,where,0,12
delayed-neg.text.3,336,she,3,6.572044028989929,2,3,1.0,nsubjpass,PRON,she,0,13
delayed-neg.text.3,337,was,3,6.7594230602184195,1,3,0.5,auxpass,AUX,be,0,14
delayed-neg.text.3,338,meant,5,6.094813398072274,5,2,2.5,ccomp,VERB,mean,0,15
delayed-neg.text.3,339,to,2,7.355601686871925,1,4,0.3,aux,PART,to,0,16
delayed-neg.text.3,340,be.,2,6.7594230602184195,2,3,1.0,xcomp,AUX,be,0,17
delayed-neg.text.3,341,And,3,7.126710513400982,11,1,1.7000000000000002,punct,PUNCT,.,0,18
delayed-neg.text.3,342,as,2,6.345769610954118,2,2,1.0,mark,SCONJ,as,1,1
delayed-neg.text.3,343,she,3,6.572044028989929,1,2,1.0,nsubj,PRON,she,1,2
delayed-neg.text.3,344,looked,6,6.289426173081608,5,1,2.5,advcl,VERB,look,1,3
delayed-neg.text.3,345,at,2,6.507464560676047,1,2,0.8,prep,ADP,at,1,4
delayed-neg.text.3,346,"Alex,",4,4.62,1,3,0.5,pobj,PROPN,Alex,1,5
delayed-neg.text.3,347,she,3,6.572044028989929,2,1,0.2,punct,PUNCT,",",1,6
delayed-neg.text.3,348,felt,4,5.797433746145375,0,0,0.0,ROOT,VERB,feel,1,8
delayed-neg.text.3,349,a,1,7.3099551280128585,1,2,0.3,det,DET,a,1,9
delayed-neg.text.3,350,spark,5,3.7972675408307164,2,1,2.0,dobj,NOUN,spark,1,10
delayed-neg.text.3,351,of,2,7.063605036452092,1,2,0.8,prep,ADP,of,1,11
delayed-neg.text.3,352,attraction,10,3.833784374656479,1,3,0.5,pobj,NOUN,attraction,1,12
delayed-neg.text.3,353,that,4,7.14956733263194,4,3,2.0,mark,PRON,that,1,13
delayed-neg.text.3,354,she,3,6.572044028989929,3,3,3.0,nsubj,PRON,she,1,14
delayed-neg.text.3,355,hadn't,5,6.789680109103924,2,3,0.6,aux,AUX,have,1,15
delayed-neg.text.3,356,felt,4,5.797433746145375,7,2,3.7,relcl,VERB,feel,1,17
delayed-neg.text.3,357,in,2,6.990046118048168,1,3,0.8,prep,ADP,in,1,18
delayed-neg.text.3,358,a,1,7.3099551280128585,2,5,0.6,det,DET,a,1,19
delayed-neg.text.3,359,long,4,5.829406704509388,1,5,0.6,amod,ADJ,long,1,20
delayed-neg.text.3,360,time.,4,6.29195240223515,3,4,1.5,pobj,NOUN,time,1,21
delayed-neg.text.3,361,As,2,6.345769610954118,14,1,2.3000000000000003,punct,PUNCT,.,1,22
delayed-neg.text.3,362,the,3,7.469073206544746,1,3,0.3,det,DET,the,2,1
delayed-neg.text.3,363,hours,5,5.210291760253723,1,2,1.0,nsubj,NOUN,hour,2,2
delayed-neg.text.3,364,turned,6,5.48638796834179,10,1,5.5,advcl,VERB,turn,2,3
delayed-neg.text.3,365,into,4,5.926645935044691,1,2,0.8,prep,ADP,into,2,4
delayed-neg.text.3,366,what,4,6.993103217236282,1,4,1.0,nsubj,PRON,what,2,5
delayed-neg.text.3,367,felt,4,5.797433746145375,2,3,1.0,pcomp,VERB,feel,2,6
delayed-neg.text.3,368,like,4,6.601947060080969,1,4,0.8,prep,ADP,like,2,7
delayed-neg.text.3,369,"days,",4,5.904076884767221,1,5,0.5,pobj,NOUN,day,2,8
delayed-neg.text.3,370,Sarah,5,4.634880140766526,4,1,0.4,punct,PUNCT,",",2,9
delayed-neg.text.3,371,and,3,7.126710513400982,1,2,0.5,cc,CCONJ,and,2,11
delayed-neg.text.3,372,Alex,4,4.62,2,2,1.0,conj,PROPN,Alex,2,12
delayed-neg.text.3,373,decided,7,4.702516697438151,0,0,0.0,ROOT,VERB,decide,2,13
delayed-neg.text.3,374,to,2,7.355601686871925,1,2,0.3,aux,PART,to,2,14
delayed-neg.text.3,375,take,4,6.276700715304874,2,1,1.0,xcomp,VERB,take,2,15
delayed-neg.text.3,376,a,1,7.3099551280128585,1,3,0.3,det,DET,a,2,16
delayed-neg.text.3,377,walk,4,5.334172172724605,2,2,2.0,dobj,NOUN,walk,2,17
delayed-neg.text.3,378,around,6,5.867308354895176,1,3,0.8,prep,ADP,around,2,18
delayed-neg.text.3,379,the,3,7.469073206544746,1,5,0.3,det,DET,the,2,19
delayed-neg.text.3,380,airport,7,4.580240508265376,2,4,1.0,pobj,NOUN,airport,2,20
delayed-neg.text.3,381,to,2,7.355601686871925,1,3,0.3,aux,PART,to,2,21
delayed-neg.text.3,382,get,3,6.6612218704330886,7,2,3.7,advcl,VERB,get,2,22
delayed-neg.text.3,383,some,4,6.237352686979094,2,4,0.6,det,DET,some,2,23
delayed-neg.text.3,384,fresh,5,4.736476182027697,1,4,0.6,amod,ADJ,fresh,2,24
delayed-neg.text.3,385,air.,3,5.14307728417362,3,3,3.0,dobj,NOUN,air,2,25
delayed-neg.text.3,386,The,3,7.469073206544746,13,1,2.1,punct,PUNCT,.,2,26
delayed-neg.text.3,387,storm,5,4.489395921727129,2,1,2.0,nsubj,NOUN,storm,3,1
delayed-neg.text.3,388,had,3,6.789680109103924,1,1,0.3,aux,AUX,have,3,2
delayed-neg.text.3,389,let,3,6.3836789545567525,0,0,0.0,ROOT,VERB,let,3,3
delayed-neg.text.3,390,up,2,6.564666064252089,1,1,0.5,prt,ADP,up,3,4
delayed-neg.text.3,391,a,1,7.3099551280128585,1,2,0.3,det,DET,a,3,5
delayed-neg.text.3,392,"bit,",3,5.371141778446181,3,1,1.5,npadvmod,NOUN,bit,3,6
delayed-neg.text.3,393,and,3,7.126710513400982,4,1,0.4,punct,PUNCT,",",3,7
delayed-neg.text.3,394,they,4,6.613095166038459,1,2,1.0,nsubj,PRON,they,3,9
delayed-neg.text.3,395,were,4,6.7594230602184195,7,1,3.7,conj,AUX,be,3,10
delayed-neg.text.3,396,able,4,5.203848463746235,1,2,0.5,acomp,ADJ,able,3,11
delayed-neg.text.3,397,to,2,7.355601686871925,1,4,0.3,aux,PART,to,3,12
delayed-neg.text.3,398,see,3,6.407684867368763,2,3,1.0,xcomp,VERB,see,3,13
delayed-neg.text.3,399,for,3,6.838540569153386,1,4,0.8,prep,ADP,for,3,14
delayed-neg.text.3,400,a,1,7.3099551280128585,1,7,0.5,quantmod,DET,a,3,15
delayed-neg.text.3,401,few,3,5.479748014769749,1,6,0.5,nummod,ADJ,few,3,16
delayed-neg.text.3,402,feet,4,4.8123785111541935,3,5,1.5,pobj,NOUN,foot,3,17
delayed-neg.text.3,403,in,2,6.990046118048168,5,4,4.0,prep,ADP,in,3,18
delayed-neg.text.3,404,front,5,5.258996253248911,1,5,0.5,pobj,NOUN,front,3,19
delayed-neg.text.3,405,of,2,7.063605036452092,1,6,0.8,prep,ADP,of,3,20
delayed-neg.text.3,406,them.,4,6.613095166038459,1,7,0.5,pobj,PRON,they,3,21
delayed-neg.text.3,407,As,2,6.345769610954118,12,2,1.9000000000000004,punct,PUNCT,.,3,22
delayed-neg.text.3,408,they,4,6.613095166038459,1,2,1.0,nsubj,PRON,they,4,1
delayed-neg.text.3,409,"walked,",6,5.334172172724605,3,1,1.5,advcl,VERB,walk,4,2
delayed-neg.text.3,410,Alex,4,4.62,2,1,0.2,punct,PUNCT,",",4,3
delayed-neg.text.3,411,turned,6,5.48638796834179,0,0,0.0,ROOT,VERB,turn,4,5
delayed-neg.text.3,412,to,2,7.355601686871925,1,1,0.8,prep,ADP,to,4,6
delayed-neg.text.3,413,Sarah,5,4.634880140766526,1,2,0.5,pobj,PROPN,Sarah,4,7
delayed-neg.text.3,414,and,3,7.126710513400982,3,1,1.5,cc,CCONJ,and,4,8
delayed-neg.text.3,415,asked,5,5.684072994969725,4,1,2.0,conj,VERB,ask,4,9
delayed-neg.text.3,416,her,3,6.572044028989929,1,2,1.0,dobj,PRON,she,4,10
delayed-neg.text.3,417,if,2,6.549171303929439,2,3,1.0,mark,SCONJ,if,4,11
delayed-neg.text.3,418,she,3,6.572044028989929,1,3,1.0,nsubj,PRON,she,4,12
delayed-neg.text.3,419,wanted,6,6.440780033374006,4,2,2.0,ccomp,VERB,want,4,13
delayed-neg.text.3,420,to,2,7.355601686871925,1,4,0.3,aux,PART,to,4,14
delayed-neg.text.3,421,grab,4,4.850401147997158,2,3,1.0,xcomp,VERB,grab,4,15
delayed-neg.text.3,422,a,1,7.3099551280128585,1,5,0.3,det,DET,a,4,16
delayed-neg.text.3,423,bite,4,4.610447221442121,2,4,2.0,dobj,NOUN,bite,4,17
delayed-neg.text.3,424,to,2,7.355601686871925,1,5,0.3,aux,PART,to,4,18
delayed-neg.text.3,425,eat,3,5.401193684630025,4,4,2.0,advcl,VERB,eat,4,19
delayed-neg.text.3,426,with,4,6.703147736191453,1,5,0.8,prep,ADP,with,4,20
delayed-neg.text.3,427,him.,3,6.882934163885178,1,6,0.5,pobj,PRON,he,4,21
delayed-neg.text.3,428,Sarah,5,4.634880140766526,17,1,2.9000000000000004,punct,PUNCT,.,4,22
delayed-neg.text.3,429,"agreed,",6,4.810702860947117,0,0,0.0,ROOT,VERB,agree,5,1
delayed-neg.text.3,430,and,3,7.126710513400982,1,1,0.1,punct,PUNCT,",",5,2
delayed-neg.text.3,431,they,4,6.613095166038459,1,2,1.0,nsubj,PRON,they,5,4
delayed-neg.text.3,432,found,5,5.919580118612771,4,1,2.0,conj,VERB,find,5,5
delayed-neg.text.3,433,a,1,7.3099551280128585,2,3,0.6,det,DET,a,5,6
delayed-neg.text.3,434,small,5,5.096771016533225,1,3,0.6,amod,ADJ,small,5,7
delayed-neg.text.3,435,café,4,3.75,3,2,3.0,dobj,NOUN,café,5,8
delayed-neg.text.3,436,that,4,7.14956733263194,1,4,1.0,nsubj,PRON,that,5,9
delayed-neg.text.3,437,was,3,6.7594230602184195,2,3,1.0,relcl,AUX,be,5,10
delayed-neg.text.3,438,still,5,5.896928359891161,1,4,0.6,advmod,ADV,still,5,11
delayed-neg.text.3,439,open.,4,5.505706061959787,2,4,1.0,acomp,ADJ,open,5,12
delayed-neg.text.3,440,As,2,6.345769610954118,8,2,1.1,punct,PUNCT,.,5,13
delayed-neg.text.3,441,they,4,6.613095166038459,1,2,1.0,nsubj,PRON,they,6,1
delayed-neg.text.3,442,sat,3,5.4932488700574185,7,1,3.7,advcl,VERB,sit,6,2
delayed-neg.text.3,443,down,4,6.173264958940605,1,2,0.5,prt,ADP,down,6,3
delayed-neg.text.3,444,at,2,6.507464560676047,2,2,1.6,prep,ADP,at,6,4
delayed-neg.text.3,445,a,1,7.3099551280128585,1,4,0.3,det,DET,a,6,5
delayed-neg.text.3,446,"table,",5,5.023787279789847,2,3,1.0,pobj,NOUN,table,6,6
delayed-neg.text.3,447,Sarah,5,4.634880140766526,2,1,0.2,punct,PUNCT,",",6,7
delayed-neg.text.3,448,felt,4,5.797433746145375,0,0,0.0,ROOT,VERB,feel,6,9
delayed-neg.text.3,449,a,1,7.3099551280128585,1,2,0.3,det,DET,a,6,10
delayed-neg.text.3,450,sense,5,5.119915410257991,2,1,2.0,dobj,NOUN,sense,6,11
delayed-neg.text.3,451,of,2,7.063605036452092,1,2,0.8,prep,ADP,of,6,12
delayed-neg.text.3,452,excitement,10,4.090258052931317,1,3,0.5,pobj,NOUN,excitement,6,13
delayed-neg.text.3,453,that,4,7.14956733263194,4,3,2.0,mark,SCONJ,that,6,14
delayed-neg.text.3,454,she,3,6.572044028989929,3,3,3.0,nsubj,PRON,she,6,15
delayed-neg.text.3,455,hadn't,5,6.789680109103924,2,3,0.6,aux,AUX,have,6,16
delayed-neg.text.3,456,felt,4,5.797433746145375,7,2,3.7,relcl,VERB,feel,6,18
delayed-neg.text.3,457,in,2,6.990046118048168,1,3,0.8,prep,ADP,in,6,19
delayed-neg.text.3,458,a,1,7.3099551280128585,1,4,0.5,pobj,PRON,a,6,20
prize-pos.interest,0,How,3,6.485184613433453,1,2,0.6,advmod,SCONJ,how,0,0
prize-pos.interest,1,interesting,11,4.937969002951452,3,1,1.5,acomp,ADJ,interesting,0,1
prize-pos.interest,2,did,3,6.787856330946344,2,1,0.6,aux,AUX,do,0,2
prize-pos.interest,3,you,3,7.621769343182391,1,1,1.0,nsubj,PRON,you,0,3
prize-pos.interest,4,find,4,5.919580118612771,0,0,0.0,ROOT,VERB,find,0,4
prize-pos.interest,5,this,4,6.9019337688086235,1,2,0.3,det,DET,this,0,5
prize-pos.interest,6,text?,4,3.7193312869837265,2,1,2.0,dobj,NOUN,text,0,6
prize-pos.interest,7,4,0,5.78,3,1,0.30000000000000004,punct,PUNCT,?,0,7
prize-pos.interest,8,–,0,,1,2,0.1,punct,PUNCT,–,1,1
prize-pos.interest,9,very,4,6.093859261503438,1,3,0.6,advmod,ADV,very,1,2
prize-pos.interest,10,interesting,11,4.937969002951452,3,2,1.7999999999999998,amod,ADJ,interesting,1,3
prize-pos.interest,11,3,0,5.91,1,3,0.5,nummod,NUM,3,1,4
prize-pos.interest,12,–,0,,5,2,0.5,punct,PUNCT,–,1,5
prize-pos.interest,13,rather,6,5.057742155828753,1,1,0.6,advmod,ADV,rather,1,6
prize-pos.interest,14,interesting,11,4.937969002951452,0,0,0.0,ROOT,ADJ,interesting,1,7
prize-pos.interest,15,2,0,6.0,1,1,0.5,nummod,NUM,2,1,8
prize-pos.interest,16,–,0,,1,2,0.1,punct,PUNCT,–,1,9
prize-pos.interest,17,rather,6,5.057742155828753,1,3,0.6,advmod,ADV,rather,1,10
prize-pos.interest,18,boring,6,4.437909035539498,3,2,1.7999999999999998,amod,ADJ,boring,1,11
prize-pos.interest,19,1,0,6.0,1,3,0.5,nummod,NUM,1,1,12
prize-pos.interest,20,–,0,,1,4,0.1,punct,PUNCT,–,1,13
prize-pos.interest,21,very,4,6.093859261503438,1,3,0.6,advmod,ADV,very,1,14
prize-pos.interest,22,boring,6,4.437909035539498,7,2,4.4,amod,ADJ,boring,1,15
voicemail-pos.text.2,183,questioning,11,5.297432204810169,5,1,2.5,advcl,VERB,question,0,0
voicemail-pos.text.2,184,every,5,5.739698896350719,1,3,0.3,det,DET,every,0,1
voicemail-pos.text.2,185,"interaction,",11,3.0718820073061255,2,2,2.0,dobj,NOUN,interaction,0,2
voicemail-pos.text.2,186,every,5,5.739698896350719,2,1,0.2,punct,PUNCT,",",0,3
voicemail-pos.text.2,187,conversation.,12,4.697752274167755,0,0,0.0,ROOT,NOUN,conversation,0,5
voicemail-pos.text.2,188,Strangers',9,4.431363764158987,2,2,1.0,poss,NOUN,stranger,1,0
voicemail-pos.text.2,189,smiles,6,4.763427993562937,1,1,1.0,nsubj,NOUN,smile,1,2
voicemail-pos.text.2,190,seemed,6,5.1455692977929886,0,0,0.0,ROOT,VERB,seem,1,3
voicemail-pos.text.2,191,"insincere,",9,2.4913616938342726,1,1,0.5,oprd,ADJ,insincere,1,4
voicemail-pos.text.2,192,acquaintances',13,3.7283537820212285,2,2,1.0,poss,NOUN,acquaintance,1,6
voicemail-pos.text.2,193,words,5,5.372083108574252,5,1,5.0,dobj,NOUN,word,1,8
voicemail-pos.text.2,194,laced,5,3.569373909615046,1,2,0.5,acl,VERB,lace,1,9
voicemail-pos.text.2,195,with,4,6.703147736191453,1,3,0.8,prep,ADP,with,1,10
voicemail-pos.text.2,196,hidden,6,4.327767489902729,1,5,0.6,amod,ADJ,hidden,1,11
voicemail-pos.text.2,197,agendas.,7,3.8639173769578603,2,4,1.0,pobj,NOUN,agenda,1,12
voicemail-pos.text.2,198,I,1,7.6017467520701825,10,1,1.5,punct,PUNCT,.,1,13
voicemail-pos.text.2,199,started,7,5.531606631932722,0,0,0.0,ROOT,VERB,start,2,1
voicemail-pos.text.2,200,to,2,7.355601686871925,1,2,0.3,aux,PART,to,2,2
voicemail-pos.text.2,201,"withdraw,",8,3.82020145948564,2,1,1.0,xcomp,VERB,withdraw,2,3
voicemail-pos.text.2,202,avoiding,8,3.833784374656479,1,2,0.1,punct,PUNCT,",",2,4
voicemail-pos.text.2,203,social,6,4.52361641905437,1,4,0.6,amod,ADJ,social,2,6
voicemail-pos.text.2,204,"gatherings,",10,3.8603380065709936,2,3,2.0,dobj,NOUN,gathering,2,7
voicemail-pos.text.2,205,canceling,9,3.1903316981702914,3,3,0.30000000000000004,punct,PUNCT,",",2,8
voicemail-pos.text.2,206,plans.,5,5.16354896490181,1,4,1.0,dobj,NOUN,plan,2,10
voicemail-pos.text.2,207,My,2,6.830122048692404,10,1,1.5,punct,PUNCT,.,2,11
voicemail-pos.text.2,208,friends,7,5.622514504672569,3,1,3.0,nsubj,NOUN,friend,3,1
voicemail-pos.text.2,209,and,3,7.126710513400982,1,2,0.5,cc,CCONJ,and,3,2
voicemail-pos.text.2,210,family,6,5.549309858919498,2,2,1.0,conj,NOUN,family,3,3
voicemail-pos.text.2,211,grew,4,4.774443968924965,0,0,0.0,ROOT,VERB,grow,3,4
voicemail-pos.text.2,212,"concerned,",9,4.416973172603036,1,1,0.5,acomp,VERB,concern,3,5
voicemail-pos.text.2,213,sensing,7,3.278753600952829,2,1,0.2,punct,PUNCT,",",3,6
voicemail-pos.text.2,214,my,2,6.830122048692404,1,3,0.5,poss,PRON,my,3,8
voicemail-pos.text.2,215,unease.,6,2.0,2,2,2.0,dobj,NOUN,unease,3,9
voicemail-pos.text.2,216,"""What's",5,6.993103217236282,1,1,1.0,nsubj,PRON,what,4,1
voicemail-pos.text.2,217,"wrong?""",5,5.718584720027436,1,1,0.5,acomp,ADJ,wrong,4,3
voicemail-pos.text.2,218,they'd,5,6.613095166038459,2,1,2.0,nsubj,PRON,they,5,0
voicemail-pos.text.2,219,"ask,",3,5.684072994969725,0,0,0.0,ROOT,VERB,ask,5,2
voicemail-pos.text.2,220,but,3,6.645173608800489,1,1,0.1,punct,PUNCT,",",5,3
voicemail-pos.text.2,221,I,1,7.6017467520701825,3,2,3.0,nsubj,PRON,I,5,5
voicemail-pos.text.2,222,couldn't,7,6.212078350946609,2,2,0.6,aux,AUX,could,5,6
voicemail-pos.text.2,223,explain.,7,5.046026669702541,6,1,3.1,conj,VERB,explain,5,8
voicemail-pos.text.2,224,I,1,7.6017467520701825,1,2,0.1,punct,PUNCT,.,5,9
voicemail-pos.text.2,225,couldn't,7,6.212078350946609,2,1,0.6,aux,AUX,could,6,1
voicemail-pos.text.2,226,articulate,10,3.2227164711475833,0,0,0.0,ROOT,VERB,articulate,6,3
voicemail-pos.text.2,227,the,3,7.469073206544746,2,2,0.6,det,DET,the,6,4
voicemail-pos.text.2,228,creeping,8,4.050766311233042,1,2,0.6,amod,VERB,creep,6,5
voicemail-pos.text.2,229,sense,5,5.119915410257991,3,1,3.0,dobj,NOUN,sense,6,6
voicemail-pos.text.2,230,of,2,7.063605036452092,1,2,0.8,prep,ADP,of,6,7
voicemail-pos.text.2,231,dread,5,3.399673721481038,1,3,0.5,pobj,NOUN,dread,6,8
voicemail-pos.text.2,232,that,4,7.14956733263194,2,3,2.0,nsubj,PRON,that,6,9
voicemail-pos.text.2,233,had,3,6.789680109103924,1,3,0.3,aux,AUX,have,6,10
voicemail-pos.text.2,234,taken,5,6.276700715304874,5,2,2.5,relcl,VERB,take,6,11
voicemail-pos.text.2,235,hold.,4,5.64021302564462,1,3,1.0,dobj,NOUN,hold,6,12
voicemail-pos.text.2,236,One,3,6.48745513929058,10,1,1.5,punct,PUNCT,.,6,13
voicemail-pos.text.2,237,"evening,",7,5.0816712872909235,10,1,5.5,npadvmod,NOUN,evening,7,1
voicemail-pos.text.2,238,as,2,6.345769610954118,9,1,1.3,punct,PUNCT,",",7,2
voicemail-pos.text.2,239,I,1,7.6017467520701825,1,2,1.0,nsubj,PRON,I,7,4
voicemail-pos.text.2,240,walked,6,5.334172172724605,6,1,3.1,advcl,VERB,walk,7,5
voicemail-pos.text.2,241,home,4,5.888926085535086,1,2,0.6,advmod,ADV,home,7,6
voicemail-pos.text.2,242,from,4,6.309430005221755,1,3,0.8,prep,ADP,from,7,7
voicemail-pos.text.2,243,"work,",4,5.902013775787815,1,4,0.5,pobj,NOUN,work,7,8
voicemail-pos.text.2,244,I,1,7.6017467520701825,2,1,0.2,punct,PUNCT,",",7,9
voicemail-pos.text.2,245,noticed,7,4.772688354682142,0,0,0.0,ROOT,VERB,notice,7,11
voicemail-pos.text.2,246,a,1,7.3099551280128585,1,2,0.3,det,DET,a,7,12
voicemail-pos.text.2,247,figure,6,5.111833578148847,2,1,2.0,dobj,NOUN,figure,7,13
voicemail-pos.text.2,248,following,9,5.090610707828406,3,1,1.5,advcl,VERB,follow,7,14
voicemail-pos.text.2,249,me.,2,7.6017467520701825,1,2,1.0,dobj,PRON,I,7,15
voicemail-pos.text.2,250,"Tall,",4,4.509605704611555,5,1,0.5,punct,PUNCT,.,7,16
voicemail-pos.text.2,251,"indistinct,",10,3.693726948923647,1,1,0.1,punct,PUNCT,",",8,1
voicemail-pos.text.2,252,but,3,6.645173608800489,1,1,0.1,punct,PUNCT,",",8,3
voicemail-pos.text.2,253,unmistakably,12,1.9030899869919435,1,2,0.6,advmod,ADV,unmistakably,8,5
voicemail-pos.text.2,254,watching.,8,5.518540259958009,4,1,2.0,conj,VERB,watch,8,6
voicemail-pos.text.2,255,My,2,6.830122048692404,5,1,0.5,punct,PUNCT,.,8,7
voicemail-pos.text.2,256,heart,5,5.387710089398605,1,2,0.5,compound,NOUN,heart,9,1
voicemail-pos.text.2,257,"racing,",6,4.074816440645175,3,1,1.5,advcl,NOUN,racing,9,2
voicemail-pos.text.2,258,I,1,7.6017467520701825,2,1,0.2,punct,PUNCT,",",9,3
voicemail-pos.text.2,259,quickened,9,2.4313637641589874,0,0,0.0,ROOT,VERB,quicken,9,5
voicemail-pos.text.2,260,my,2,6.830122048692404,1,2,0.5,poss,PRON,my,9,6
voicemail-pos.text.2,261,"pace,",4,3.9809119377768436,2,1,2.0,dobj,NOUN,pace,9,7
voicemail-pos.text.2,262,but,3,6.645173608800489,3,1,0.30000000000000004,punct,PUNCT,",",9,8
voicemail-pos.text.2,263,the,3,7.469073206544746,1,3,0.3,det,DET,the,9,10
voicemail-pos.text.2,264,figure,6,5.111833578148847,1,2,1.0,nsubj,NOUN,figure,9,11
voicemail-pos.text.2,265,kept,4,5.846868828174237,7,1,3.7,conj,VERB,keep,9,12
voicemail-pos.text.2,266,"pace,",4,3.9809119377768436,1,2,1.0,dobj,NOUN,pace,9,13
voicemail-pos.text.2,267,always,6,5.816407029618638,2,2,0.2,punct,PUNCT,",",9,14
voicemail-pos.text.2,268,lurking,7,2.6127838567197355,4,2,2.0,advcl,VERB,lurk,9,16
voicemail-pos.text.2,269,just,4,6.67661497234708,1,4,0.6,advmod,ADV,just,9,17
voicemail-pos.text.2,270,out,3,6.587184330308805,2,3,1.6,prep,ADP,out,9,18
voicemail-pos.text.2,271,of,2,7.063605036452092,1,4,0.8,prep,ADP,of,9,19
voicemail-pos.text.2,272,sight.,5,4.6561940621791855,1,5,0.5,pobj,NOUN,sight,9,20
goldfish-neg.question,0,What,4,6.993103217236282,2,1,1.0,nsubjpass,PRON,what,0,0
goldfish-neg.question,1,was,3,6.7594230602184195,1,1,0.5,auxpass,AUX,be,0,1
goldfish-neg.question,2,written,7,5.103119253545714,0,0,0.0,ROOT,VERB,write,0,2
goldfish-neg.question,3,on,2,6.842342715684627,1,1,0.8,prep,ADP,on,0,3
goldfish-neg.question,4,the,3,7.469073206544746,2,3,0.6,det,DET,the,0,4
goldfish-neg.question,5,second,6,5.454189113874769,1,3,0.6,amod,ADJ,second,0,5
goldfish-neg.question,6,note,4,4.728759475167874,3,2,1.5,pobj,NOUN,note,0,6
goldfish-neg.question,7,Lily,4,4.429106008332696,1,4,1.0,nsubj,PROPN,Lily,0,7
goldfish-neg.question,8,found?,5,5.919580118612771,2,3,1.0,relcl,VERB,find,0,8
goldfish-neg.question,9,"""Thank",5,6.047368337751546,1,1,0.1,punct,PUNCT,"""",1,0
goldfish-neg.question,10,you,3,7.621769343182391,1,1,1.0,dobj,PRON,you,1,2
goldfish-neg.question,11,for,3,6.838540569153386,2,1,1.6,prep,ADP,for,1,3
goldfish-neg.question,12,believing,9,5.795977288414068,1,2,0.5,pcomp,VERB,believe,1,4
goldfish-neg.question,13,in,2,6.990046118048168,1,3,0.8,prep,ADP,in,1,5
goldfish-neg.question,14,"magic.""",5,4.721728198572788,1,4,0.5,pobj,NOUN,magic,1,6
goldfish-neg.question,15,"""Take",4,6.276700715304874,1,1,0.1,punct,PUNCT,"""",2,0
goldfish-neg.question,16,good,4,6.4166638022029705,1,2,0.6,amod,ADJ,good,2,2
goldfish-neg.question,17,care,4,5.6859655440604,2,1,2.0,dobj,NOUN,care,2,3
goldfish-neg.question,18,of,2,7.063605036452092,1,2,0.8,prep,ADP,of,2,4
goldfish-neg.question,19,your,4,6.809249200932795,2,4,1.0,poss,PRON,your,2,5
goldfish-neg.question,20,new,3,5.8596065782062166,1,4,0.6,amod,ADJ,new,2,6
goldfish-neg.question,21,"pet.""",3,4.304921161900891,3,3,1.5,pobj,NOUN,pet,2,7
goldfish-neg.question,22,"""Make",4,6.142311236003898,1,1,0.1,punct,PUNCT,"""",3,0
goldfish-neg.question,23,a,1,7.3099551280128585,1,2,0.3,det,DET,a,3,2
goldfish-neg.question,24,"wish,",4,5.371289573064556,2,1,2.0,dobj,NOUN,wish,3,3
goldfish-neg.question,25,and,3,7.126710513400982,3,1,0.30000000000000004,punct,PUNCT,",",3,4
goldfish-neg.question,26,I'll,3,7.6017467520701825,2,2,2.0,nsubj,PRON,I,3,6
goldfish-neg.question,27,make,4,6.142311236003898,7,1,3.7,conj,VERB,make,3,8
goldfish-neg.question,28,it,2,7.276377005067547,1,3,1.0,nsubj,PRON,it,3,9
goldfish-neg.question,29,come,4,6.497065171063486,2,2,1.0,ccomp,VERB,come,3,10
goldfish-neg.question,30,"true.""",4,5.40372090862669,1,3,0.5,acomp,ADJ,true,3,11
goldfish-neg.question,31,"""I'm",2,7.6017467520701825,1,2,1.0,nsubj,PRON,I,4,1
goldfish-neg.question,32,not,3,6.734396540337466,1,2,0.5,neg,PART,not,4,3
goldfish-neg.question,33,just,4,6.67661497234708,2,3,1.2,advmod,ADV,just,4,4
goldfish-neg.question,34,a,1,7.3099551280128585,1,3,0.3,det,DET,a,4,5
goldfish-neg.question,35,"fish,",4,4.9216344610537055,4,2,2.0,attr,NOUN,fish,4,6
goldfish-neg.question,36,I'm,2,7.6017467520701825,1,1,1.0,nsubj,PRON,I,4,8
goldfish-neg.question,37,the,3,7.469073206544746,1,2,0.3,det,DET,the,4,10
goldfish-neg.question,38,key,3,4.9388198250262105,2,1,1.0,attr,NOUN,key,4,11
goldfish-neg.question,39,to,2,7.355601686871925,1,2,0.8,prep,ADP,to,4,12
goldfish-neg.question,40,a,1,7.3099551280128585,2,4,0.6,det,DET,a,4,13
goldfish-neg.question,41,new,3,5.8596065782062166,1,4,0.6,amod,ADJ,new,4,14
goldfish-neg.question,42,"world.""",5,5.658221334447711,3,3,1.5,pobj,NOUN,world,4,15
prize-pos.naturalness,0,How,3,6.485184613433453,1,2,0.6,advmod,SCONJ,how,0,0
prize-pos.naturalness,1,natural,7,4.6268534146667255,3,1,1.5,acomp,ADJ,natural,0,1
prize-pos.naturalness,2,and,3,7.126710513400982,1,2,0.5,cc,CCONJ,and,0,2
prize-pos.naturalness,3,fluent,6,3.0644579892269186,2,2,1.0,conj,ADJ,fluent,0,3
prize-pos.naturalness,4,was,3,6.7594230602184195,0,0,0.0,ROOT,AUX,be,0,4
prize-pos.naturalness,5,the,3,7.469073206544746,2,2,0.6,det,DET,the,0,5
prize-pos.naturalness,6,writing,7,5.103119253545714,1,2,0.5,compound,VERB,write,0,6
prize-pos.naturalness,7,style,5,4.478277831919605,3,1,1.5,attr,NOUN,style,0,7
prize-pos.naturalness,8,in,2,6.990046118048168,1,2,0.8,prep,ADP,in,0,8
prize-pos.naturalness,9,this,4,6.9019337688086235,1,4,0.3,det,DET,this,0,9
prize-pos.naturalness,10,text?,4,3.7193312869837265,2,3,1.0,pobj,NOUN,text,0,10
prize-pos.naturalness,11,4,0,5.78,7,1,0.9000000000000001,punct,PUNCT,?,0,11
prize-pos.naturalness,12,–,0,,1,1,0.1,punct,PUNCT,–,1,1
prize-pos.naturalness,13,very,4,6.093859261503438,1,3,0.6,advmod,ADV,very,1,2
prize-pos.naturalness,14,natural,7,4.6268534146667255,1,2,0.6,amod,ADJ,natural,1,3
prize-pos.naturalness,15,3,0,5.91,4,1,2.0,appos,NUM,3,1,4
prize-pos.naturalness,16,–,0,,1,2,0.1,punct,PUNCT,–,1,5
prize-pos.naturalness,17,rather,6,5.057742155828753,1,4,0.6,advmod,ADV,rather,1,6
prize-pos.naturalness,18,natural,7,4.6268534146667255,1,3,0.6,amod,ADJ,natural,1,7
prize-pos.naturalness,19,2,0,6.0,4,2,2.0,appos,NUM,2,1,8
prize-pos.naturalness,20,–,0,,1,3,0.1,punct,PUNCT,–,1,9
prize-pos.naturalness,21,rather,6,5.057742155828753,1,3,0.6,advmod,ADV,rather,1,10
prize-pos.naturalness,22,unnatural,9,3.4393326938302624,1,2,0.6,amod,ADJ,unnatural,1,11
prize-pos.naturalness,23,1,0,6.0,12,1,6.7,appos,NUM,1,1,12
prize-pos.naturalness,24,–,0,,1,2,0.1,punct,PUNCT,–,1,13
prize-pos.naturalness,25,very,4,6.093859261503438,1,3,0.6,advmod,ADV,very,1,14
prize-pos.naturalness,26,unnatural,9,3.4393326938302624,3,2,1.7999999999999998,amod,ADJ,unnatural,1,15
delayed-zero.naturalness,0,How,3,6.485184613433453,1,2,0.6,advmod,SCONJ,how,0,0
delayed-zero.naturalness,1,natural,7,4.6268534146667255,3,1,1.5,acomp,ADJ,natural,0,1
delayed-zero.naturalness,2,and,3,7.126710513400982,1,2,0.5,cc,CCONJ,and,0,2
delayed-zero.naturalness,3,fluent,6,3.0644579892269186,2,2,1.0,conj,ADJ,fluent,0,3
delayed-zero.naturalness,4,was,3,6.7594230602184195,0,0,0.0,ROOT,AUX,be,0,4
delayed-zero.naturalness,5,the,3,7.469073206544746,2,2,0.6,det,DET,the,0,5
delayed-zero.naturalness,6,writing,7,5.103119253545714,1,2,0.5,compound,VERB,write,0,6
delayed-zero.naturalness,7,style,5,4.478277831919605,3,1,1.5,attr,NOUN,style,0,7
delayed-zero.naturalness,8,in,2,6.990046118048168,1,2,0.8,prep,ADP,in,0,8
delayed-zero.naturalness,9,this,4,6.9019337688086235,1,4,0.3,det,DET,this,0,9
delayed-zero.naturalness,10,text?,4,3.7193312869837265,2,3,1.0,pobj,NOUN,text,0,10
delayed-zero.naturalness,11,4,0,5.78,7,1,0.9000000000000001,punct,PUNCT,?,0,11
delayed-zero.naturalness,12,–,0,,1,1,0.1,punct,PUNCT,–,1,1
delayed-zero.naturalness,13,very,4,6.093859261503438,1,3,0.6,advmod,ADV,very,1,2
delayed-zero.naturalness,14,natural,7,4.6268534146667255,1,2,0.6,amod,ADJ,natural,1,3
delayed-zero.naturalness,15,3,0,5.91,4,1,2.0,appos,NUM,3,1,4
delayed-zero.naturalness,16,–,0,,1,2,0.1,punct,PUNCT,–,1,5
delayed-zero.naturalness,17,rather,6,5.057742155828753,1,4,0.6,advmod,ADV,rather,1,6
delayed-zero.naturalness,18,natural,7,4.6268534146667255,1,3,0.6,amod,ADJ,natural,1,7
delayed-zero.naturalness,19,2,0,6.0,4,2,2.0,appos,NUM,2,1,8
delayed-zero.naturalness,20,–,0,,1,3,0.1,punct,PUNCT,–,1,9
delayed-zero.naturalness,21,rather,6,5.057742155828753,1,3,0.6,advmod,ADV,rather,1,10
delayed-zero.naturalness,22,unnatural,9,3.4393326938302624,1,2,0.6,amod,ADJ,unnatural,1,11
delayed-zero.naturalness,23,1,0,6.0,12,1,6.7,appos,NUM,1,1,12
delayed-zero.naturalness,24,–,0,,1,2,0.1,punct,PUNCT,–,1,13
delayed-zero.naturalness,25,very,4,6.093859261503438,1,3,0.6,advmod,ADV,very,1,14
delayed-zero.naturalness,26,unnatural,9,3.4393326938302624,3,2,1.7999999999999998,amod,ADJ,unnatural,1,15
goldfish-zero.question,0,What,4,6.993103217236282,1,1,1.0,nsubj,PRON,what,0,0
goldfish-zero.question,1,happened,8,5.405295123042286,0,0,0.0,ROOT,VERB,happen,0,1
goldfish-zero.question,2,when,4,6.308372299806312,2,2,1.2,advmod,SCONJ,when,0,2
goldfish-zero.question,3,Emma,4,4.196176185039973,1,2,1.0,nsubj,PROPN,Emma,0,3
goldfish-zero.question,4,made,4,6.142311236003898,3,1,1.5,advcl,VERB,make,0,4
goldfish-zero.question,5,wishes,6,5.371289573064556,1,2,1.0,dobj,NOUN,wish,0,5
goldfish-zero.question,6,after,5,5.834159921539117,2,3,1.0,mark,SCONJ,after,0,6
goldfish-zero.question,7,Finley,6,3.06,1,3,1.0,nsubj,PROPN,Finley,0,7
goldfish-zero.question,8,came,4,6.497065171063486,4,2,2.0,advcl,VERB,come,0,8
goldfish-zero.question,9,back,4,6.303014523283947,1,3,0.6,advmod,ADV,back,0,9
goldfish-zero.question,10,to,2,7.355601686871925,1,4,0.8,prep,ADP,to,0,10
goldfish-zero.question,11,life?,4,5.901267560474818,1,5,0.5,pobj,NOUN,life,0,11
goldfish-zero.question,12,Finley,6,3.06,11,1,1.7000000000000002,punct,PUNCT,?,0,12
goldfish-zero.question,13,would,5,6.247452782675624,1,1,0.3,aux,AUX,would,1,1
goldfish-zero.question,14,grow,4,4.774443968924965,0,0,0.0,ROOT,VERB,grow,1,2
goldfish-zero.question,15,larger.,6,4.617524534886292,1,1,0.5,acomp,ADJ,large,1,3
goldfish-zero.question,16,Emma,4,4.196176185039973,2,1,0.2,punct,PUNCT,.,1,4
goldfish-zero.question,17,would,5,6.247452782675624,1,1,0.3,aux,AUX,would,2,1
goldfish-zero.question,18,forget,6,5.442573829884634,0,0,0.0,ROOT,VERB,forget,2,2
goldfish-zero.question,19,her,3,6.452678661106354,1,2,0.5,poss,PRON,her,2,3
goldfish-zero.question,20,wishes.,6,5.371289573064556,2,1,2.0,dobj,NOUN,wish,2,4
goldfish-zero.question,21,Emma,4,4.196176185039973,3,1,0.30000000000000004,punct,PUNCT,.,2,5
goldfish-zero.question,22,would,5,6.247452782675624,1,1,0.3,aux,AUX,would,3,1
goldfish-zero.question,23,wake,4,5.02209829746114,0,0,0.0,ROOT,VERB,wake,3,2
goldfish-zero.question,24,up,2,6.564666064252089,1,1,0.5,prt,ADP,up,3,3
goldfish-zero.question,25,from,4,6.309430005221755,2,1,1.6,prep,ADP,from,3,4
goldfish-zero.question,26,a,1,7.3099551280128585,1,3,0.3,det,DET,a,3,5
goldfish-zero.question,27,dream.,5,5.124797567960533,2,2,1.0,pobj,NOUN,dream,3,6
goldfish-zero.question,28,Finley,6,3.06,5,1,0.5,punct,PUNCT,.,3,7
goldfish-zero.question,29,would,5,6.247452782675624,1,1,0.3,aux,AUX,would,4,1
goldfish-zero.question,30,grant,5,4.5125509929042105,0,0,0.0,ROOT,VERB,grant,4,2
goldfish-zero.question,31,them,4,6.613095166038459,1,1,1.0,dobj,PRON,they,4,3
goldfish-zero.question,32,magically.,9,3.2227164711475833,2,1,1.2,advmod,ADV,magically,4,4
blackout-zero.difficulty,0,How,3,6.485184613433453,1,2,0.6,advmod,SCONJ,how,0,0
blackout-zero.difficulty,1,difficult,9,4.779307827583586,1,1,0.5,acomp,ADJ,difficult,0,1
blackout-zero.difficulty,2,was,3,6.7594230602184195,0,0,0.0,ROOT,AUX,be,0,2
blackout-zero.difficulty,3,this,4,6.9019337688086235,1,2,0.3,det,DET,this,0,3
blackout-zero.difficulty,4,text,4,3.7193312869837265,2,1,2.0,nsubj,NOUN,text,0,4
blackout-zero.difficulty,5,for,3,6.838540569153386,3,2,1.5,mark,SCONJ,for,0,5
blackout-zero.difficulty,6,you,3,7.621769343182391,2,2,2.0,nsubj,PRON,you,0,6
blackout-zero.difficulty,7,to,2,7.355601686871925,1,2,0.3,aux,PART,to,0,7
blackout-zero.difficulty,8,read,4,5.382413313126266,6,1,3.1,advcl,VERB,read,0,8
blackout-zero.difficulty,9,and,3,7.126710513400982,1,2,0.5,cc,CCONJ,and,0,9
blackout-zero.difficulty,10,understand?,10,5.683452310738281,2,2,1.0,conj,VERB,understand,0,10
blackout-zero.difficulty,11,4,0,5.78,9,1,1.3,punct,PUNCT,?,0,11
blackout-zero.difficulty,12,–,0,,1,2,0.1,punct,PUNCT,–,1,1
blackout-zero.difficulty,13,very,4,6.093859261503438,1,2,0.6,advmod,ADV,very,1,2
blackout-zero.difficulty,14,difficult,9,4.779307827583586,9,1,5.8,amod,ADJ,difficult,1,3
blackout-zero.difficulty,15,3,0,5.91,8,1,4.3,nummod,NUM,3,1,4
blackout-zero.difficulty,16,–,0,,1,2,0.1,punct,PUNCT,–,1,5
blackout-zero.difficulty,17,rather,6,5.057742155828753,1,4,0.6,advmod,ADV,rather,1,6
blackout-zero.difficulty,18,difficult,9,4.779307827583586,1,3,0.6,amod,ADJ,difficult,1,7
blackout-zero.difficulty,19,2,0,6.0,4,2,2.0,appos,NUM,2,1,8
blackout-zero.difficulty,20,–,0,,1,3,0.1,punct,PUNCT,–,1,9
blackout-zero.difficulty,21,rather,6,5.057742155828753,1,4,0.6,advmod,ADV,rather,1,10
blackout-zero.difficulty,22,easy,4,5.42440789939746,3,3,1.7999999999999998,amod,ADJ,easy,1,11
blackout-zero.difficulty,23,1,0,6.0,0,0,0.0,ROOT,NUM,1,1,12
blackout-zero.difficulty,24,–,0,,1,1,0.1,punct,PUNCT,–,1,13
blackout-zero.difficulty,25,very,4,6.093859261503438,1,2,0.6,advmod,ADV,very,1,14
blackout-zero.difficulty,26,easy,4,5.42440789939746,3,1,1.7999999999999998,amod,ADJ,easy,1,15
voicemail-zero.question,0,What,4,6.993103217236282,2,1,2.0,nsubj,PRON,what,0,0
voicemail-zero.question,1,first,5,5.924573885946655,1,1,0.6,advmod,ADV,first,0,1
voicemail-zero.question,2,alerted,7,4.314077991779213,0,0,0.0,ROOT,VERB,alert,0,2
voicemail-zero.question,3,Emily,5,4.568670978009896,1,1,1.0,dobj,PROPN,Emily,0,3
voicemail-zero.question,4,that,4,7.14956733263194,2,2,1.0,mark,SCONJ,that,0,4
voicemail-zero.question,5,something,9,6.1761375813299395,1,2,1.0,nsubj,PRON,something,0,5
voicemail-zero.question,6,was,3,6.7594230602184195,4,1,2.0,ccomp,AUX,be,0,6
voicemail-zero.question,7,wrong?,5,5.718584720027436,1,2,0.5,acomp,ADJ,wrong,0,7
voicemail-zero.question,8,A,1,7.3099551280128585,6,1,0.7000000000000001,punct,PUNCT,?,0,8
voicemail-zero.question,9,scratching,10,4.275080898456858,1,1,0.6,amod,VERB,scratch,1,1
voicemail-zero.question,10,sound,5,5.156518864747027,0,0,0.0,ROOT,NOUN,sound,1,2
voicemail-zero.question,11,at,2,6.507464560676047,1,1,0.8,prep,ADP,at,1,3
voicemail-zero.question,12,her,3,6.452678661106354,1,3,0.5,poss,PRON,her,1,4
voicemail-zero.question,13,window,6,4.9344984512435675,2,2,1.0,pobj,NOUN,window,1,5
voicemail-zero.question,14,A,1,7.3099551280128585,1,2,0.3,det,DET,a,1,6
voicemail-zero.question,15,voicemail,9,3.0086001717619175,5,1,2.5,appos,NOUN,voicemail,1,7
voicemail-zero.question,16,from,4,6.309430005221755,1,2,0.8,prep,ADP,from,1,8
voicemail-zero.question,17,an,2,6.270478525477336,2,4,0.6,det,DET,an,1,9
voicemail-zero.question,18,unknown,7,4.181271771559461,1,4,0.6,amod,ADJ,unknown,1,10
voicemail-zero.question,19,number,6,5.381908906005798,3,3,1.5,pobj,NOUN,number,1,11
voicemail-zero.question,20,A,1,7.3099551280128585,2,2,0.6,det,DET,a,1,12
voicemail-zero.question,21,text,4,3.7193312869837265,1,2,0.5,compound,NOUN,text,1,13
voicemail-zero.question,22,message,7,4.961468555350786,12,1,6.7,appos,NOUN,message,1,14
voicemail-zero.question,23,warning,7,4.403977963669354,1,2,0.5,acl,VERB,warn,1,15
voicemail-zero.question,24,her,3,6.572044028989929,1,3,1.0,dobj,PRON,she,1,16
voicemail-zero.question,25,A,1,7.3099551280128585,1,4,0.3,det,DET,a,1,17
voicemail-zero.question,26,note,4,4.728759475167874,3,3,3.0,dobj,NOUN,note,1,18
voicemail-zero.question,27,written,7,5.103119253545714,1,4,0.5,acl,VERB,write,1,19
voicemail-zero.question,28,in,2,6.990046118048168,1,5,0.8,prep,ADP,in,1,20
voicemail-zero.question,29,red,3,5.170437745046183,1,7,0.6,amod,ADJ,red,1,21
voicemail-zero.question,30,ink,3,3.8744818176994666,2,6,1.0,pobj,NOUN,ink,1,22
blackout-zero.text.3,325,nothing.,7,5.931259494185134,0,0,0.0,ROOT,PRON,nothing,0,0
blackout-zero.text.3,326,No,2,6.7760870730181075,1,1,0.1,punct,PUNCT,.,0,1
blackout-zero.text.3,327,signs,5,5.124732397720029,0,0,0.0,ROOT,NOUN,sign,1,1
blackout-zero.text.3,328,of,2,7.063605036452092,1,1,0.8,prep,ADP,of,1,2
blackout-zero.text.3,329,"struggle,",8,4.126131407261984,1,2,0.5,pobj,NOUN,struggle,1,3
blackout-zero.text.3,330,no,2,6.7760870730181075,3,1,0.30000000000000004,punct,PUNCT,",",1,4
blackout-zero.text.3,331,signs,5,5.124732397720029,5,1,2.5,appos,NOUN,sign,1,6
blackout-zero.text.3,332,of,2,7.063605036452092,1,2,0.8,prep,ADP,of,1,7
blackout-zero.text.3,333,panic.,5,4.339252634032699,1,3,0.5,pobj,NOUN,panic,1,8
blackout-zero.text.3,334,Just,4,6.67661497234708,8,1,1.1,punct,PUNCT,.,1,9
blackout-zero.text.3,335,an,2,6.270478525477336,2,1,0.6,det,DET,an,2,1
blackout-zero.text.3,336,eerie,5,3.2430380486862944,1,1,0.6,amod,ADJ,eerie,2,2
blackout-zero.text.3,337,silence,7,4.404320467221731,0,0,0.0,ROOT,NOUN,silence,2,3
blackout-zero.text.3,338,that,4,7.14956733263194,1,2,1.0,nsubj,PRON,that,2,4
blackout-zero.text.3,339,seemed,6,5.1455692977929886,2,1,1.0,relcl,VERB,seem,2,5
blackout-zero.text.3,340,to,2,7.355601686871925,1,3,0.3,aux,PART,to,2,6
blackout-zero.text.3,341,swallow,7,4.104828403653656,2,2,1.0,xcomp,VERB,swallow,2,7
blackout-zero.text.3,342,her,3,6.452678661106354,1,4,0.5,poss,PRON,her,2,8
blackout-zero.text.3,343,whole.,5,5.58601311649554,2,3,2.0,dobj,NOUN,whole,2,9
blackout-zero.text.3,344,As,2,6.345769610954118,7,1,0.9000000000000001,punct,PUNCT,.,2,10
blackout-zero.text.3,345,she,3,6.572044028989929,1,2,1.0,nsubj,PRON,she,3,1
blackout-zero.text.3,346,reached,7,4.755264891412247,8,1,4.3,advcl,VERB,reach,3,2
blackout-zero.text.3,347,the,3,7.469073206544746,1,3,0.3,det,DET,the,3,3
blackout-zero.text.3,348,top,3,5.125253486024798,2,2,2.0,dobj,NOUN,top,3,4
blackout-zero.text.3,349,of,2,7.063605036452092,1,3,0.8,prep,ADP,of,3,5
blackout-zero.text.3,350,the,3,7.469073206544746,1,5,0.3,det,DET,the,3,6
blackout-zero.text.3,351,"stairs,",6,3.130333768495006,2,4,1.0,pobj,NOUN,stair,3,7
blackout-zero.text.3,352,she,3,6.572044028989929,2,1,0.2,punct,PUNCT,",",3,8
blackout-zero.text.3,353,heard,5,5.744566776203597,0,0,0.0,ROOT,VERB,hear,3,10
blackout-zero.text.3,354,a,1,7.3099551280128585,3,2,0.8999999999999999,det,DET,a,3,11
blackout-zero.text.3,355,faint,5,3.9670797341444968,2,2,1.2,amod,ADJ,faint,3,12
blackout-zero.text.3,356,humming,7,3.6830470382388496,1,2,0.6,amod,VERB,hum,3,13
blackout-zero.text.3,357,noise.,5,4.54257647626053,4,1,4.0,dobj,NOUN,noise,3,14
blackout-zero.text.3,358,It,2,7.276377005067547,5,1,0.5,punct,PUNCT,.,3,15
blackout-zero.text.3,359,was,3,6.7594230602184195,0,0,0.0,ROOT,AUX,be,4,1
blackout-zero.text.3,360,a,1,7.3099551280128585,4,2,1.2,det,DET,a,4,2
blackout-zero.text.3,361,"low,",3,4.771881320190099,3,2,1.7999999999999998,amod,ADJ,low,4,3
blackout-zero.text.3,362,pulsing,7,2.6720978579357175,2,2,0.2,punct,PUNCT,",",4,4
blackout-zero.text.3,363,sound,5,5.156518864747027,5,1,2.5,attr,NOUN,sound,4,6
blackout-zero.text.3,364,that,4,7.14956733263194,1,3,1.0,nsubj,PRON,that,4,7
blackout-zero.text.3,365,seemed,6,5.1455692977929886,2,2,1.0,relcl,VERB,seem,4,8
blackout-zero.text.3,366,to,2,7.355601686871925,2,4,0.6,aux,PART,to,4,9
blackout-zero.text.3,367,be,2,6.7594230602184195,1,4,0.3,aux,AUX,be,4,10
blackout-zero.text.3,368,coming,6,6.497065171063486,3,3,1.5,xcomp,VERB,come,4,11
blackout-zero.text.3,369,from,4,6.309430005221755,1,4,0.8,prep,ADP,from,4,12
blackout-zero.text.3,370,the,3,7.469073206544746,1,6,0.3,det,DET,the,4,13
blackout-zero.text.3,371,attic.,5,3.8943160626844384,2,5,1.0,pobj,NOUN,attic,4,14
blackout-zero.text.3,372,She,3,6.572044028989929,14,1,2.3000000000000003,punct,PUNCT,.,4,15
blackout-zero.text.3,373,hesitated,9,3.737987326333431,0,0,0.0,ROOT,VERB,hesitate,5,1
blackout-zero.text.3,374,for,3,6.838540569153386,1,1,0.8,prep,ADP,for,5,2
blackout-zero.text.3,375,a,1,7.3099551280128585,1,3,0.3,det,DET,a,5,3
blackout-zero.text.3,376,"moment,",6,5.271934493817765,2,2,1.0,pobj,NOUN,moment,5,4
blackout-zero.text.3,377,wondering,9,4.80174661921946,4,1,0.4,punct,PUNCT,",",5,5
blackout-zero.text.3,378,if,2,6.549171303929439,3,3,1.5,mark,SCONJ,if,5,7
blackout-zero.text.3,379,she,3,6.572044028989929,2,3,2.0,nsubj,PRON,she,5,8
blackout-zero.text.3,380,should,6,6.0260999796408985,1,3,0.3,aux,AUX,should,5,9
blackout-zero.text.3,381,investigate,11,3.9763499790032735,4,2,2.0,ccomp,VERB,investigate,5,10
blackout-zero.text.3,382,further.,7,5.343920385393226,1,3,0.6,advmod,ADV,far,5,11
blackout-zero.text.3,383,But,3,6.645173608800489,11,1,1.7000000000000002,punct,PUNCT,.,5,12
blackout-zero.text.3,384,her,3,6.452678661106354,1,2,0.5,poss,PRON,her,6,1
blackout-zero.text.3,385,curiosity,9,3.930949031167523,1,1,1.0,nsubj,NOUN,curiosity,6,2
blackout-zero.text.3,386,got,3,6.6612218704330886,0,0,0.0,ROOT,VERB,get,6,3
blackout-zero.text.3,387,the,3,7.469073206544746,1,2,0.3,det,DET,the,6,4
blackout-zero.text.3,388,better,6,6.475765589907652,2,1,2.0,dobj,ADJ,well,6,5
blackout-zero.text.3,389,of,2,7.063605036452092,1,2,0.8,prep,ADP,of,6,6
blackout-zero.text.3,390,"her,",3,6.572044028989929,1,3,0.5,pobj,PRON,she,6,7
blackout-zero.text.3,391,and,3,7.126710513400982,5,1,0.5,punct,PUNCT,",",6,8
blackout-zero.text.3,392,she,3,6.572044028989929,1,2,1.0,nsubj,PRON,she,6,10
blackout-zero.text.3,393,began,5,4.7557224449034585,8,1,4.3,conj,VERB,begin,6,11
blackout-zero.text.3,394,to,2,7.355601686871925,1,3,0.3,aux,PART,to,6,12
blackout-zero.text.3,395,make,4,6.142311236003898,2,2,1.0,xcomp,VERB,make,6,13
blackout-zero.text.3,396,her,3,6.452678661106354,1,4,0.5,poss,PRON,her,6,14
blackout-zero.text.3,397,way,3,6.153732569172379,2,3,2.0,dobj,NOUN,way,6,15
blackout-zero.text.3,398,up,2,6.564666064252089,3,3,2.4000000000000004,prep,ADP,up,6,16
blackout-zero.text.3,399,the,3,7.469073206544746,2,5,0.6,det,DET,the,6,17
blackout-zero.text.3,400,creaky,6,2.380211241711606,1,5,0.5,compound,ADJ,creaky,6,18
blackout-zero.text.3,401,stairs.,6,3.130333768495006,3,4,1.5,pobj,NOUN,stair,6,19
blackout-zero.text.3,402,The,3,7.469073206544746,9,2,1.3,punct,PUNCT,.,6,20
blackout-zero.text.3,403,humming,7,3.69196510276736,1,1,1.0,nsubj,NOUN,humming,7,1
blackout-zero.text.3,404,grew,4,4.774443968924965,0,0,0.0,ROOT,VERB,grow,7,2
blackout-zero.text.3,405,"louder,",6,4.004321373782642,1,1,0.6,advmod,ADV,louder,7,3
blackout-zero.text.3,406,and,3,7.126710513400982,2,1,0.2,punct,PUNCT,",",7,4
blackout-zero.text.3,407,the,3,7.469073206544746,1,3,0.3,det,DET,the,7,6
blackout-zero.text.3,408,air,3,5.14307728417362,1,2,1.0,nsubj,NOUN,air,7,7
blackout-zero.text.3,409,seemed,6,5.1455692977929886,6,1,3.1,conj,VERB,seem,7,8
blackout-zero.text.3,410,to,2,7.355601686871925,1,3,0.3,aux,PART,to,7,9
blackout-zero.text.3,411,vibrate,7,3.041392685158225,2,2,1.0,xcomp,VERB,vibrate,7,10
blackout-zero.text.3,412,with,4,6.703147736191453,1,3,0.8,prep,ADP,with,7,11
blackout-zero.text.3,413,an,2,6.270478525477336,2,5,0.6,det,DET,an,7,12
blackout-zero.text.3,414,otherworldly,12,2.380211241711606,1,5,0.6,amod,ADJ,otherworldly,7,13
blackout-zero.text.3,415,energy.,6,4.517195897949974,3,4,1.5,pobj,NOUN,energy,7,14
blackout-zero.text.3,416,Sarah,5,4.634880140766526,7,2,0.9000000000000001,punct,PUNCT,.,7,15
blackout-zero.text.3,417,felt,4,5.797433746145375,0,0,0.0,ROOT,VERB,feel,8,1
blackout-zero.text.3,418,a,1,7.3099551280128585,1,3,0.3,det,DET,a,8,2
blackout-zero.text.3,419,shiver,6,3.184691430817599,1,2,1.0,nsubj,NOUN,shiver,8,3
blackout-zero.text.3,420,run,3,5.544749971447908,3,1,1.5,ccomp,NOUN,run,8,4
blackout-zero.text.3,421,down,4,6.173264958940605,1,2,0.8,prep,ADP,down,8,5
blackout-zero.text.3,422,her,3,6.452678661106354,1,4,0.5,poss,PRON,her,8,6
blackout-zero.text.3,423,spine,5,3.7596678446896306,2,3,1.0,pobj,NOUN,spine,8,7
blackout-zero.text.3,424,as,2,6.345769610954118,2,3,1.0,mark,SCONJ,as,8,8
blackout-zero.text.3,425,she,3,6.572044028989929,1,3,1.0,nsubj,PRON,she,8,9
blackout-zero.text.3,426,reached,7,4.755264891412247,6,2,3.1,advcl,VERB,reach,8,10
blackout-zero.text.3,427,the,3,7.469073206544746,1,4,0.3,det,DET,the,8,11
blackout-zero.text.3,428,top,3,5.125253486024798,2,3,2.0,dobj,NOUN,top,8,12
blackout-zero.text.3,429,of,2,7.063605036452092,1,4,0.8,prep,ADP,of,8,13
blackout-zero.text.3,430,the,3,7.469073206544746,1,6,0.3,det,DET,the,8,14
blackout-zero.text.3,431,stairs,6,3.130333768495006,2,5,1.0,pobj,NOUN,stair,8,15
blackout-zero.text.3,432,and,3,7.126710513400982,6,3,3.1,cc,CCONJ,and,8,16
blackout-zero.text.3,433,pushed,6,4.848497018090367,7,3,3.7,conj,VERB,push,8,17
blackout-zero.text.3,434,open,4,5.505706061959787,1,4,0.6,advmod,ADJ,open,8,18
blackout-zero.text.3,435,the,3,7.469073206544746,2,5,0.6,det,DET,the,8,19
blackout-zero.text.3,436,attic,5,3.8943160626844384,1,5,0.6,amod,ADJ,attic,8,20
blackout-zero.text.3,437,door.,4,5.465472080873497,4,4,4.0,dobj,NOUN,door,8,21
blackout-zero.text.3,438,And,3,7.126710513400982,21,1,3.7,punct,PUNCT,.,8,22
blackout-zero.text.3,439,that,4,7.14956733263194,1,1,1.0,nsubj,PRON,that,9,1
blackout-zero.text.3,440,was,3,6.7594230602184195,0,0,0.0,ROOT,AUX,be,9,2
blackout-zero.text.3,441,when,4,6.308372299806312,2,2,1.2,advmod,SCONJ,when,9,3
blackout-zero.text.3,442,she,3,6.572044028989929,1,2,1.0,nsubj,PRON,she,9,4
blackout-zero.text.3,443,saw,3,6.407684867368763,3,1,1.5,advcl,VERB,see,9,5
blackout-zero.text.3,444,it.,2,7.276377005067547,1,2,1.0,dobj,PRON,it,9,6
blackout-zero.text.3,445,A,1,7.3099551280128585,5,1,0.5,punct,PUNCT,.,9,7
blackout-zero.text.3,446,"single,",6,4.857814777971006,2,1,1.2,amod,ADJ,single,10,1
blackout-zero.text.3,447,flickering,10,2.7558748556724915,1,1,0.1,punct,PUNCT,",",10,2
breakfast-pos.difficulty,0,How,3,6.485184613433453,1,2,0.6,advmod,SCONJ,how,0,0
breakfast-pos.difficulty,1,difficult,9,4.779307827583586,1,1,0.5,acomp,ADJ,difficult,0,1
breakfast-pos.difficulty,2,was,3,6.7594230602184195,0,0,0.0,ROOT,AUX,be,0,2
breakfast-pos.difficulty,3,this,4,6.9019337688086235,1,2,0.3,det,DET,this,0,3
breakfast-pos.difficulty,4,text,4,3.7193312869837265,2,1,2.0,nsubj,NOUN,text,0,4
breakfast-pos.difficulty,5,for,3,6.838540569153386,3,2,1.5,mark,SCONJ,for,0,5
breakfast-pos.difficulty,6,you,3,7.621769343182391,2,2,2.0,nsubj,PRON,you,0,6
breakfast-pos.difficulty,7,to,2,7.355601686871925,1,2,0.3,aux,PART,to,0,7
breakfast-pos.difficulty,8,read,4,5.382413313126266,6,1,3.1,advcl,VERB,read,0,8
breakfast-pos.difficulty,9,and,3,7.126710513400982,1,2,0.5,cc,CCONJ,and,0,9
breakfast-pos.difficulty,10,understand?,10,5.683452310738281,2,2,1.0,conj,VERB,understand,0,10
breakfast-pos.difficulty,11,4,0,5.78,9,1,1.3,punct,PUNCT,?,0,11
breakfast-pos.difficulty,12,–,0,,1,2,0.1,punct,PUNCT,–,1,1
breakfast-pos.difficulty,13,very,4,6.093859261503438,1,2,0.6,advmod,ADV,very,1,2
breakfast-pos.difficulty,14,difficult,9,4.779307827583586,9,1,5.8,amod,ADJ,difficult,1,3
breakfast-pos.difficulty,15,3,0,5.91,8,1,4.3,nummod,NUM,3,1,4
breakfast-pos.difficulty,16,–,0,,1,2,0.1,punct,PUNCT,–,1,5
breakfast-pos.difficulty,17,rather,6,5.057742155828753,1,4,0.6,advmod,ADV,rather,1,6
breakfast-pos.difficulty,18,difficult,9,4.779307827583586,1,3,0.6,amod,ADJ,difficult,1,7
breakfast-pos.difficulty,19,2,0,6.0,4,2,2.0,appos,NUM,2,1,8
breakfast-pos.difficulty,20,–,0,,1,3,0.1,punct,PUNCT,–,1,9
breakfast-pos.difficulty,21,rather,6,5.057742155828753,1,4,0.6,advmod,ADV,rather,1,10
breakfast-pos.difficulty,22,easy,4,5.42440789939746,3,3,1.7999999999999998,amod,ADJ,easy,1,11
breakfast-pos.difficulty,23,1,0,6.0,0,0,0.0,ROOT,NUM,1,1,12
breakfast-pos.difficulty,24,–,0,,1,1,0.1,punct,PUNCT,–,1,13
breakfast-pos.difficulty,25,very,4,6.093859261503438,1,2,0.6,advmod,ADV,very,1,14
breakfast-pos.difficulty,26,easy,4,5.42440789939746,3,1,1.7999999999999998,amod,ADJ,easy,1,15
voicemail-neg.difficulty,0,How,3,6.485184613433453,1,2,0.6,advmod,SCONJ,how,0,0
voicemail-neg.difficulty,1,difficult,9,4.779307827583586,1,1,0.5,acomp,ADJ,difficult,0,1
voicemail-neg.difficulty,2,was,3,6.7594230602184195,0,0,0.0,ROOT,AUX,be,0,2
voicemail-neg.difficulty,3,this,4,6.9019337688086235,1,2,0.3,det,DET,this,0,3
voicemail-neg.difficulty,4,text,4,3.7193312869837265,2,1,2.0,nsubj,NOUN,text,0,4
voicemail-neg.difficulty,5,for,3,6.838540569153386,3,2,1.5,mark,SCONJ,for,0,5
voicemail-neg.difficulty,6,you,3,7.621769343182391,2,2,2.0,nsubj,PRON,you,0,6
voicemail-neg.difficulty,7,to,2,7.355601686871925,1,2,0.3,aux,PART,to,0,7
voicemail-neg.difficulty,8,read,4,5.382413313126266,6,1,3.1,advcl,VERB,read,0,8
voicemail-neg.difficulty,9,and,3,7.126710513400982,1,2,0.5,cc,CCONJ,and,0,9
voicemail-neg.difficulty,10,understand?,10,5.683452310738281,2,2,1.0,conj,VERB,understand,0,10
voicemail-neg.difficulty,11,4,0,5.78,9,1,1.3,punct,PUNCT,?,0,11
voicemail-neg.difficulty,12,–,0,,1,2,0.1,punct,PUNCT,–,1,1
voicemail-neg.difficulty,13,very,4,6.093859261503438,1,2,0.6,advmod,ADV,very,1,2
voicemail-neg.difficulty,14,difficult,9,4.779307827583586,9,1,5.8,amod,ADJ,difficult,1,3
voicemail-neg.difficulty,15,3,0,5.91,8,1,4.3,nummod,NUM,3,1,4
voicemail-neg.difficulty,16,–,0,,1,2,0.1,punct,PUNCT,–,1,5
voicemail-neg.difficulty,17,rather,6,5.057742155828753,1,4,0.6,advmod,ADV,rather,1,6
voicemail-neg.difficulty,18,difficult,9,4.779307827583586,1,3,0.6,amod,ADJ,difficult,1,7
voicemail-neg.difficulty,19,2,0,6.0,4,2,2.0,appos,NUM,2,1,8
voicemail-neg.difficulty,20,–,0,,1,3,0.1,punct,PUNCT,–,1,9
voicemail-neg.difficulty,21,rather,6,5.057742155828753,1,4,0.6,advmod,ADV,rather,1,10
voicemail-neg.difficulty,22,easy,4,5.42440789939746,3,3,1.7999999999999998,amod,ADJ,easy,1,11
voicemail-neg.difficulty,23,1,0,6.0,0,0,0.0,ROOT,NUM,1,1,12
voicemail-neg.difficulty,24,–,0,,1,1,0.1,punct,PUNCT,–,1,13
voicemail-neg.difficulty,25,very,4,6.093859261503438,1,2,0.6,advmod,ADV,very,1,14
voicemail-neg.difficulty,26,easy,4,5.42440789939746,3,1,1.7999999999999998,amod,ADJ,easy,1,15
breakfast-neg.text.3,385,pushed,6,4.848497018090367,0,0,0.0,ROOT,VERB,push,0,0
breakfast-neg.text.3,386,the,3,7.469073206544746,1,2,0.3,det,DET,the,0,1
breakfast-neg.text.3,387,thoughts,8,5.90766390912036,2,1,2.0,dobj,NOUN,thought,0,2
breakfast-neg.text.3,388,aside,5,4.375846436309156,3,1,1.7999999999999998,advmod,ADV,aside,0,3
breakfast-neg.text.3,389,and,3,7.126710513400982,4,1,2.0,cc,CCONJ,and,0,4
breakfast-neg.text.3,390,took,4,6.276700715304874,5,1,2.5,conj,VERB,take,0,5
breakfast-neg.text.3,391,a,1,7.3099551280128585,1,3,0.3,det,DET,a,0,6
breakfast-neg.text.3,392,bite,4,4.610447221442121,2,2,2.0,dobj,NOUN,bite,0,7
breakfast-neg.text.3,393,of,2,7.063605036452092,1,3,0.8,prep,ADP,of,0,8
breakfast-neg.text.3,394,my,2,6.830122048692404,1,5,0.5,poss,PRON,my,0,9
breakfast-neg.text.3,395,"oatmeal,",7,3.519827993775719,2,4,1.0,pobj,NOUN,oatmeal,0,10
breakfast-neg.text.3,396,but,3,6.645173608800489,11,1,1.7000000000000002,punct,PUNCT,",",0,11
breakfast-neg.text.3,397,the,3,7.469073206544746,1,3,0.3,det,DET,the,0,13
breakfast-neg.text.3,398,taste,5,4.710202014655385,1,2,1.0,nsubj,NOUN,taste,0,14
breakfast-neg.text.3,399,was,3,6.7594230602184195,15,1,8.5,conj,AUX,be,0,15
breakfast-neg.text.3,400,bitter,6,4.04688519083771,1,2,0.5,acomp,ADJ,bitter,0,16
breakfast-neg.text.3,401,on,2,6.842342715684627,1,3,0.8,prep,ADP,on,0,17
breakfast-neg.text.3,402,my,2,6.830122048692404,1,5,0.5,poss,PRON,my,0,18
breakfast-neg.text.3,403,tongue.,6,4.493597449000527,2,4,1.0,pobj,NOUN,tongue,0,19
breakfast-neg.text.3,404,As,2,6.345769610954118,5,2,0.5,punct,PUNCT,.,0,20
breakfast-neg.text.3,405,I,1,7.6017467520701825,1,2,1.0,nsubj,PRON,I,1,1
breakfast-neg.text.3,406,finished,8,4.99528410768926,9,1,4.9,advcl,VERB,finish,1,2
breakfast-neg.text.3,407,my,2,6.830122048692404,1,3,0.5,poss,PRON,my,1,3
breakfast-neg.text.3,408,meal,4,4.460296326757475,2,2,2.0,dobj,NOUN,meal,1,4
breakfast-neg.text.3,409,and,3,7.126710513400982,3,2,1.5,cc,CCONJ,and,1,5
breakfast-neg.text.3,410,prepared,8,4.525692524505011,4,2,2.0,conj,VERB,prepare,1,6
breakfast-neg.text.3,411,to,2,7.355601686871925,1,4,0.3,aux,PART,to,1,7
breakfast-neg.text.3,412,"leave,",5,5.748738301606059,2,3,1.0,xcomp,VERB,leave,1,8
breakfast-neg.text.3,413,I,1,7.6017467520701825,2,1,0.2,punct,PUNCT,",",1,9
breakfast-neg.text.3,414,caught,6,5.131971345281057,0,0,0.0,ROOT,VERB,catch,1,11
breakfast-neg.text.3,415,a,1,7.3099551280128585,1,2,0.3,det,DET,a,1,12
breakfast-neg.text.3,416,glimpse,7,3.525044807036845,2,1,2.0,dobj,NOUN,glimpse,1,13
breakfast-neg.text.3,417,of,2,7.063605036452092,1,2,0.8,prep,ADP,of,1,14
breakfast-neg.text.3,418,the,3,7.469073206544746,1,4,0.3,det,DET,the,1,15
breakfast-neg.text.3,419,waitress,8,4.061829307294699,2,3,1.0,pobj,NOUN,waitress,1,16
breakfast-neg.text.3,420,out,3,6.587184330308805,6,1,4.9,prep,ADP,out,1,17
breakfast-neg.text.3,421,of,2,7.063605036452092,1,2,0.8,prep,ADP,of,1,18
breakfast-neg.text.3,422,the,3,7.469073206544746,1,4,0.3,det,DET,the,1,19
breakfast-neg.text.3,423,corner,6,4.720407400803109,2,3,1.0,pobj,NOUN,corner,1,20
breakfast-neg.text.3,424,of,2,7.063605036452092,1,4,0.8,prep,ADP,of,1,21
breakfast-neg.text.3,425,my,2,6.830122048692404,1,6,0.5,poss,PRON,my,1,22
breakfast-neg.text.3,426,eye.,3,5.0483641052798855,2,5,1.0,pobj,NOUN,eye,1,23
breakfast-neg.text.3,427,She,3,6.572044028989929,13,1,2.1,punct,PUNCT,.,1,24
breakfast-neg.text.3,428,was,3,6.7594230602184195,1,2,0.3,aux,AUX,be,2,1
breakfast-neg.text.3,429,watching,8,5.518540259958009,5,1,2.5,ccomp,VERB,watch,2,2
breakfast-neg.text.3,430,"me,",2,7.6017467520701825,1,2,1.0,dobj,PRON,I,2,3
breakfast-neg.text.3,431,a,1,7.3099551280128585,3,1,0.30000000000000004,punct,PUNCT,",",2,4
breakfast-neg.text.3,432,knowing,7,6.757485611771434,1,1,0.6,amod,VERB,know,2,6
breakfast-neg.text.3,433,look,4,6.289426173081608,0,0,0.0,ROOT,NOUN,look,2,7
breakfast-neg.text.3,434,in,2,6.990046118048168,1,1,0.8,prep,ADP,in,2,8
breakfast-neg.text.3,435,her,3,6.452678661106354,1,3,0.5,poss,PRON,her,2,9
breakfast-neg.text.3,436,eyes.,4,5.0483641052798855,2,2,1.0,pobj,NOUN,eye,2,10
breakfast-neg.text.3,437,I,1,7.6017467520701825,4,1,0.4,punct,PUNCT,.,2,11
breakfast-neg.text.3,438,felt,4,5.797433746145375,0,0,0.0,ROOT,VERB,feel,3,1
breakfast-neg.text.3,439,a,1,7.3099551280128585,1,3,0.3,det,DET,a,3,2
breakfast-neg.text.3,440,chill,5,4.210586024905156,1,2,1.0,nsubj,NOUN,chill,3,3
breakfast-neg.text.3,441,run,3,5.544749971447908,3,1,1.5,ccomp,VERB,run,3,4
breakfast-neg.text.3,442,down,4,6.173264958940605,1,2,0.8,prep,ADP,down,3,5
breakfast-neg.text.3,443,my,2,6.830122048692404,1,4,0.5,poss,PRON,my,3,6
breakfast-neg.text.3,444,spine,5,3.7596678446896306,2,3,1.0,pobj,NOUN,spine,3,7
breakfast-neg.text.3,445,as,2,6.345769610954118,2,3,1.0,mark,SCONJ,as,3,8
breakfast-neg.text.3,446,I,1,7.6017467520701825,1,3,1.0,nsubj,PRON,I,3,9
breakfast-neg.text.3,447,realized,8,4.897956810006952,6,2,3.1,advcl,VERB,realize,3,10
breakfast-neg.text.3,448,that,4,7.14956733263194,2,4,1.0,mark,SCONJ,that,3,11
breakfast-neg.text.3,449,I,1,7.6017467520701825,1,4,1.0,nsubj,PRON,I,3,12
breakfast-neg.text.3,450,had,3,6.789680109103924,3,3,1.5,ccomp,VERB,have,3,13
breakfast-neg.text.3,451,no,2,6.7760870730181075,1,5,0.3,det,DET,no,3,14
breakfast-neg.text.3,452,idea,4,5.555142835240048,2,4,2.0,dobj,NOUN,idea,3,15
breakfast-neg.text.3,453,what,4,6.993103217236282,2,6,2.0,nsubj,PRON,what,3,16
breakfast-neg.text.3,454,was,3,6.7594230602184195,1,6,0.3,aux,AUX,be,3,17
breakfast-neg.text.3,455,going,5,6.578987422636267,3,5,1.5,relcl,VERB,go,3,18
breakfast-neg.text.3,456,"on,",2,6.842342715684627,1,6,0.5,prt,ADP,on,3,19
breakfast-neg.text.3,457,but,3,6.645173608800489,19,1,3.3000000000000003,punct,PUNCT,",",3,20
breakfast-neg.text.3,458,I,1,7.6017467520701825,1,2,1.0,nsubj,PRON,I,3,22
breakfast-neg.text.3,459,had,3,6.789680109103924,22,1,12.7,conj,VERB,have,3,23
breakfast-neg.text.3,460,a,1,7.3099551280128585,1,3,0.3,det,DET,a,3,24
breakfast-neg.text.3,461,feeling,7,5.225774348143929,2,2,2.0,dobj,NOUN,feeling,3,25
breakfast-neg.text.3,462,that,4,7.14956733263194,3,4,1.5,mark,SCONJ,that,3,26
breakfast-neg.text.3,463,my,2,6.830122048692404,1,5,0.5,poss,PRON,my,3,27
breakfast-neg.text.3,464,life,4,5.901267560474818,1,4,1.0,nsubj,NOUN,life,3,28
breakfast-neg.text.3,465,was,3,6.7594230602184195,4,3,2.0,acl,AUX,be,3,29
breakfast-neg.text.3,466,about,5,6.560084852586414,1,4,0.5,acomp,ADJ,about,3,30
breakfast-neg.text.3,467,to,2,7.355601686871925,1,6,0.3,aux,PART,to,3,31
breakfast-neg.text.3,468,change,6,5.380844126464665,2,5,1.0,xcomp,VERB,change,3,32
breakfast-neg.text.3,469,in,2,6.990046118048168,1,6,0.8,prep,ADP,in,3,33
breakfast-neg.text.3,470,ways,4,6.153732569172379,1,7,0.5,pobj,NOUN,way,3,34
breakfast-neg.text.3,471,I,1,7.6017467520701825,4,9,4.0,nsubj,PRON,I,3,35
breakfast-neg.text.3,472,couldn't,7,6.212078350946609,3,9,0.8999999999999999,aux,AUX,could,3,36
breakfast-neg.text.3,473,even,4,5.942464442760418,1,9,0.6,advmod,ADV,even,3,38
breakfast-neg.text.3,474,imagine.,7,4.908699432352224,5,8,2.5,relcl,VERB,imagine,3,39
voicemail-zero.text.1,95,was,3,6.7594230602184195,0,0,0.0,ROOT,AUX,be,0,0
voicemail-zero.text.1,96,this,4,6.9019337688086235,1,2,0.3,det,DET,this,0,1
voicemail-zero.text.1,97,person?,6,5.328134861543332,2,1,2.0,nsubj,NOUN,person,0,2
voicemail-zero.text.1,98,What,4,6.993103217236282,3,1,0.30000000000000004,punct,PUNCT,?,0,3
voicemail-zero.text.1,99,did,3,6.787856330946344,2,1,0.6,aux,AUX,do,1,1
voicemail-zero.text.1,100,they,4,6.613095166038459,1,1,1.0,nsubj,PRON,they,1,2
voicemail-zero.text.1,101,mean?,4,6.094813398072274,0,0,0.0,ROOT,VERB,mean,1,3
voicemail-zero.text.1,102,And,3,7.126710513400982,1,1,0.1,punct,PUNCT,?,1,4
voicemail-zero.text.1,103,who,3,6.346927740692434,2,1,2.0,nsubj,PRON,who,2,1
voicemail-zero.text.1,104,was,3,6.7594230602184195,1,1,0.3,aux,AUX,be,2,2
voicemail-zero.text.1,105,coming,6,6.497065171063486,0,0,0.0,ROOT,VERB,come,2,3
voicemail-zero.text.1,106,for,3,6.838540569153386,1,1,0.8,prep,ADP,for,2,4
voicemail-zero.text.1,107,her?,3,6.572044028989929,1,2,0.5,pobj,PRON,she,2,5
voicemail-zero.text.1,108,She,3,6.572044028989929,3,1,0.30000000000000004,punct,PUNCT,?,2,6
voicemail-zero.text.1,109,tried,5,5.678290701718043,0,0,0.0,ROOT,VERB,try,3,1
voicemail-zero.text.1,110,to,2,7.355601686871925,1,2,0.3,aux,PART,to,3,2
voicemail-zero.text.1,111,shake,5,4.59802407233419,2,1,1.0,xcomp,VERB,shake,3,3
voicemail-zero.text.1,112,off,3,6.071701627227895,1,2,0.5,prt,ADP,off,3,4
voicemail-zero.text.1,113,the,3,7.469073206544746,1,3,0.3,det,DET,the,3,5
voicemail-zero.text.1,114,feeling,7,5.225774348143929,3,2,3.0,dobj,NOUN,feeling,3,6
voicemail-zero.text.1,115,of,2,7.063605036452092,1,3,0.8,prep,ADP,of,3,7
voicemail-zero.text.1,116,"unease,",6,2.0,1,4,0.5,pobj,NOUN,unease,3,8
voicemail-zero.text.1,117,telling,7,5.280532844451383,8,1,1.1,punct,PUNCT,",",3,9
voicemail-zero.text.1,118,herself,7,4.719745492529577,1,2,1.0,dobj,PRON,herself,3,11
voicemail-zero.text.1,119,it,2,7.276377005067547,1,3,1.0,nsubj,PRON,it,3,12
voicemail-zero.text.1,120,was,3,6.7594230602184195,3,2,1.5,ccomp,AUX,be,3,13
voicemail-zero.text.1,121,just,4,6.67661497234708,2,4,1.2,advmod,ADV,just,3,14
voicemail-zero.text.1,122,a,1,7.3099551280128585,1,4,0.3,det,DET,a,3,15
voicemail-zero.text.1,123,prank,5,3.6020599913279625,3,3,1.5,attr,NOUN,prank,3,16
voicemail-zero.text.1,124,or,2,6.231798245316826,1,4,0.5,cc,CCONJ,or,3,17
voicemail-zero.text.1,125,a,1,7.3099551280128585,2,5,0.6,det,DET,a,3,18
voicemail-zero.text.1,126,wrong,5,5.718584720027436,1,5,0.6,amod,ADJ,wrong,3,19
voicemail-zero.text.1,127,number.,6,5.381908906005798,4,4,2.0,conj,NOUN,number,3,20
voicemail-zero.text.1,128,But,3,6.645173608800489,20,1,3.5,punct,PUNCT,.,3,21
voicemail-zero.text.1,129,the,3,7.469073206544746,1,2,0.3,det,DET,the,4,1
voicemail-zero.text.1,130,words,5,5.372083108574252,1,1,1.0,nsubj,NOUN,word,4,2
voicemail-zero.text.1,131,lingered,8,3.161368002234975,0,0,0.0,ROOT,VERB,linger,4,3
voicemail-zero.text.1,132,in,2,6.990046118048168,1,1,0.8,prep,ADP,in,4,4
voicemail-zero.text.1,133,her,3,6.452678661106354,1,3,0.5,poss,PRON,her,4,5
voicemail-zero.text.1,134,"mind,",4,5.685392371625693,2,2,1.0,pobj,NOUN,mind,4,6
voicemail-zero.text.1,135,echoing,7,3.4099331233312946,4,1,0.4,punct,PUNCT,",",4,7
voicemail-zero.text.1,136,in,2,6.990046118048168,1,2,0.8,prep,ADP,in,4,9
voicemail-zero.text.1,137,her,3,6.452678661106354,1,4,0.5,poss,PRON,her,4,10
voicemail-zero.text.1,138,thoughts,8,5.90766390912036,2,3,1.0,pobj,NOUN,thought,4,11
voicemail-zero.text.1,139,like,4,6.601947060080969,1,4,0.8,prep,ADP,like,4,12
voicemail-zero.text.1,140,a,1,7.3099551280128585,1,6,0.3,det,DET,a,4,13
voicemail-zero.text.1,141,mantra.,6,2.9242792860618816,2,5,1.0,pobj,NOUN,mantra,4,14
voicemail-zero.text.1,142,As,2,6.345769610954118,12,1,1.9000000000000004,punct,PUNCT,.,4,15
voicemail-zero.text.1,143,she,3,6.572044028989929,1,2,1.0,nsubj,PRON,she,5,1
voicemail-zero.text.1,144,went,4,6.578987422636267,8,1,4.3,advcl,VERB,go,5,2
voicemail-zero.text.1,145,about,5,6.560084852586414,1,2,0.8,prep,ADP,about,5,3
voicemail-zero.text.1,146,her,3,6.452678661106354,1,4,0.5,poss,PRON,her,5,4
voicemail-zero.text.1,147,"day,",3,5.904076884767221,2,3,1.0,pobj,NOUN,day,5,5
voicemail-zero.text.1,148,Emily,5,4.568670978009896,4,1,0.4,punct,PUNCT,",",5,6
voicemail-zero.text.1,149,couldn't,7,6.212078350946609,2,1,0.6,aux,AUX,could,5,8
voicemail-zero.text.1,150,shake,5,4.59802407233419,0,0,0.0,ROOT,VERB,shake,5,10
voicemail-zero.text.1,151,the,3,7.469073206544746,1,2,0.3,det,DET,the,5,11
voicemail-zero.text.1,152,feeling,7,5.225774348143929,2,1,2.0,dobj,NOUN,feeling,5,12
voicemail-zero.text.1,153,of,2,7.063605036452092,1,2,0.8,prep,ADP,of,5,13
voicemail-zero.text.1,154,being,5,6.7594230602184195,1,4,0.5,auxpass,AUX,be,5,14
voicemail-zero.text.1,155,watched.,7,5.518540259958009,2,3,1.0,pcomp,VERB,watch,5,15
voicemail-zero.text.1,156,She,3,6.572044028989929,6,1,0.7000000000000001,punct,PUNCT,.,5,16
voicemail-zero.text.1,157,glanced,7,3.5352941200427703,0,0,0.0,ROOT,VERB,glance,6,1
voicemail-zero.text.1,158,over,4,6.12165503058072,1,1,0.8,prep,ADP,over,6,2
voicemail-zero.text.1,159,her,3,6.452678661106354,1,3,0.5,poss,PRON,her,6,3
voicemail-zero.text.1,160,"shoulder,",8,4.418301291319745,2,2,1.0,pobj,NOUN,shoulder,6,4
voicemail-zero.text.1,161,expecting,9,4.558708570533166,4,1,0.4,punct,PUNCT,",",6,5
voicemail-zero.text.1,162,to,2,7.355601686871925,1,3,0.3,aux,PART,to,6,7
voicemail-zero.text.1,163,see,3,6.407684867368763,2,2,1.0,xcomp,VERB,see,6,8
voicemail-zero.text.1,164,someone,7,5.649451693528405,1,3,1.0,dobj,PRON,someone,6,9
voicemail-zero.text.1,165,lurking,7,2.6127838567197355,1,4,0.5,acl,VERB,lurk,6,10
voicemail-zero.text.1,166,in,2,6.990046118048168,1,5,0.8,prep,ADP,in,6,11
voicemail-zero.text.1,167,the,3,7.469073206544746,1,7,0.3,det,DET,the,6,12
voicemail-zero.text.1,168,"shadows,",7,4.325925955771466,2,6,1.0,pobj,NOUN,shadow,6,13
voicemail-zero.text.1,169,but,3,6.645173608800489,13,1,2.1,punct,PUNCT,",",6,14
voicemail-zero.text.1,170,there,5,6.638301521297118,1,2,0.5,expl,PRON,there,6,16
voicemail-zero.text.1,171,was,3,6.7594230602184195,16,1,9.1,conj,VERB,be,6,17
voicemail-zero.text.1,172,never,5,6.134352448068437,1,2,0.5,neg,ADV,never,6,18
voicemail-zero.text.1,173,anyone,6,5.406965750758948,2,2,1.0,attr,PRON,anyone,6,19
voicemail-zero.text.1,174,there.,5,6.638301521297118,1,3,0.6,advmod,ADV,there,6,20
voicemail-zero.text.1,175,She,3,6.572044028989929,4,2,0.4,punct,PUNCT,.,6,21
voicemail-zero.text.1,176,tried,5,5.678290701718043,0,0,0.0,ROOT,VERB,try,7,1
voicemail-zero.text.1,177,to,2,7.355601686871925,1,2,0.3,aux,PART,to,7,2
voicemail-zero.text.1,178,focus,5,4.468199586072613,2,1,1.0,xcomp,VERB,focus,7,3
voicemail-zero.text.1,179,on,2,6.842342715684627,1,2,0.8,prep,ADP,on,7,4
voicemail-zero.text.1,180,her,3,6.452678661106354,1,4,0.5,poss,PRON,her,7,5
voicemail-zero.text.1,181,"work,",4,5.902013775787815,2,3,1.0,pobj,NOUN,work,7,6
voicemail-zero.text.1,182,but,3,6.645173608800489,6,1,0.7000000000000001,punct,PUNCT,",",7,7
voicemail-zero.text.1,183,her,3,6.452678661106354,1,3,0.5,poss,PRON,her,7,9
voicemail-zero.text.1,184,mind,4,5.685392371625693,1,2,1.0,nsubj,NOUN,mind,7,10
voicemail-zero.text.1,185,kept,4,5.846868828174237,10,1,5.5,conj,VERB,keep,7,11
voicemail-zero.text.1,186,wandering,9,3.7678976160180904,1,2,0.5,xcomp,VERB,wander,7,12
voicemail-zero.text.1,187,back,4,6.303014523283947,1,3,0.6,advmod,ADV,back,7,13
voicemail-zero.text.1,188,to,2,7.355601686871925,1,4,0.8,prep,ADP,to,7,14
voicemail-zero.text.1,189,the,3,7.469073206544746,2,6,0.6,det,DET,the,7,15
voicemail-zero.text.1,190,mysterious,10,4.176091259055681,1,6,0.6,amod,ADJ,mysterious,7,16
voicemail-zero.text.1,191,message.,7,4.961468555350786,3,5,1.5,pobj,NOUN,message,7,17
blackout-neg.interest,0,How,3,6.485184613433453,1,2,0.6,advmod,SCONJ,how,0,0
blackout-neg.interest,1,interesting,11,4.937969002951452,3,1,1.5,acomp,ADJ,interesting,0,1
blackout-neg.interest,2,did,3,6.787856330946344,2,1,0.6,aux,AUX,do,0,2
blackout-neg.interest,3,you,3,7.621769343182391,1,1,1.0,nsubj,PRON,you,0,3
blackout-neg.interest,4,find,4,5.919580118612771,0,0,0.0,ROOT,VERB,find,0,4
blackout-neg.interest,5,this,4,6.9019337688086235,1,2,0.3,det,DET,this,0,5
blackout-neg.interest,6,text?,4,3.7193312869837265,2,1,2.0,dobj,NOUN,text,0,6
blackout-neg.interest,7,4,0,5.78,3,1,0.30000000000000004,punct,PUNCT,?,0,7
blackout-neg.interest,8,–,0,,1,2,0.1,punct,PUNCT,–,1,1
blackout-neg.interest,9,very,4,6.093859261503438,1,3,0.6,advmod,ADV,very,1,2
blackout-neg.interest,10,interesting,11,4.937969002951452,3,2,1.7999999999999998,amod,ADJ,interesting,1,3
blackout-neg.interest,11,3,0,5.91,1,3,0.5,nummod,NUM,3,1,4
blackout-neg.interest,12,–,0,,5,2,0.5,punct,PUNCT,–,1,5
blackout-neg.interest,13,rather,6,5.057742155828753,1,1,0.6,advmod,ADV,rather,1,6
blackout-neg.interest,14,interesting,11,4.937969002951452,0,0,0.0,ROOT,ADJ,interesting,1,7
blackout-neg.interest,15,2,0,6.0,1,1,0.5,nummod,NUM,2,1,8
blackout-neg.interest,16,–,0,,1,2,0.1,punct,PUNCT,–,1,9
blackout-neg.interest,17,rather,6,5.057742155828753,1,3,0.6,advmod,ADV,rather,1,10
blackout-neg.interest,18,boring,6,4.437909035539498,3,2,1.7999999999999998,amod,ADJ,boring,1,11
blackout-neg.interest,19,1,0,6.0,1,3,0.5,nummod,NUM,1,1,12
blackout-neg.interest,20,–,0,,1,4,0.1,punct,PUNCT,–,1,13
blackout-neg.interest,21,very,4,6.093859261503438,1,3,0.6,advmod,ADV,very,1,14
blackout-neg.interest,22,boring,6,4.437909035539498,7,2,4.4,amod,ADJ,boring,1,15
goldfish-pos.text.2,152,Emma's,5,4.196176185039973,2,2,1.0,poss,PROPN,Emma,0,0
goldfish-pos.text.2,153,eyes,4,5.0483641052798855,1,1,1.0,nsubj,NOUN,eye,0,2
goldfish-pos.text.2,154,sparkled.,8,3.2227164711475833,0,0,0.0,ROOT,VERB,sparkle,0,3
goldfish-pos.text.2,155,"""That's",5,7.14956733263194,1,1,1.0,nsubj,PRON,that,1,1
goldfish-pos.text.2,156,amazing!,7,4.912275210498812,1,1,0.5,acomp,ADJ,amazing,1,3
goldfish-pos.text.2,157,What,4,6.993103217236282,2,1,0.2,punct,PUNCT,!,1,4
goldfish-pos.text.2,158,"else?""",4,5.652401073162046,1,1,0.6,advmod,ADV,else,2,1
goldfish-pos.text.2,159,Her,3,6.452678661106354,3,1,0.30000000000000004,punct,PUNCT,"""",2,3
goldfish-pos.text.2,160,grandmother's,12,4.443732241401596,2,2,1.0,poss,NOUN,grandmother,3,1
goldfish-pos.text.2,161,eyes,4,5.0483641052798855,1,1,1.0,nsubj,NOUN,eye,3,3
goldfish-pos.text.2,162,twinkled,8,3.4885507165004443,0,0,0.0,ROOT,VERB,twinkle,3,4
goldfish-pos.text.2,163,mischievously.,13,2.18,1,1,0.6,advmod,ADV,mischievously,3,5
goldfish-pos.text.2,164,"""Well,",4,6.475765589907652,7,1,0.9000000000000001,punct,PUNCT,"""",4,0
goldfish-pos.text.2,165,this,4,6.9019337688086235,5,1,0.5,punct,PUNCT,",",4,2
goldfish-pos.text.2,166,"morning,",7,5.642464520242122,3,1,1.5,npadvmod,NOUN,morning,4,4
goldfish-pos.text.2,167,I,1,7.6017467520701825,2,1,0.2,punct,PUNCT,",",4,5
goldfish-pos.text.2,168,wished,6,5.371289573064556,0,0,0.0,ROOT,VERB,wish,4,7
goldfish-pos.text.2,169,for,3,6.838540569153386,1,1,0.8,prep,ADP,for,4,8
goldfish-pos.text.2,170,a,1,7.3099551280128585,2,3,0.6,det,DET,a,4,9
goldfish-pos.text.2,171,favorite,8,4.774151858954711,1,3,0.6,amod,ADJ,favorite,4,10
goldfish-pos.text.2,172,"breakfast,",9,4.82144801901753,3,2,1.5,pobj,NOUN,breakfast,4,11
goldfish-pos.text.2,173,and,3,7.126710513400982,5,1,0.5,punct,PUNCT,",",4,12
goldfish-pos.text.2,174,"suddenly,",8,4.74787770581979,7,1,4.4,advmod,ADV,suddenly,4,14
goldfish-pos.text.2,175,the,3,7.469073206544746,1,2,0.1,punct,PUNCT,",",4,15
goldfish-pos.text.2,176,aroma,5,3.130333768495006,10,1,10.5,dobj,NOUN,aroma,4,17
goldfish-pos.text.2,177,of,2,7.063605036452092,1,2,0.8,prep,ADP,of,4,18
goldfish-pos.text.2,178,freshly,7,3.143014800254095,1,5,0.6,advmod,ADV,freshly,4,19
goldfish-pos.text.2,179,baked,5,3.8014037100173548,1,4,0.6,amod,VERB,bake,4,20
goldfish-pos.text.2,180,pancakes,8,3.597695185925512,3,3,1.5,pobj,NOUN,pancake,4,21
goldfish-pos.text.2,181,wafted,6,2.204119982655925,1,4,0.5,acl,VERB,waft,4,22
goldfish-pos.text.2,182,from,4,6.309430005221755,1,5,0.8,prep,ADP,from,4,23
goldfish-pos.text.2,183,the,3,7.469073206544746,1,7,0.3,det,DET,the,4,24
goldfish-pos.text.2,184,"kitchen.""",7,4.765743041421044,2,6,1.0,pobj,NOUN,kitchen,4,25
goldfish-pos.text.2,185,Emma's,5,4.196176185039973,2,2,1.0,poss,PROPN,Emma,5,0
goldfish-pos.text.2,186,laughter,8,4.139879086401237,1,1,1.0,nsubj,NOUN,laughter,5,2
goldfish-pos.text.2,187,echoed,6,3.8363241157067516,0,0,0.0,ROOT,VERB,echo,5,3
goldfish-pos.text.2,188,through,7,5.739991406457079,1,1,0.8,prep,ADP,through,5,4
goldfish-pos.text.2,189,the,3,7.469073206544746,2,3,0.6,det,DET,the,5,5
goldfish-pos.text.2,190,hospital,8,5.094121595840561,1,3,0.5,compound,NOUN,hospital,5,6
goldfish-pos.text.2,191,room.,4,5.642968760855551,3,2,1.5,pobj,NOUN,room,5,7
goldfish-pos.text.2,192,"""That's",5,7.14956733263194,1,1,1.0,nsubj,PRON,that,6,1
goldfish-pos.text.2,193,"incredible,",10,4.577491799837225,2,2,1.2,amod,ADJ,incredible,6,3
goldfish-pos.text.2,194,"Grandma!""",7,4.658869592201962,1,2,0.1,punct,PUNCT,",",6,4
goldfish-pos.text.2,195,"Finley,",6,3.06,2,2,0.2,punct,PUNCT,"""",6,7
goldfish-pos.text.2,196,sensing,7,3.278753600952829,13,1,2.1,punct,PUNCT,",",7,1
goldfish-pos.text.2,197,Emma's,5,4.196176185039973,2,3,1.0,poss,PROPN,Emma,7,3
goldfish-pos.text.2,198,"excitement,",10,4.090258052931317,3,2,3.0,dobj,NOUN,excitement,7,5
goldfish-pos.text.2,199,darted,6,1.6020599913279625,1,3,0.1,punct,PUNCT,",",7,6
goldfish-pos.text.2,200,around,6,5.867308354895176,1,4,0.8,prep,ADP,around,7,8
goldfish-pos.text.2,201,his,3,6.327313969806467,1,6,0.5,poss,PRON,his,7,9
goldfish-pos.text.2,202,"container,",9,3.632457292184724,2,5,1.0,pobj,NOUN,container,7,10
goldfish-pos.text.2,203,his,3,6.327313969806467,6,3,0.7000000000000001,punct,PUNCT,",",7,11
goldfish-pos.text.2,204,fins,4,3.5327543789924976,1,1,1.0,nsubj,NOUN,fin,7,13
goldfish-pos.text.2,205,wiggling,8,3.4742162640762553,0,0,0.0,ROOT,VERB,wiggle,7,14
goldfish-pos.text.2,206,furiously.,9,2.3979400086720375,1,1,0.6,advmod,ADV,furiously,7,15
goldfish-pos.text.2,207,Emma,4,4.196176185039973,2,1,0.2,punct,PUNCT,.,7,16
goldfish-pos.text.2,208,"giggled,",7,3.2329961103921536,0,0,0.0,ROOT,VERB,giggle,8,1
goldfish-pos.text.2,209,remembering,11,3.761927838420529,1,1,0.1,punct,PUNCT,",",8,2
goldfish-pos.text.2,210,the,3,7.469073206544746,2,3,0.6,det,DET,the,8,4
goldfish-pos.text.2,211,countless,9,3.374748346010104,1,3,0.6,amod,ADJ,countless,8,5
goldfish-pos.text.2,212,stories,7,5.343959729007141,3,2,3.0,dobj,NOUN,story,8,6
goldfish-pos.text.2,213,her,3,6.452678661106354,1,5,0.5,poss,PRON,her,8,7
goldfish-pos.text.2,214,grandmother,11,4.443732241401596,1,4,1.0,nsubj,NOUN,grandmother,8,8
goldfish-pos.text.2,215,told,4,6.236660680316971,3,3,1.5,relcl,VERB,tell,8,9
goldfish-pos.text.2,216,about,5,6.560084852586414,1,4,0.8,prep,ADP,about,8,10
goldfish-pos.text.2,217,Finley's,7,3.06,6,6,3.1,poss,PROPN,Finley,8,11
goldfish-pos.text.2,218,supposed,8,5.09968064110925,4,6,2.4,amod,VERB,suppose,8,13
goldfish-pos.text.2,219,wish-granting,12,,,,,,,,,
goldfish-pos.text.2,220,abilities.,9,4.2837533833325265,7,5,3.7,pobj,NOUN,ability,8,17
breakfast-zero.text.0,0,Breakfast,9,4.82144801901753,5,1,2.5,advcl,NOUN,breakfast,0,0
breakfast-zero.text.0,1,with,4,6.703147736191453,1,2,0.8,prep,ADP,with,0,1
breakfast-zero.text.0,2,a,1,7.3099551280128585,1,4,0.3,det,DET,a,0,2
breakfast-zero.text.0,3,Stranger,8,4.431363764158987,2,3,1.0,pobj,PROPN,Stranger,0,3
breakfast-zero.text.0,4,I,1,7.6017467520701825,1,1,1.0,nsubj,PRON,I,0,4
breakfast-zero.text.0,5,slid,4,4.250907699700856,0,0,0.0,ROOT,VERB,slide,0,5
breakfast-zero.text.0,6,into,4,5.926645935044691,1,1,0.8,prep,ADP,into,0,6
breakfast-zero.text.0,7,the,3,7.469073206544746,1,3,0.3,det,DET,the,0,7
breakfast-zero.text.0,8,"booth,",5,4.308991029000164,2,2,1.0,pobj,NOUN,booth,0,8
breakfast-zero.text.0,9,the,3,7.469073206544746,1,3,0.1,punct,PUNCT,",",0,9
breakfast-zero.text.0,10,worn,4,5.038739348104748,1,3,0.6,amod,VERB,wear,0,11
breakfast-zero.text.0,11,vinyl,5,3.093421685162235,1,2,0.5,compound,NOUN,vinyl,0,12
breakfast-zero.text.0,12,creaking,8,2.7075701760979363,8,1,4.3,advcl,VERB,creak,0,13
breakfast-zero.text.0,13,beneath,7,4.0655797147284485,1,2,0.8,prep,ADP,beneath,0,14
breakfast-zero.text.0,14,me.,2,7.6017467520701825,1,3,0.5,pobj,PRON,I,0,15
breakfast-zero.text.0,15,The,3,7.469073206544746,11,1,1.7000000000000002,punct,PUNCT,.,0,16
breakfast-zero.text.0,16,diner,5,4.093071306376063,1,1,1.0,nsubj,NOUN,diner,1,1
breakfast-zero.text.0,17,was,3,6.7594230602184195,0,0,0.0,ROOT,AUX,be,1,2
breakfast-zero.text.0,18,a,1,7.3099551280128585,1,2,0.3,det,DET,a,1,3
breakfast-zero.text.0,19,staple,6,3.0492180226701815,2,1,1.0,attr,NOUN,staple,1,4
breakfast-zero.text.0,20,in,2,6.990046118048168,1,2,0.8,prep,ADP,in,1,5
breakfast-zero.text.0,21,this,4,6.9019337688086235,2,4,0.6,det,DET,this,1,6
breakfast-zero.text.0,22,small,5,5.096771016533225,1,4,0.6,amod,ADJ,small,1,7
breakfast-zero.text.0,23,"town,",4,5.394311563231227,3,3,1.5,pobj,NOUN,town,1,8
breakfast-zero.text.0,24,a,1,7.3099551280128585,1,4,0.1,punct,PUNCT,",",1,9
breakfast-zero.text.0,25,place,5,5.780079573484288,3,4,1.5,appos,NOUN,place,1,11
breakfast-zero.text.0,26,where,5,6.262503296857943,2,6,1.2,advmod,SCONJ,where,1,12
breakfast-zero.text.0,27,everyone,8,5.383186799474899,1,6,1.0,nsubj,PRON,everyone,1,13
breakfast-zero.text.0,28,knew,4,6.757485611771434,3,5,1.5,relcl,VERB,know,1,14
breakfast-zero.text.0,29,"everyone,",8,5.383186799474899,1,6,1.0,dobj,PRON,everyone,1,15
breakfast-zero.text.0,30,and,3,7.126710513400982,14,1,2.3000000000000003,punct,PUNCT,",",1,16
breakfast-zero.text.0,31,the,3,7.469073206544746,1,3,0.3,det,DET,the,1,18
breakfast-zero.text.0,32,coffee,6,5.159958002678518,1,2,1.0,nsubj,NOUN,coffee,1,19
breakfast-zero.text.0,33,was,3,6.7594230602184195,18,1,10.3,conj,AUX,be,1,20
breakfast-zero.text.0,34,always,6,5.816407029618638,1,2,0.6,advmod,ADV,always,1,21
breakfast-zero.text.0,35,hot.,3,5.278387725209282,2,2,1.0,acomp,ADJ,hot,1,22
breakfast-zero.text.0,36,I,1,7.6017467520701825,3,2,0.30000000000000004,punct,PUNCT,.,1,23
breakfast-zero.text.0,37,took,4,6.276700715304874,13,1,7.3,ccomp,VERB,take,2,1
breakfast-zero.text.0,38,a,1,7.3099551280128585,1,3,0.3,det,DET,a,2,2
breakfast-zero.text.0,39,seat,4,4.896415976473123,2,2,2.0,dobj,NOUN,seat,2,3
breakfast-zero.text.0,40,at,2,6.507464560676047,3,2,2.4000000000000004,prep,ADP,at,2,4
breakfast-zero.text.0,41,the,3,7.469073206544746,1,4,0.3,det,DET,the,2,5
breakfast-zero.text.0,42,counter,7,4.143014800254095,2,3,1.0,pobj,NOUN,counter,2,6
breakfast-zero.text.0,43,and,3,7.126710513400982,6,2,3.1,cc,CCONJ,and,2,7
breakfast-zero.text.0,44,perused,7,2.5440680443502757,7,2,3.7,conj,VERB,peruse,2,8
breakfast-zero.text.0,45,the,3,7.469073206544746,1,4,0.3,det,DET,the,2,9
breakfast-zero.text.0,46,"menu,",4,3.998259338423699,2,3,2.0,dobj,NOUN,menu,2,10
breakfast-zero.text.0,47,my,2,6.830122048692404,3,1,0.30000000000000004,punct,PUNCT,",",2,11
breakfast-zero.text.0,48,stomach,7,4.529173603261723,1,1,1.0,nsubj,NOUN,stomach,2,13
breakfast-zero.text.0,49,growling,8,2.9912260756924947,0,0,0.0,ROOT,VERB,growl,2,14
breakfast-zero.text.0,50,in,2,6.990046118048168,1,1,0.8,prep,ADP,in,2,15
breakfast-zero.text.0,51,anticipation,12,3.3961993470957363,1,2,0.5,pobj,NOUN,anticipation,2,16
breakfast-zero.text.0,52,of,2,7.063605036452092,1,3,0.8,prep,ADP,of,2,17
breakfast-zero.text.0,53,a,1,7.3099551280128585,2,5,0.6,det,DET,a,2,18
breakfast-zero.text.0,54,hearty,6,3.287801729930226,1,5,0.6,amod,ADJ,hearty,2,19
breakfast-zero.text.0,55,breakfast.,9,4.82144801901753,3,4,1.5,pobj,NOUN,breakfast,2,20
breakfast-zero.text.0,56,The,3,7.469073206544746,7,1,0.9000000000000001,punct,PUNCT,.,2,21
breakfast-zero.text.0,57,"waitress,",8,4.061829307294699,10,1,10.5,nsubj,NOUN,waitress,3,1
breakfast-zero.text.0,58,a,1,7.3099551280128585,1,2,0.1,punct,PUNCT,",",3,2
breakfast-zero.text.0,59,friendly,8,4.415640979896154,1,3,0.6,amod,ADJ,friendly,3,4
breakfast-zero.text.0,60,woman,5,5.63811969986024,4,2,2.0,appos,NOUN,woman,3,5
breakfast-zero.text.0,61,with,4,6.703147736191453,1,3,0.8,prep,ADP,with,3,6
breakfast-zero.text.0,62,a,1,7.3099551280128585,2,5,0.6,det,DET,a,3,7
breakfast-zero.text.0,63,warm,4,4.71717102683231,1,5,0.6,amod,ADJ,warm,3,8
breakfast-zero.text.0,64,"smile,",5,4.763427993562937,3,4,1.5,pobj,NOUN,smile,3,9
breakfast-zero.text.0,65,came,4,5.666265192538056,9,2,1.3,punct,PUNCT,",",3,10
breakfast-zero.text.0,66,over,4,6.12165503058072,1,1,0.5,prt,ADP,over,3,12
breakfast-zero.text.0,67,to,2,7.355601686871925,1,2,0.3,aux,PART,to,3,13
breakfast-zero.text.0,68,take,4,6.276700715304874,3,1,1.5,advcl,VERB,take,3,14
breakfast-zero.text.0,69,my,2,6.830122048692404,1,3,0.5,poss,PRON,my,3,15
breakfast-zero.text.0,70,order.,5,5.194708551575122,2,2,2.0,dobj,NOUN,order,3,16
breakfast-zero.text.0,71,"""What",4,6.993103217236282,4,1,0.4,punct,PUNCT,"""",4,0
breakfast-zero.text.0,72,can,3,6.719948309126272,2,1,0.6,aux,AUX,can,4,2
breakfast-zero.text.0,73,I,1,7.6017467520701825,1,1,1.0,nsubj,PRON,I,4,3
breakfast-zero.text.0,74,get,3,6.6612218704330886,0,0,0.0,ROOT,VERB,get,4,4
breakfast-zero.text.0,75,for,3,6.838540569153386,1,1,0.5,dative,ADP,for,4,5
breakfast-zero.text.0,76,"ya,",2,5.176872286409177,1,2,0.5,pobj,PRON,ya,4,6
breakfast-zero.text.0,77,"hon?""",3,4.215108581053093,3,1,0.30000000000000004,punct,PUNCT,",",4,7
breakfast-zero.text.0,78,she,3,6.572044028989929,6,1,0.7000000000000001,punct,PUNCT,"""",4,10
breakfast-zero.text.0,79,"asked,",5,5.684072994969725,0,0,0.0,ROOT,VERB,ask,5,1
breakfast-zero.text.0,80,her,3,6.452678661106354,1,1,0.1,punct,PUNCT,",",5,2
breakfast-zero.text.0,81,pen,3,4.3932241163612975,1,2,1.0,nsubj,NOUN,pen,5,4
breakfast-zero.text.0,82,poised,6,3.041392685158225,4,1,2.0,ccomp,VERB,poise,5,5
breakfast-zero.text.0,83,over,4,6.12165503058072,1,2,0.8,prep,ADP,over,5,6
breakfast-zero.text.0,84,her,3,6.452678661106354,1,4,0.5,poss,PRON,her,5,7
breakfast-zero.text.0,85,notepad.,7,2.204119982655925,2,3,1.0,pobj,NOUN,notepad,5,8
breakfast-zero.text.0,86,"""I'll",3,7.6017467520701825,2,2,2.0,nsubj,PRON,I,6,1
breakfast-zero.text.0,87,have,4,6.789680109103924,18,1,10.3,ccomp,VERB,have,6,3
breakfast-zero.text.0,88,the,3,7.469073206544746,1,3,0.3,det,DET,the,6,4
breakfast-zero.text.0,89,eggs,4,4.415640979896154,2,2,2.0,dobj,NOUN,egg,6,5
breakfast-zero.text.0,90,over,4,6.12165503058072,1,3,0.8,prep,ADP,over,6,6
breakfast-zero.text.0,91,"easy,",4,5.42440789939746,1,4,0.6,amod,ADJ,easy,6,7
breakfast-zero.text.0,92,"toast,",5,4.524655712357777,1,5,0.1,punct,PUNCT,",",6,8
breakfast-zero.text.0,93,and,3,7.126710513400982,1,6,0.1,punct,PUNCT,",",6,10
breakfast-zero.text.0,94,a,1,7.3099551280128585,1,7,0.3,det,DET,a,6,12
breakfast-zero.text.0,95,cup,3,4.7130703258556395,4,6,2.0,conj,NOUN,cup,6,13
breakfast-zero.text.0,96,of,2,7.063605036452092,1,7,0.8,prep,ADP,of,6,14
breakfast-zero.text.0,97,"coffee,",6,5.159958002678518,1,8,0.5,pobj,NOUN,coffee,6,15
breakfast-zero.text.0,98,"please,""",6,6.041771540502317,5,1,0.5,punct,PUNCT,",",6,16
breakfast-zero.text.0,99,I,1,7.6017467520701825,2,1,0.2,punct,PUNCT,"""",6,19
breakfast-zero.text.0,100,"replied,",7,3.681241237375587,0,0,0.0,ROOT,VERB,reply,6,21
breakfast-zero.text.0,101,scanning,8,3.367355921026019,1,1,0.1,punct,PUNCT,",",6,22
prize-pos.text.0,0,Second,6,5.454189113874769,1,3,0.5,compound,PROPN,Second,0,0
prize-pos.text.0,1,Place,5,5.780079573484288,1,2,0.5,compound,PROPN,Place,0,1
prize-pos.text.0,2,Emma,4,4.196176185039973,3,1,3.0,nsubj,PROPN,Emma,0,2
prize-pos.text.0,3,had,3,6.789680109103924,2,1,0.6,aux,AUX,have,0,3
prize-pos.text.0,4,always,6,5.816407029618638,1,1,0.6,advmod,ADV,always,0,4
prize-pos.text.0,5,been,4,6.7594230602184195,0,0,0.0,ROOT,AUX,be,0,5
prize-pos.text.0,6,the,3,7.469073206544746,2,2,0.6,det,DET,the,0,6
prize-pos.text.0,7,perpetual,9,3.1903316981702914,1,2,0.6,amod,ADJ,perpetual,0,7
prize-pos.text.0,8,"bridesmaid,",10,3.3891660843645326,3,1,1.5,attr,NOUN,bridesmaid,0,8
prize-pos.text.0,9,the,3,7.469073206544746,1,2,0.1,punct,PUNCT,",",0,9
prize-pos.text.0,10,perpetual,9,3.1903316981702914,3,3,1.7999999999999998,amod,ADJ,perpetual,0,11
prize-pos.text.0,11,"runner-up,",8,,,,,,,,,
prize-pos.text.0,12,the,3,7.469073206544746,1,3,0.1,punct,PUNCT,",",0,15
prize-pos.text.0,13,perpetual,9,3.1903316981702914,7,3,4.4,amod,ADJ,perpetual,0,17
prize-pos.text.0,14,almost-but-not-quite.,17,,,,,,,,,
prize-pos.text.0,15,It,2,7.276377005067547,20,1,3.5,punct,PUNCT,.,0,25
prize-pos.text.0,16,wasn't,5,6.7594230602184195,3,1,1.5,auxpass,AUX,be,1,1
prize-pos.text.0,17,just,4,6.67661497234708,1,1,0.6,advmod,ADV,just,1,3
prize-pos.text.0,18,limited,7,4.114610984232173,0,0,0.0,ROOT,VERB,limit,1,4
prize-pos.text.0,19,to,2,7.355601686871925,1,1,0.8,prep,ADP,to,1,5
prize-pos.text.0,20,"contests,",8,4.273695587930092,1,2,0.5,pobj,NOUN,contest,1,6
prize-pos.text.0,21,either.,6,5.261286665098458,3,1,0.30000000000000004,punct,PUNCT,",",1,7
prize-pos.text.0,22,"Relationships,",13,4.07700432679335,5,1,0.5,punct,PUNCT,.,1,9
prize-pos.text.0,23,"friendships,",11,3.143014800254095,1,2,0.1,punct,PUNCT,",",2,1
prize-pos.text.0,24,even,4,5.942464442760418,1,3,0.1,punct,PUNCT,",",2,3
prize-pos.text.0,25,everyday,8,4.036628895362162,1,3,0.6,amod,ADJ,everyday,2,5
prize-pos.text.0,26,accomplishments,15,3.2741578492636796,6,2,3.1,appos,NOUN,accomplishment,2,6
prize-pos.text.0,27,–,0,,3,1,0.30000000000000004,punct,PUNCT,–,2,7
prize-pos.text.0,28,she,3,6.572044028989929,2,1,2.0,nsubj,PRON,she,2,8
prize-pos.text.0,29,consistently,12,2.934498451243568,1,1,0.6,advmod,ADV,consistently,2,9
prize-pos.text.0,30,found,5,5.919580118612771,0,0,0.0,ROOT,VERB,find,2,10
prize-pos.text.0,31,herself,7,4.719745492529577,1,2,1.0,nsubj,PRON,herself,2,11
prize-pos.text.0,32,finishing,9,4.99528410768926,2,1,1.0,ccomp,VERB,finish,2,12
prize-pos.text.0,33,second.,6,5.454189113874769,1,2,0.6,advmod,ADV,second,2,13
prize-pos.text.0,34,Her,3,6.452678661106354,4,1,0.4,punct,PUNCT,.,2,14
prize-pos.text.0,35,friends,7,5.622514504672569,2,2,2.0,nsubj,NOUN,friend,3,1
prize-pos.text.0,36,would,5,6.247452782675624,1,2,0.3,aux,AUX,would,3,2
prize-pos.text.0,37,tease,5,3.755112266395071,23,1,13.3,ccomp,VERB,tease,3,3
prize-pos.text.0,38,her,3,6.452678661106354,1,2,1.0,dobj,PRON,her,3,4
prize-pos.text.0,39,"good-naturedly,",13,,,,,,,,,
prize-pos.text.0,40,calling,7,5.092545207605606,5,2,0.5,punct,PUNCT,",",3,8
prize-pos.text.0,41,her,3,6.452678661106354,5,4,2.5,poss,PRON,her,3,10
prize-pos.text.0,42,"""Runner-up",8,,,,,,,,,
prize-pos.text.0,43,"Emma""",4,4.196176185039973,6,3,6.1,dobj,PROPN,Emma,3,15
prize-pos.text.0,44,behind,6,5.273834318000558,7,3,0.9000000000000001,punct,PUNCT,"""",3,16
prize-pos.text.0,45,her,3,6.452678661106354,1,4,0.5,pobj,PRON,her,3,18
prize-pos.text.0,46,"back,",4,6.303014523283947,2,4,1.0,pobj,ADV,back,3,19
prize-pos.text.0,47,but,3,6.645173608800489,11,3,1.7000000000000002,punct,PUNCT,",",3,20
prize-pos.text.0,48,deep,4,4.883036510027679,1,2,0.6,advmod,ADV,deep,3,22
prize-pos.text.0,49,"down,",4,6.173264958940605,3,1,1.7999999999999998,advmod,ADV,down,3,23
prize-pos.text.0,50,it,2,7.276377005067547,2,1,0.2,punct,PUNCT,",",3,24
prize-pos.text.0,51,stung.,5,3.846337112129805,0,0,0.0,ROOT,VERB,sting,3,26
prize-pos.text.0,52,As,2,6.345769610954118,1,1,0.1,punct,PUNCT,.,3,27
prize-pos.text.0,53,she,3,6.572044028989929,1,2,1.0,nsubj,PRON,she,4,1
prize-pos.text.0,54,entered,7,4.4731949092049375,6,1,3.1,advcl,VERB,enter,4,2
prize-pos.text.0,55,"adulthood,",9,2.863322860120456,1,2,1.0,dobj,NOUN,adulthood,4,3
prize-pos.text.0,56,the,3,7.469073206544746,4,1,0.4,punct,PUNCT,",",4,4
prize-pos.text.0,57,feeling,7,5.225774348143929,2,1,2.0,nsubj,NOUN,feeling,4,6
prize-pos.text.0,58,only,4,6.034913080865008,1,1,0.6,advmod,ADV,only,4,7
prize-pos.text.0,59,intensified.,11,2.380211241711606,0,0,0.0,ROOT,VERB,intensify,4,8
prize-pos.text.0,60,She,3,6.572044028989929,1,1,0.1,punct,PUNCT,.,4,9
prize-pos.text.0,61,applied,7,4.09725730969342,0,0,0.0,ROOT,VERB,apply,5,1
prize-pos.text.0,62,for,3,6.838540569153386,1,1,0.8,prep,ADP,for,5,2
prize-pos.text.0,63,"jobs,",4,5.615950051656402,1,2,0.5,pobj,NOUN,job,5,3
prize-pos.text.0,64,"internships,",11,2.3010299956639813,1,3,0.1,punct,PUNCT,",",5,4
prize-pos.text.0,65,and,3,7.126710513400982,1,4,0.1,punct,PUNCT,",",5,6
prize-pos.text.0,66,graduate,8,4.087071205906535,1,5,0.5,compound,NOUN,graduate,5,8
prize-pos.text.0,67,"programs,",8,4.629715332647132,4,4,2.0,conj,NOUN,program,5,9
prize-pos.text.0,68,only,4,6.034913080865008,9,1,1.3,punct,PUNCT,",",5,10
prize-pos.text.0,69,to,2,7.355601686871925,2,2,0.6,aux,PART,to,5,12
prize-pos.text.0,70,be,2,6.7594230602184195,1,2,0.5,auxpass,AUX,be,5,13
prize-pos.text.0,71,rejected,8,3.6273658565927325,13,1,7.3,advcl,VERB,reject,5,14
prize-pos.text.0,72,in,2,6.990046118048168,1,2,0.8,prep,ADP,in,5,15
prize-pos.text.0,73,favor,5,4.849787824237685,1,3,0.5,pobj,NOUN,favor,5,16
prize-pos.text.0,74,of,2,7.063605036452092,1,4,0.8,prep,ADP,of,5,17
prize-pos.text.0,75,more,4,6.113472054195492,1,7,0.6,advmod,ADV,more,5,18
prize-pos.text.0,76,qualified,9,3.916453948549925,1,6,0.6,amod,ADJ,qualified,5,19
prize-pos.text.0,77,candidates.,10,3.9299295600845876,3,5,1.5,pobj,NOUN,candidate,5,20
prize-pos.text.0,78,Her,3,6.452678661106354,20,1,3.5,punct,PUNCT,.,5,21
prize-pos.text.0,79,romantic,8,4.546295835121442,1,2,0.6,amod,ADJ,romantic,6,1
prize-pos.text.0,80,relationships,13,4.830524514097258,1,1,1.0,nsubj,NOUN,relationship,6,2
prize-pos.text.0,81,fizzled,7,2.3010299956639813,0,0,0.0,ROOT,VERB,fizzle,6,3
prize-pos.text.0,82,"out,",3,6.587184330308805,1,1,0.5,prt,ADP,out,6,4
prize-pos.text.0,83,as,2,6.345769610954118,2,1,0.2,punct,PUNCT,",",6,5
prize-pos.text.0,84,her,3,6.452678661106354,1,3,0.5,poss,PRON,her,6,7
prize-pos.text.0,85,partners,8,4.87633332908638,2,2,2.0,nsubj,NOUN,partner,6,8
prize-pos.text.0,86,inevitably,10,3.103803720955957,1,2,0.6,advmod,ADV,inevitably,6,9
prize-pos.text.0,87,found,5,5.919580118612771,7,1,3.7,advcl,VERB,find,6,10
goldfish-zero.text.2,223,Over,4,6.12165503058072,8,1,6.7,prep,ADP,over,0,0
goldfish-zero.text.2,224,the,3,7.469073206544746,3,3,0.8999999999999999,det,DET,the,0,1
goldfish-zero.text.2,225,next,4,5.655858458986096,2,3,1.2,amod,ADJ,next,0,2
goldfish-zero.text.2,226,few,3,5.479748014769749,1,3,0.6,amod,ADJ,few,0,3
goldfish-zero.text.2,227,"days,",4,5.904076884767221,4,2,2.0,pobj,NOUN,day,0,4
goldfish-zero.text.2,228,Emma,4,4.196176185039973,3,1,0.30000000000000004,punct,PUNCT,",",0,5
goldfish-zero.text.2,229,was,3,6.7594230602184195,1,1,0.5,auxpass,AUX,be,0,7
goldfish-zero.text.2,230,overjoyed,9,2.863322860120456,0,0,0.0,ROOT,ADJ,overjoyed,0,8
goldfish-zero.text.2,231,to,2,7.355601686871925,1,2,0.3,aux,PART,to,0,9
goldfish-zero.text.2,232,have,4,6.789680109103924,2,1,1.0,xcomp,VERB,have,0,10
goldfish-zero.text.2,233,Finley,6,3.06,1,2,1.0,dobj,PROPN,Finley,0,11
goldfish-zero.text.2,234,back,4,6.303014523283947,2,2,1.2,advmod,ADV,back,0,12
goldfish-zero.text.2,235,by,2,6.127257098825985,1,3,0.8,prep,ADP,by,0,13
goldfish-zero.text.2,236,her,3,6.452678661106354,1,5,0.5,poss,PRON,her,0,14
goldfish-zero.text.2,237,side.,4,5.303023169487512,2,4,1.0,pobj,NOUN,side,0,15
goldfish-zero.text.2,238,She,3,6.572044028989929,8,1,1.1,punct,PUNCT,.,0,16
goldfish-zero.text.2,239,fed,3,4.627263416568221,0,0,0.0,ROOT,VERB,feed,1,1
goldfish-zero.text.2,240,"him,",3,6.882934163885178,1,1,1.0,dobj,PRON,he,1,2
goldfish-zero.text.2,241,played,6,4.750276915153992,2,1,0.2,punct,PUNCT,",",1,3
goldfish-zero.text.2,242,with,4,6.703147736191453,1,2,0.8,prep,ADP,with,1,5
goldfish-zero.text.2,243,"him,",3,6.882934163885178,1,3,0.5,pobj,PRON,he,1,6
goldfish-zero.text.2,244,and,3,7.126710513400982,3,2,0.30000000000000004,punct,PUNCT,",",1,7
goldfish-zero.text.2,245,even,4,5.942464442760418,1,3,0.6,advmod,ADV,even,1,9
goldfish-zero.text.2,246,sang,4,4.989405318001515,6,2,3.1,conj,VERB,sing,1,10
goldfish-zero.text.2,247,to,2,7.355601686871925,1,3,0.8,prep,ADP,to,1,11
goldfish-zero.text.2,248,him,3,6.882934163885178,1,4,0.5,pobj,PRON,he,1,12
goldfish-zero.text.2,249,again.,5,5.899114336832765,3,3,1.7999999999999998,advmod,ADV,again,1,13
goldfish-zero.text.2,250,But,3,6.645173608800489,13,1,2.1,punct,PUNCT,.,1,14
goldfish-zero.text.2,251,as,2,6.345769610954118,3,2,1.5,mark,SCONJ,as,2,1
goldfish-zero.text.2,252,the,3,7.469073206544746,1,3,0.3,det,DET,the,2,2
goldfish-zero.text.2,253,days,4,5.904076884767221,1,2,1.0,nsubj,NOUN,day,2,3
goldfish-zero.text.2,254,went,4,6.578987422636267,4,1,2.0,advcl,VERB,go,2,4
goldfish-zero.text.2,255,"by,",2,6.127257098825985,1,2,0.6,advmod,ADP,by,2,5
goldfish-zero.text.2,256,Emma,4,4.196176185039973,2,1,0.2,punct,PUNCT,",",2,6
goldfish-zero.text.2,257,began,5,4.7557224449034585,0,0,0.0,ROOT,VERB,begin,2,8
goldfish-zero.text.2,258,to,2,7.355601686871925,1,2,0.3,aux,PART,to,2,9
goldfish-zero.text.2,259,notice,6,4.772688354682142,2,1,1.0,xcomp,VERB,notice,2,10
goldfish-zero.text.2,260,something,9,6.1761375813299395,1,2,1.0,dobj,PRON,something,2,11
goldfish-zero.text.2,261,strange.,7,4.936664513000075,1,3,0.6,amod,ADJ,strange,2,12
goldfish-zero.text.2,262,Every,5,5.739698896350719,5,1,0.5,punct,PUNCT,.,2,13
goldfish-zero.text.2,263,time,4,6.29195240223515,8,1,4.3,npadvmod,NOUN,time,3,1
goldfish-zero.text.2,264,she,3,6.572044028989929,1,3,1.0,nsubj,PRON,she,3,2
goldfish-zero.text.2,265,made,4,6.142311236003898,2,2,1.0,relcl,VERB,make,3,3
goldfish-zero.text.2,266,a,1,7.3099551280128585,1,4,0.3,det,DET,a,3,4
goldfish-zero.text.2,267,"wish,",4,5.371289573064556,2,3,2.0,dobj,NOUN,wish,3,5
goldfish-zero.text.2,268,Finley,6,3.06,3,1,0.30000000000000004,punct,PUNCT,",",3,6
goldfish-zero.text.2,269,would,5,6.247452782675624,1,1,0.3,aux,AUX,would,3,8
goldfish-zero.text.2,270,grant,5,4.5125509929042105,0,0,0.0,ROOT,VERB,grant,3,9
goldfish-zero.text.2,271,"it,",2,7.276377005067547,1,1,1.0,dobj,PRON,it,3,10
goldfish-zero.text.2,272,no,2,6.7760870730181075,2,1,0.2,punct,PUNCT,",",3,11
goldfish-zero.text.2,273,matter,6,5.5688936961393445,4,1,2.4,advmod,ADV,matter,3,13
goldfish-zero.text.2,274,how,3,6.485184613433453,1,3,0.6,advmod,SCONJ,how,3,14
goldfish-zero.text.2,275,big,3,5.834306233242975,2,2,1.0,ccomp,ADJ,big,3,15
goldfish-zero.text.2,276,or,2,6.231798245316826,1,3,0.5,cc,CCONJ,or,3,16
goldfish-zero.text.2,277,small.,5,5.096771016533225,2,3,1.0,conj,ADJ,small,3,17
goldfish-zero.text.2,278,At,2,6.507464560676047,9,1,1.3,punct,PUNCT,.,3,18
goldfish-zero.text.2,279,"first,",5,5.924573885946655,1,2,0.5,pcomp,ADV,first,4,1
goldfish-zero.text.2,280,it,2,7.276377005067547,2,1,0.2,punct,PUNCT,",",4,2
goldfish-zero.text.2,281,was,3,6.7594230602184195,0,0,0.0,ROOT,AUX,be,4,4
goldfish-zero.text.2,282,just,4,6.67661497234708,2,2,1.2,advmod,ADV,just,4,5
goldfish-zero.text.2,283,little,6,6.160285410531847,1,2,0.6,amod,ADJ,little,4,6
goldfish-zero.text.2,284,things.,6,6.0368962554232315,3,1,1.5,attr,NOUN,thing,4,7
goldfish-zero.text.2,285,Emma,4,4.196176185039973,4,1,0.4,punct,PUNCT,.,4,8
goldfish-zero.text.2,286,wished,6,5.371289573064556,0,0,0.0,ROOT,VERB,wish,5,1
goldfish-zero.text.2,287,for,3,6.838540569153386,1,1,0.8,prep,ADP,for,5,2
goldfish-zero.text.2,288,a,1,7.3099551280128585,2,3,0.6,det,DET,a,5,3
goldfish-zero.text.2,289,new,3,5.8596065782062166,1,3,0.6,amod,ADJ,new,5,4
goldfish-zero.text.2,290,"book,",4,5.247924190766308,3,2,1.5,pobj,NOUN,book,5,5
goldfish-zero.text.2,291,and,3,7.126710513400982,5,1,0.5,punct,PUNCT,",",5,6
goldfish-zero.text.2,292,Finley,6,3.06,2,2,2.0,nsubj,PROPN,Finley,5,8
goldfish-zero.text.2,293,would,5,6.247452782675624,1,2,0.3,aux,AUX,would,5,9
goldfish-zero.text.2,294,swim,4,4.502427119984432,9,1,4.9,conj,VERB,swim,5,10
goldfish-zero.text.2,295,up,2,6.564666064252089,1,2,0.5,prt,ADP,up,5,11
goldfish-zero.text.2,296,to,2,7.355601686871925,2,2,1.6,prep,ADP,to,5,12
goldfish-zero.text.2,297,the,3,7.469073206544746,1,4,0.3,det,DET,the,5,13
goldfish-zero.text.2,298,surface,7,4.261024833992398,2,3,1.0,pobj,NOUN,surface,5,14
goldfish-zero.text.2,299,of,2,7.063605036452092,1,4,0.8,prep,ADP,of,5,15
goldfish-zero.text.2,300,the,3,7.469073206544746,1,6,0.3,det,DET,the,5,16
goldfish-zero.text.2,301,"water,",5,5.352298314534366,2,5,1.0,pobj,NOUN,water,5,17
goldfish-zero.text.2,302,and,3,7.126710513400982,8,2,1.1,punct,PUNCT,",",5,18
goldfish-zero.text.2,303,a,1,7.3099551280128585,1,4,0.3,det,DET,a,5,20
goldfish-zero.text.2,304,book,4,5.247924190766308,2,3,2.0,nsubj,NOUN,book,5,21
goldfish-zero.text.2,305,would,5,6.247452782675624,1,3,0.3,aux,AUX,would,5,22
goldfish-zero.text.2,306,float,5,3.873320601815399,13,2,7.3,conj,VERB,float,5,23
goldfish-zero.text.2,307,to,2,7.355601686871925,1,3,0.8,prep,ADP,to,5,24
goldfish-zero.text.2,308,the,3,7.469073206544746,1,5,0.3,det,DET,the,5,25
goldfish-zero.text.2,309,top,3,5.125253486024798,2,4,1.0,pobj,NOUN,top,5,26
goldfish-zero.text.2,310,of,2,7.063605036452092,1,5,0.8,prep,ADP,of,5,27
goldfish-zero.text.2,311,the,3,7.469073206544746,1,7,0.3,det,DET,the,5,28
goldfish-zero.text.2,312,tank.,4,4.408409578468429,2,6,1.0,pobj,NOUN,tank,5,29
goldfish-zero.text.2,313,Emma,4,4.196176185039973,20,2,3.5,punct,PUNCT,.,5,30
goldfish-zero.text.2,314,wished,6,5.371289573064556,0,0,0.0,ROOT,VERB,wish,6,1
goldfish-zero.text.2,315,for,3,6.838540569153386,1,1,0.8,prep,ADP,for,6,2
goldfish-zero.text.2,316,a,1,7.3099551280128585,2,3,0.6,det,DET,a,6,3
goldfish-zero.text.2,317,sunny,5,3.8847953639489807,1,3,0.6,amod,ADJ,sunny,6,4
goldfish-zero.text.2,318,"day,",3,5.904076884767221,3,2,1.5,pobj,NOUN,day,6,5
goldfish-zero.text.2,319,and,3,7.126710513400982,5,1,0.5,punct,PUNCT,",",6,6
goldfish-zero.text.2,320,the,3,7.469073206544746,1,3,0.3,det,DET,the,6,8
goldfish-zero.text.2,321,sun,3,4.843045810534569,2,2,2.0,nsubj,NOUN,sun,6,9
goldfish-zero.text.2,322,would,5,6.247452782675624,1,2,0.3,aux,AUX,would,6,10
goldfish-zero.text.2,323,shine,5,4.3149200559924195,10,1,5.5,conj,VERB,shine,6,11
goldfish-zero.text.2,324,brightly,8,2.8750612633917,1,2,0.6,advmod,ADV,brightly,6,12
goldfish-zero.text.2,325,through,7,5.739991406457079,2,2,1.6,prep,ADP,through,6,13
goldfish-zero.text.2,326,the,3,7.469073206544746,1,4,0.3,det,DET,the,6,14
goldfish-zero.text.2,327,window.,6,4.9344984512435675,2,3,1.0,pobj,NOUN,window,6,15
goldfish-zero.text.2,328,But,3,6.645173608800489,5,2,0.5,punct,PUNCT,.,6,16
goldfish-zero.text.2,329,as,2,6.345769610954118,2,2,1.0,mark,SCONJ,as,7,1
goldfish-zero.text.2,330,time,4,6.29195240223515,1,2,1.0,nsubj,NOUN,time,7,2
goldfish-zero.text.2,331,went,4,6.578987422636267,6,1,3.1,advcl,VERB,go,7,3
goldfish-zero.text.2,332,"on,",2,6.842342715684627,1,2,0.5,prt,ADP,on,7,4
goldfish-zero.text.2,333,Emma's,5,4.196176185039973,2,2,1.0,poss,PROPN,Emma,7,6
goldfish-zero.text.2,334,wishes,6,5.371289573064556,1,1,1.0,nsubj,NOUN,wish,7,8
goldfish-zero.text.2,335,became,6,5.06284511327705,0,0,0.0,ROOT,VERB,become,7,9
goldfish-zero.text.2,336,more,4,6.113472054195492,3,2,1.7999999999999998,advmod,ADV,more,7,10
goldfish-zero.text.2,337,and,3,7.126710513400982,1,3,0.5,cc,CCONJ,and,7,11
goldfish-zero.text.2,338,more,4,6.113472054195492,2,3,1.0,conj,ADV,more,7,12
goldfish-zero.text.2,339,extravagant.,11,3.161368002234975,4,1,2.0,acomp,ADJ,extravagant,7,13
goldfish-zero.text.2,340,She,3,6.572044028989929,5,1,0.5,punct,PUNCT,.,7,14
goldfish-zero.text.2,341,wished,6,5.371289573064556,0,0,0.0,ROOT,VERB,wish,8,1
goldfish-zero.text.2,342,for,3,6.838540569153386,1,1,0.8,prep,ADP,for,8,2
goldfish-zero.text.2,343,a,1,7.3099551280128585,2,3,0.6,det,DET,a,8,3
goldfish-zero.text.2,344,new,3,5.8596065782062166,1,3,0.6,amod,ADJ,new,8,4
goldfish-zero.text.2,345,"bike,",4,4.412964271996662,3,2,1.5,pobj,NOUN,bike,8,5
goldfish-zero.text.2,346,and,3,7.126710513400982,5,1,0.5,punct,PUNCT,",",8,6
goldfish-zero.text.2,347,Finley,6,3.06,2,2,2.0,nsubj,PROPN,Finley,8,8
goldfish-zero.text.2,348,would,5,6.247452782675624,1,2,0.3,aux,AUX,would,8,9
goldfish-zero.text.2,349,swim,4,4.502427119984432,9,1,4.9,conj,VERB,swim,8,10
goldfish-zero.text.2,350,to,2,7.355601686871925,1,2,0.8,prep,ADP,to,8,11
goldfish-zero.text.2,351,the,3,7.469073206544746,1,4,0.3,det,DET,the,8,12
goldfish-zero.text.2,352,"surface,",7,4.261024833992398,2,3,1.0,pobj,NOUN,surface,8,13
goldfish-zero.text.2,353,and,3,7.126710513400982,4,2,0.4,punct,PUNCT,",",8,14
goldfish-zero.text.2,354,a,1,7.3099551280128585,3,4,0.8999999999999999,det,DET,a,8,16
goldfish-zero.text.2,355,shiny,5,3.8920946026904804,2,4,1.2,amod,ADJ,shiny,8,17
goldfish-zero.text.2,356,new,3,5.8596065782062166,1,4,0.6,amod,ADJ,new,8,18
goldfish-zero.text.2,357,bike,4,4.412964271996662,2,3,2.0,nsubj,NOUN,bike,8,19
goldfish-zero.text.2,358,would,5,6.247452782675624,1,3,0.3,aux,AUX,would,8,20
goldfish-zero.text.2,359,appear,6,4.368658712392227,11,2,6.1,conj,VERB,appear,8,21
goldfish-zero.text.2,360,in,2,6.990046118048168,1,3,0.8,prep,ADP,in,8,22
goldfish-zero.text.2,361,front,5,5.258996253248911,1,4,0.5,pobj,NOUN,front,8,23
goldfish-zero.text.2,362,of,2,7.063605036452092,1,5,0.8,prep,ADP,of,8,24
goldfish-zero.text.2,363,her.,3,6.572044028989929,1,6,0.5,pobj,PRON,she,8,25
goldfish-zero.text.2,364,She,3,6.572044028989929,16,2,2.7,punct,PUNCT,.,8,26
goldfish-zero.text.2,365,wished,6,5.371289573064556,0,0,0.0,ROOT,VERB,wish,9,1
goldfish-zero.text.2,366,for,3,6.838540569153386,1,1,0.8,prep,ADP,for,9,2
goldfish-zero.text.2,367,a,1,7.3099551280128585,1,3,0.3,det,DET,a,9,3
goldfish-zero.text.2,368,trip,4,4.915874502857692,2,2,1.0,pobj,NOUN,trip,9,4
goldfish-zero.text.2,369,to,2,7.355601686871925,1,3,0.8,prep,ADP,to,9,5
goldfish-zero.text.2,370,the,3,7.469073206544746,1,5,0.3,det,DET,the,9,6
goldfish-zero.text.2,371,"beach,",5,4.75304656162653,2,4,1.0,pobj,NOUN,beach,9,7
goldfish-zero.text.2,372,and,3,7.126710513400982,7,1,0.9000000000000001,punct,PUNCT,",",9,8
goldfish-zero.text.2,373,Finley,6,3.06,2,2,2.0,nsubj,PROPN,Finley,9,10
goldfish-zero.text.2,374,would,5,6.247452782675624,1,2,0.3,aux,AUX,would,9,11
goldfish-zero.text.2,375,swim,4,4.502427119984432,11,1,6.1,conj,VERB,swim,9,12
goldfish-zero.text.2,376,to,2,7.355601686871925,1,2,0.8,prep,ADP,to,9,13
goldfish-zero.text.2,377,the,3,7.469073206544746,1,3,0.5,pobj,PRON,the,9,14
delayed-neg.interest,0,How,3,6.485184613433453,1,2,0.6,advmod,SCONJ,how,0,0
delayed-neg.interest,1,interesting,11,4.937969002951452,3,1,1.5,acomp,ADJ,interesting,0,1
delayed-neg.interest,2,did,3,6.787856330946344,2,1,0.6,aux,AUX,do,0,2
delayed-neg.interest,3,you,3,7.621769343182391,1,1,1.0,nsubj,PRON,you,0,3
delayed-neg.interest,4,find,4,5.919580118612771,0,0,0.0,ROOT,VERB,find,0,4
delayed-neg.interest,5,this,4,6.9019337688086235,1,2,0.3,det,DET,this,0,5
delayed-neg.interest,6,text?,4,3.7193312869837265,2,1,2.0,dobj,NOUN,text,0,6
delayed-neg.interest,7,4,0,5.78,3,1,0.30000000000000004,punct,PUNCT,?,0,7
delayed-neg.interest,8,–,0,,1,2,0.1,punct,PUNCT,–,1,1
delayed-neg.interest,9,very,4,6.093859261503438,1,3,0.6,advmod,ADV,very,1,2
delayed-neg.interest,10,interesting,11,4.937969002951452,3,2,1.7999999999999998,amod,ADJ,interesting,1,3
delayed-neg.interest,11,3,0,5.91,1,3,0.5,nummod,NUM,3,1,4
delayed-neg.interest,12,–,0,,5,2,0.5,punct,PUNCT,–,1,5
delayed-neg.interest,13,rather,6,5.057742155828753,1,1,0.6,advmod,ADV,rather,1,6
delayed-neg.interest,14,interesting,11,4.937969002951452,0,0,0.0,ROOT,ADJ,interesting,1,7
delayed-neg.interest,15,2,0,6.0,1,1,0.5,nummod,NUM,2,1,8
delayed-neg.interest,16,–,0,,1,2,0.1,punct,PUNCT,–,1,9
delayed-neg.interest,17,rather,6,5.057742155828753,1,3,0.6,advmod,ADV,rather,1,10
delayed-neg.interest,18,boring,6,4.437909035539498,3,2,1.7999999999999998,amod,ADJ,boring,1,11
delayed-neg.interest,19,1,0,6.0,1,3,0.5,nummod,NUM,1,1,12
delayed-neg.interest,20,–,0,,1,4,0.1,punct,PUNCT,–,1,13
delayed-neg.interest,21,very,4,6.093859261503438,1,3,0.6,advmod,ADV,very,1,14
delayed-neg.interest,22,boring,6,4.437909035539498,7,2,4.4,amod,ADJ,boring,1,15
delayed-pos.interest,0,How,3,6.485184613433453,1,2,0.6,advmod,SCONJ,how,0,0
delayed-pos.interest,1,interesting,11,4.937969002951452,3,1,1.5,acomp,ADJ,interesting,0,1
delayed-pos.interest,2,did,3,6.787856330946344,2,1,0.6,aux,AUX,do,0,2
delayed-pos.interest,3,you,3,7.621769343182391,1,1,1.0,nsubj,PRON,you,0,3
delayed-pos.interest,4,find,4,5.919580118612771,0,0,0.0,ROOT,VERB,find,0,4
delayed-pos.interest,5,this,4,6.9019337688086235,1,2,0.3,det,DET,this,0,5
delayed-pos.interest,6,text?,4,3.7193312869837265,2,1,2.0,dobj,NOUN,text,0,6
delayed-pos.interest,7,4,0,5.78,3,1,0.30000000000000004,punct,PUNCT,?,0,7
delayed-pos.interest,8,–,0,,1,2,0.1,punct,PUNCT,–,1,1
delayed-pos.interest,9,very,4,6.093859261503438,1,3,0.6,advmod,ADV,very,1,2
delayed-pos.interest,10,interesting,11,4.937969002951452,3,2,1.7999999999999998,amod,ADJ,interesting,1,3
delayed-pos.interest,11,3,0,5.91,1,3,0.5,nummod,NUM,3,1,4
delayed-pos.interest,12,–,0,,5,2,0.5,punct,PUNCT,–,1,5
delayed-pos.interest,13,rather,6,5.057742155828753,1,1,0.6,advmod,ADV,rather,1,6
delayed-pos.interest,14,interesting,11,4.937969002951452,0,0,0.0,ROOT,ADJ,interesting,1,7
delayed-pos.interest,15,2,0,6.0,1,1,0.5,nummod,NUM,2,1,8
delayed-pos.interest,16,–,0,,1,2,0.1,punct,PUNCT,–,1,9
delayed-pos.interest,17,rather,6,5.057742155828753,1,3,0.6,advmod,ADV,rather,1,10
delayed-pos.interest,18,boring,6,4.437909035539498,3,2,1.7999999999999998,amod,ADJ,boring,1,11
delayed-pos.interest,19,1,0,6.0,1,3,0.5,nummod,NUM,1,1,12
delayed-pos.interest,20,–,0,,1,4,0.1,punct,PUNCT,–,1,13
delayed-pos.interest,21,very,4,6.093859261503438,1,3,0.6,advmod,ADV,very,1,14
delayed-pos.interest,22,boring,6,4.437909035539498,7,2,4.4,amod,ADJ,boring,1,15
blackout-pos.question,0,What,4,6.993103217236282,1,2,0.3,det,DET,what,0,0
blackout-pos.question,1,role,4,4.260548372636979,5,1,5.0,dobj,NOUN,role,0,1
blackout-pos.question,2,does,4,6.787856330946344,4,1,1.2,aux,AUX,do,0,2
blackout-pos.question,3,Mrs.,3,5.492676594226712,1,2,0.5,compound,PROPN,Mrs.,0,3
blackout-pos.question,4,Jenkins,7,3.84,2,1,2.0,nsubj,PROPN,Jenkins,0,4
blackout-pos.question,5,ultimately,10,3.7520484478194387,1,1,0.6,advmod,ADV,ultimately,0,5
blackout-pos.question,6,play,4,5.549652990670559,0,0,0.0,ROOT,VERB,play,0,6
blackout-pos.question,7,in,2,6.990046118048168,1,1,0.8,prep,ADP,in,0,7
blackout-pos.question,8,the,3,7.469073206544746,1,3,0.3,det,DET,the,0,8
blackout-pos.question,9,story?,5,5.343959729007141,2,2,1.0,pobj,NOUN,story,0,9
blackout-pos.question,10,A,1,7.3099551280128585,4,1,0.4,punct,PUNCT,?,0,10
blackout-pos.question,11,victim,6,4.678791434366244,14,1,14.9,nsubj,NOUN,victim,1,1
blackout-pos.question,12,of,2,7.063605036452092,1,2,0.8,prep,ADP,of,1,2
blackout-pos.question,13,the,3,7.469073206544746,1,4,0.3,det,DET,the,1,3
blackout-pos.question,14,blackout,8,3.6444385894678386,2,3,1.0,pobj,NOUN,blackout,1,4
blackout-pos.question,15,A,1,7.3099551280128585,2,3,0.6,det,DET,a,1,5
blackout-pos.question,16,nosy,4,3.450249108319361,1,3,0.6,amod,ADJ,nosy,1,6
blackout-pos.question,17,neighbor,8,4.228913405994688,6,2,3.1,appos,NOUN,neighbor,1,7
blackout-pos.question,18,A,1,7.3099551280128585,1,3,0.3,det,DET,a,1,8
blackout-pos.question,19,prankster,9,2.342422680822206,8,2,4.3,appos,NOUN,prankster,1,9
blackout-pos.question,20,behind,6,5.273834318000558,1,3,0.8,prep,ADP,behind,1,10
blackout-pos.question,21,the,3,7.469073206544746,1,5,0.3,det,DET,the,1,11
blackout-pos.question,22,lights,6,5.218010042984363,2,4,1.0,pobj,NOUN,light,1,12
blackout-pos.question,23,A,1,7.3099551280128585,2,1,0.6,det,DET,a,1,13
blackout-pos.question,24,supernatural,12,3.6444385894678386,1,1,0.6,amod,ADJ,supernatural,1,14
blackout-pos.question,25,guardian,8,3.846337112129805,0,0,0.0,ROOT,NOUN,guardian,1,15
goldfish-pos.text.3,221,The,3,7.469073206544746,2,3,0.6,det,DET,the,0,0
goldfish-pos.text.3,222,next,4,5.655858458986096,1,3,0.6,amod,ADJ,next,0,1
goldfish-pos.text.3,223,"morning,",7,5.642464520242122,3,2,1.5,npadvmod,NOUN,morning,0,2
goldfish-pos.text.3,224,Emma,4,4.196176185039973,2,2,0.2,punct,PUNCT,",",0,3
goldfish-pos.text.3,225,rushed,6,4.497067936398505,5,1,2.5,ccomp,VERB,rush,0,5
goldfish-pos.text.3,226,"downstairs,",10,4.590172831596314,1,2,0.6,advmod,ADV,downstairs,0,6
goldfish-pos.text.3,227,Finley,6,3.06,3,1,0.30000000000000004,punct,PUNCT,",",0,7
goldfish-pos.text.3,228,safely,6,4.045322978786658,1,1,0.6,advmod,ADV,safely,0,9
goldfish-pos.text.3,229,ensconced,9,2.342422680822206,0,0,0.0,ROOT,VERB,ensconce,0,10
goldfish-pos.text.3,230,in,2,6.990046118048168,1,1,0.8,prep,ADP,in,0,11
goldfish-pos.text.3,231,his,3,6.327313969806467,1,3,0.5,poss,PRON,his,0,12
goldfish-pos.text.3,232,container.,9,3.632457292184724,2,2,1.0,pobj,NOUN,container,0,13
goldfish-pos.text.3,233,As,2,6.345769610954118,4,1,0.4,punct,PUNCT,.,0,14
goldfish-pos.text.3,234,she,3,6.572044028989929,1,2,1.0,nsubj,PRON,she,1,1
goldfish-pos.text.3,235,entered,7,4.4731949092049375,9,1,4.9,advcl,VERB,enter,1,2
goldfish-pos.text.3,236,the,3,7.469073206544746,1,3,0.3,det,DET,the,1,3
goldfish-pos.text.3,237,"kitchen,",7,4.765743041421044,2,2,2.0,dobj,NOUN,kitchen,1,4
goldfish-pos.text.3,238,the,3,7.469073206544746,6,1,0.7000000000000001,punct,PUNCT,",",1,5
goldfish-pos.text.3,239,unmistakable,12,2.9444826721501687,1,2,0.6,amod,ADJ,unmistakable,1,7
goldfish-pos.text.3,240,scent,5,3.7752462597402365,3,1,3.0,nsubj,NOUN,scent,1,8
goldfish-pos.text.3,241,of,2,7.063605036452092,1,2,0.8,prep,ADP,of,1,9
goldfish-pos.text.3,242,pancakes,8,3.597695185925512,1,3,0.5,pobj,NOUN,pancake,1,10
goldfish-pos.text.3,243,wafted,6,2.204119982655925,0,0,0.0,ROOT,VERB,waft,1,11
goldfish-pos.text.3,244,through,7,5.739991406457079,1,1,0.8,prep,ADP,through,1,12
goldfish-pos.text.3,245,the,3,7.469073206544746,1,3,0.3,det,DET,the,1,13
goldfish-pos.text.3,246,air.,3,5.14307728417362,2,2,1.0,pobj,NOUN,air,1,14
goldfish-pos.text.3,247,Emma's,5,4.196176185039973,2,2,1.0,poss,PROPN,Emma,2,0
goldfish-pos.text.3,248,stomach,7,4.529173603261723,1,1,1.0,nsubj,NOUN,stomach,2,2
goldfish-pos.text.3,249,growled,7,2.9912260756924947,0,0,0.0,ROOT,VERB,growl,2,3
goldfish-pos.text.3,250,in,2,6.990046118048168,1,1,0.8,prep,ADP,in,2,4
goldfish-pos.text.3,251,anticipation.,12,3.3961993470957363,1,2,0.5,pobj,NOUN,anticipation,2,5
goldfish-pos.text.3,252,Her,3,6.452678661106354,3,1,0.30000000000000004,punct,PUNCT,.,2,6
goldfish-pos.text.3,253,"mother,",6,5.681168848929398,2,1,2.0,nsubj,NOUN,mother,3,1
goldfish-pos.text.3,254,busy,4,5.027471927021278,1,2,0.1,punct,PUNCT,",",3,2
goldfish-pos.text.3,255,preparing,9,4.525692524505011,1,1,0.5,xcomp,VERB,prepare,3,4
goldfish-pos.text.3,256,"breakfast,",9,4.82144801901753,1,2,1.0,dobj,NOUN,breakfast,3,5
goldfish-pos.text.3,257,smiled,6,3.69196510276736,1,2,0.1,punct,PUNCT,",",3,6
goldfish-pos.text.3,258,knowingly.,9,2.863322860120456,1,2,0.6,advmod,ADV,knowingly,3,8
goldfish-pos.text.3,259,"""Good",4,6.4166638022029705,8,1,1.1,punct,PUNCT,"""",4,0
goldfish-pos.text.3,260,"morning,",7,5.642464520242122,6,1,3.1,npadvmod,NOUN,morning,4,2
goldfish-pos.text.3,261,"sweetie,""",7,4.728759475167874,5,1,0.5,punct,PUNCT,",",4,3
goldfish-pos.text.3,262,she,3,6.572044028989929,2,1,0.2,punct,PUNCT,"""",4,6
goldfish-pos.text.3,263,"said,",4,6.214785585123866,0,0,0.0,ROOT,VERB,say,4,8
goldfish-pos.text.3,264,presenting,10,3.514547752660286,1,1,0.1,punct,PUNCT,",",4,9
goldfish-pos.text.3,265,Emma,4,4.196176185039973,1,3,1.0,dobj,PROPN,Emma,4,11
goldfish-pos.text.3,266,with,4,6.703147736191453,2,3,1.6,prep,ADP,with,4,12
goldfish-pos.text.3,267,a,1,7.3099551280128585,2,5,0.6,det,DET,a,4,13
goldfish-pos.text.3,268,steaming,8,3.296665190261531,1,5,0.5,compound,NOUN,steaming,4,14
goldfish-pos.text.3,269,plate,5,4.409087369447835,3,4,1.5,pobj,NOUN,plate,4,15
goldfish-pos.text.3,270,of,2,7.063605036452092,1,5,0.8,prep,ADP,of,4,16
goldfish-pos.text.3,271,fluffy,6,3.5599066250361124,1,7,0.6,amod,ADJ,fluffy,4,17
goldfish-pos.text.3,272,"pancakes,",8,3.597695185925512,2,6,1.0,pobj,NOUN,pancake,4,18
goldfish-pos.text.3,273,golden,6,4.366796383286729,3,2,0.30000000000000004,punct,PUNCT,",",4,19
goldfish-pos.text.3,274,syrup,5,3.7075701760979363,1,2,1.0,nsubj,NOUN,syrup,4,21
goldfish-pos.text.3,275,drizzled,8,2.6334684555795866,14,1,7.9,advcl,VERB,drizzle,4,22
goldfish-pos.text.3,276,across,6,4.97377419397058,1,2,0.8,prep,ADP,across,4,23
goldfish-pos.text.3,277,the,3,7.469073206544746,1,4,0.3,det,DET,the,4,24
goldfish-pos.text.3,278,top.,3,5.125253486024798,2,3,1.0,pobj,NOUN,top,4,25
goldfish-pos.text.3,279,Emma's,5,4.196176185039973,2,2,1.0,poss,PROPN,Emma,5,0
goldfish-pos.text.3,280,eyes,4,5.0483641052798855,1,1,1.0,nsubj,NOUN,eye,5,2
goldfish-pos.text.3,281,widened,7,2.9138138523837167,0,0,0.0,ROOT,VERB,widen,5,3
goldfish-pos.text.3,282,in,2,6.990046118048168,1,1,0.8,prep,ADP,in,5,4
goldfish-pos.text.3,283,awe.,3,3.419955748489758,1,2,0.5,pobj,PROPN,awe,5,5
goldfish-pos.text.3,284,"""Grandma's",8,4.658869592201962,2,2,1.0,poss,PROPN,Grandma,6,1
goldfish-pos.text.3,285,wishes,6,5.371289573064556,2,1,2.0,nsubj,NOUN,wish,6,3
goldfish-pos.text.3,286,really,6,6.1761375813299395,1,1,0.6,advmod,ADV,really,6,4
goldfish-pos.text.3,287,"worked!""",6,5.902013775787815,0,0,0.0,ROOT,VERB,work,6,5
goldfish-pos.text.3,288,Just,4,6.67661497234708,2,1,0.2,punct,PUNCT,"""",6,7
goldfish-pos.text.3,289,"then,",4,6.17304925458245,7,1,4.4,advmod,ADV,then,7,1
goldfish-pos.text.3,290,the,3,7.469073206544746,6,1,0.7000000000000001,punct,PUNCT,",",7,2
goldfish-pos.text.3,291,hospital,8,5.094121595840561,1,3,0.5,compound,NOUN,hospital,7,4
goldfish-pos.text.3,292,room's,5,5.642968760855551,2,2,1.0,poss,NOUN,room,7,5
goldfish-pos.text.3,293,intercom,8,3.322219294733919,1,1,1.0,nsubj,NOUN,intercom,7,7
goldfish-pos.text.3,294,crackled,8,2.838849090737255,0,0,0.0,ROOT,VERB,crackle,7,8
goldfish-pos.text.3,295,to,2,7.355601686871925,1,1,0.8,prep,ADP,to,7,9
goldfish-pos.text.3,296,life.,4,5.901267560474818,1,2,0.5,pobj,NOUN,life,7,10
goldfish-pos.text.3,297,A,1,7.3099551280128585,3,1,0.30000000000000004,punct,PUNCT,.,7,11
goldfish-pos.text.3,298,cheerful,8,3.5717088318086874,1,2,0.6,amod,ADJ,cheerful,8,1
goldfish-pos.text.3,299,voice,5,4.935305690289924,1,1,1.0,nsubj,NOUN,voice,8,2
goldfish-pos.text.3,300,"announced,",9,3.9894498176666917,0,0,0.0,ROOT,VERB,announce,8,3
blackout-pos.difficulty,0,How,3,6.485184613433453,1,2,0.6,advmod,SCONJ,how,0,0
blackout-pos.difficulty,1,difficult,9,4.779307827583586,1,1,0.5,acomp,ADJ,difficult,0,1
blackout-pos.difficulty,2,was,3,6.7594230602184195,0,0,0.0,ROOT,AUX,be,0,2
blackout-pos.difficulty,3,this,4,6.9019337688086235,1,2,0.3,det,DET,this,0,3
blackout-pos.difficulty,4,text,4,3.7193312869837265,2,1,2.0,nsubj,NOUN,text,0,4
blackout-pos.difficulty,5,for,3,6.838540569153386,3,2,1.5,mark,SCONJ,for,0,5
blackout-pos.difficulty,6,you,3,7.621769343182391,2,2,2.0,nsubj,PRON,you,0,6
blackout-pos.difficulty,7,to,2,7.355601686871925,1,2,0.3,aux,PART,to,0,7
blackout-pos.difficulty,8,read,4,5.382413313126266,6,1,3.1,advcl,VERB,read,0,8
blackout-pos.difficulty,9,and,3,7.126710513400982,1,2,0.5,cc,CCONJ,and,0,9
blackout-pos.difficulty,10,understand?,10,5.683452310738281,2,2,1.0,conj,VERB,understand,0,10
blackout-pos.difficulty,11,4,0,5.78,9,1,1.3,punct,PUNCT,?,0,11
blackout-pos.difficulty,12,–,0,,1,2,0.1,punct,PUNCT,–,1,1
blackout-pos.difficulty,13,very,4,6.093859261503438,1,2,0.6,advmod,ADV,very,1,2
blackout-pos.difficulty,14,difficult,9,4.779307827583586,9,1,5.8,amod,ADJ,difficult,1,3
blackout-pos.difficulty,15,3,0,5.91,8,1,4.3,nummod,NUM,3,1,4
blackout-pos.difficulty,16,–,0,,1,2,0.1,punct,PUNCT,–,1,5
blackout-pos.difficulty,17,rather,6,5.057742155828753,1,4,0.6,advmod,ADV,rather,1,6
blackout-pos.difficulty,18,difficult,9,4.779307827583586,1,3,0.6,amod,ADJ,difficult,1,7
blackout-pos.difficulty,19,2,0,6.0,4,2,2.0,appos,NUM,2,1,8
blackout-pos.difficulty,20,–,0,,1,3,0.1,punct,PUNCT,–,1,9
blackout-pos.difficulty,21,rather,6,5.057742155828753,1,4,0.6,advmod,ADV,rather,1,10
blackout-pos.difficulty,22,easy,4,5.42440789939746,3,3,1.7999999999999998,amod,ADJ,easy,1,11
blackout-pos.difficulty,23,1,0,6.0,0,0,0.0,ROOT,NUM,1,1,12
blackout-pos.difficulty,24,–,0,,1,1,0.1,punct,PUNCT,–,1,13
blackout-pos.difficulty,25,very,4,6.093859261503438,1,2,0.6,advmod,ADV,very,1,14
blackout-pos.difficulty,26,easy,4,5.42440789939746,3,1,1.7999999999999998,amod,ADJ,easy,1,15
prize-zero.text.4,430,"""I",1,7.6017467520701825,14,1,2.3000000000000003,punct,PUNCT,"""",0,0
prize-zero.text.4,431,don't,4,6.787856330946344,2,2,0.6,aux,AUX,do,0,2
prize-zero.text.4,432,know,4,6.757485611771434,10,1,5.5,ccomp,VERB,know,0,4
prize-zero.text.4,433,if,2,6.549171303929439,2,3,1.0,mark,SCONJ,if,0,5
prize-zero.text.4,434,I'm,2,7.6017467520701825,1,3,1.0,nsubj,PRON,I,0,6
prize-zero.text.4,435,ready,5,5.588607804742686,1,3,0.5,acomp,ADJ,ready,0,8
prize-zero.text.4,436,for,3,6.838540569153386,1,4,0.8,prep,ADP,for,0,9
prize-zero.text.4,437,"that,""",4,7.14956733263194,1,5,0.5,pobj,PRON,that,0,10
prize-zero.text.4,438,Emily,5,4.568670978009896,2,1,0.2,punct,PUNCT,"""",0,12
prize-zero.text.4,439,"said,",4,6.214785585123866,0,0,0.0,ROOT,VERB,say,0,14
prize-zero.text.4,440,feeling,7,5.225774348143929,1,1,0.1,punct,PUNCT,",",0,15
prize-zero.text.4,441,a,1,7.3099551280128585,1,3,0.3,det,DET,a,0,17
prize-zero.text.4,442,sense,5,5.119915410257991,2,2,2.0,dobj,NOUN,sense,0,18
prize-zero.text.4,443,of,2,7.063605036452092,1,3,0.8,prep,ADP,of,0,19
prize-zero.text.4,444,trepidation.,11,2.146128035678238,1,4,0.5,pobj,NOUN,trepidation,0,20
prize-zero.text.4,445,The,3,7.469073206544746,7,1,0.9000000000000001,punct,PUNCT,.,0,21
prize-zero.text.4,446,woman,5,5.63811969986024,1,1,1.0,nsubj,NOUN,woman,1,1
prize-zero.text.4,447,smiled.,6,4.763427993562937,0,0,0.0,ROOT,VERB,smile,1,2
prize-zero.text.4,448,"""You",3,7.621769343182391,4,1,0.4,punct,PUNCT,"""",2,0
prize-zero.text.4,449,don't,4,6.787856330946344,2,1,0.6,aux,AUX,do,2,2
prize-zero.text.4,450,have,4,6.789680109103924,0,0,0.0,ROOT,VERB,have,2,4
prize-zero.text.4,451,a,1,7.3099551280128585,1,2,0.3,det,DET,a,2,5
prize-zero.text.4,452,"choice,",6,4.9892272737305365,2,1,2.0,dobj,NOUN,choice,2,6
prize-zero.text.4,453,Emily.,5,4.568670978009896,3,1,0.30000000000000004,punct,PUNCT,",",2,7
prize-zero.text.4,454,You're,5,7.621769343182391,1,1,1.0,nsubj,PRON,you,3,0
prize-zero.text.4,455,the,3,7.469073206544746,2,2,0.6,det,DET,the,3,2
prize-zero.text.4,456,only,4,6.034913080865008,1,2,0.6,amod,ADJ,only,3,3
prize-zero.text.4,457,one,3,6.48745513929058,3,1,1.5,attr,NUM,one,3,4
prize-zero.text.4,458,who,3,6.346927740692434,2,3,2.0,nsubj,PRON,who,3,5
prize-zero.text.4,459,can,3,6.719948309126272,1,3,0.3,aux,AUX,can,3,6
prize-zero.text.4,460,do,2,6.787856330946344,3,2,1.5,relcl,VERB,do,3,7
prize-zero.text.4,461,this.,4,6.9019337688086235,1,3,1.0,dobj,PRON,this,3,8
prize-zero.text.4,462,And,3,7.126710513400982,8,1,1.1,punct,PUNCT,.,3,9
prize-zero.text.4,463,if,2,6.549171303929439,2,2,1.0,mark,SCONJ,if,4,1
prize-zero.text.4,464,you,3,7.621769343182391,1,2,1.0,nsubj,PRON,you,4,2
prize-zero.text.4,465,"refuse,",6,4.321805483857539,5,1,2.5,advcl,VERB,refuse,4,3
prize-zero.text.4,466,you'll,5,7.621769343182391,3,1,1.5,nsubjpass,PRON,you,4,5
prize-zero.text.4,467,be,2,6.7594230602184195,1,1,0.5,auxpass,AUX,be,4,7
prize-zero.text.4,468,stuck,5,4.9873086737311825,0,0,0.0,ROOT,VERB,stick,4,8
prize-zero.text.4,469,in,2,6.990046118048168,1,1,0.8,prep,ADP,in,4,9
prize-zero.text.4,470,second,6,5.454189113874769,1,3,0.6,amod,ADJ,second,4,10
prize-zero.text.4,471,place,5,5.780079573484288,2,2,1.0,pobj,NOUN,place,4,11
prize-zero.text.4,472,"forever.""",7,4.9484129657786005,4,1,2.4,advmod,ADV,forever,4,12
prize-zero.text.4,473,Emily,5,4.568670978009896,6,1,0.7000000000000001,punct,PUNCT,"""",4,14
prize-zero.text.4,474,"hesitated,",9,3.737987326333431,0,0,0.0,ROOT,VERB,hesitate,5,1
prize-zero.text.4,475,unsure,6,3.0086001717619175,1,1,0.1,punct,PUNCT,",",5,2
prize-zero.text.4,476,of,2,7.063605036452092,1,2,0.8,prep,ADP,of,5,4
prize-zero.text.4,477,what,4,6.993103217236282,2,4,2.0,dobj,PRON,what,5,5
prize-zero.text.4,478,to,2,7.355601686871925,1,4,0.3,aux,PART,to,5,6
prize-zero.text.4,479,do.,2,6.787856330946344,3,3,1.5,pcomp,AUX,do,5,7
prize-zero.text.4,480,But,3,6.645173608800489,7,1,0.9000000000000001,punct,PUNCT,.,5,8
prize-zero.text.4,481,as,2,6.345769610954118,2,2,1.0,mark,SCONJ,as,6,1
prize-zero.text.4,482,she,3,6.572044028989929,1,2,1.0,nsubj,PRON,she,6,2
prize-zero.text.4,483,looked,6,6.289426173081608,7,1,3.7,advcl,VERB,look,6,3
prize-zero.text.4,484,out,3,6.587184330308805,1,2,0.5,prt,ADP,out,6,4
prize-zero.text.4,485,at,2,6.507464560676047,2,2,1.6,prep,ADP,at,6,5
prize-zero.text.4,486,the,3,7.469073206544746,1,4,0.3,det,DET,the,6,6
prize-zero.text.4,487,"crowd,",5,4.572523097849637,2,3,1.0,pobj,NOUN,crowd,6,7
prize-zero.text.4,488,she,3,6.572044028989929,2,1,0.2,punct,PUNCT,",",6,8
prize-zero.text.4,489,knew,4,6.757485611771434,0,0,0.0,ROOT,VERB,know,6,10
prize-zero.text.4,490,she,3,6.572044028989929,1,2,1.0,nsubj,PRON,she,6,11
prize-zero.text.4,491,had,3,6.789680109103924,2,1,1.0,ccomp,VERB,have,6,12
prize-zero.text.4,492,no,2,6.7760870730181075,1,3,0.3,det,DET,no,6,13
prize-zero.text.4,493,choice.,6,4.9892272737305365,2,2,2.0,dobj,NOUN,choice,6,14
prize-zero.text.4,494,She,3,6.572044028989929,5,1,0.5,punct,PUNCT,.,6,15
prize-zero.text.4,495,had,3,6.789680109103924,0,0,0.0,ROOT,VERB,have,7,1
prize-zero.text.4,496,to,2,7.355601686871925,1,2,0.3,aux,PART,to,7,2
prize-zero.text.4,497,take,4,6.276700715304874,2,1,1.0,xcomp,VERB,take,7,3
prize-zero.text.4,498,the,3,7.469073206544746,1,3,0.3,det,DET,the,7,4
prize-zero.text.4,499,"prize,",5,4.35005409357903,2,2,2.0,dobj,NOUN,prize,7,5
prize-zero.text.4,500,no,2,6.7760870730181075,3,2,0.30000000000000004,punct,PUNCT,",",7,6
prize-zero.text.4,501,matter,6,5.5688936961393445,5,2,3.0,advmod,ADV,matter,7,8
prize-zero.text.4,502,the,3,7.469073206544746,1,3,0.3,det,DET,the,7,9
prize-zero.text.4,503,cost.,4,4.739730528564717,7,2,7.2,dobj,NOUN,cost,7,10
goldfish-neg.text.3,376,the,3,7.469073206544746,1,2,0.3,det,DET,the,0,0
goldfish-neg.text.3,377,room,4,5.642968760855551,2,1,2.0,nsubj,NOUN,room,0,1
goldfish-neg.text.3,378,were,4,6.7594230602184195,1,1,0.3,aux,AUX,be,0,2
goldfish-neg.text.3,379,growing,7,4.774443968924965,0,0,0.0,ROOT,VERB,grow,0,3
goldfish-neg.text.3,380,at,2,6.507464560676047,1,1,0.8,prep,ADP,at,0,4
goldfish-neg.text.3,381,an,2,6.270478525477336,2,3,0.6,det,DET,an,0,5
goldfish-neg.text.3,382,alarming,8,3.0569048513364727,1,3,0.6,amod,ADJ,alarming,0,6
goldfish-neg.text.3,383,"rate,",4,4.396548037987132,3,2,1.5,pobj,NOUN,rate,0,7
goldfish-neg.text.3,384,and,3,7.126710513400982,5,1,0.5,punct,PUNCT,",",0,8
goldfish-neg.text.3,385,the,3,7.469073206544746,1,3,0.3,det,DET,the,0,10
goldfish-neg.text.3,386,air,3,5.14307728417362,2,2,1.0,nsubjpass,NOUN,air,0,11
goldfish-neg.text.3,387,was,3,6.7594230602184195,1,2,0.5,auxpass,AUX,be,0,12
goldfish-neg.text.3,388,filled,6,4.642860052584491,10,1,5.5,conj,VERB,fill,0,13
goldfish-neg.text.3,389,with,4,6.703147736191453,1,2,0.8,prep,ADP,with,0,14
goldfish-neg.text.3,390,the,3,7.469073206544746,2,4,0.6,det,DET,the,0,15
goldfish-neg.text.3,391,sweet,5,5.161966616364074,1,4,0.6,amod,ADJ,sweet,0,16
goldfish-neg.text.3,392,scent,5,3.7752462597402365,3,3,1.5,pobj,NOUN,scent,0,17
goldfish-neg.text.3,393,of,2,7.063605036452092,1,4,0.8,prep,ADP,of,0,18
goldfish-neg.text.3,394,blooming,8,3.741151598851785,1,6,0.6,amod,VERB,bloom,0,19
goldfish-neg.text.3,395,flowers.,7,4.357172257723033,2,5,1.0,pobj,NOUN,flower,0,20
goldfish-neg.text.3,396,It,2,7.276377005067547,8,2,1.1,punct,PUNCT,.,0,21
goldfish-neg.text.3,397,was,3,6.7594230602184195,0,0,0.0,ROOT,AUX,be,1,1
goldfish-neg.text.3,398,as,2,6.345769610954118,6,2,3.1,mark,SCONJ,as,1,2
goldfish-neg.text.3,399,if,2,6.549171303929439,5,2,2.5,mark,SCONJ,if,1,3
goldfish-neg.text.3,400,Finley's,7,3.06,2,3,1.0,poss,PROPN,Finley,1,4
goldfish-neg.text.3,401,wish,4,5.371289573064556,2,2,2.0,nsubj,NOUN,wish,1,6
goldfish-neg.text.3,402,had,3,6.789680109103924,1,2,0.3,aux,AUX,have,1,7
goldfish-neg.text.3,403,brought,7,5.514760199518823,7,1,3.7,advcl,VERB,bring,1,8
goldfish-neg.text.3,404,new,3,5.8596065782062166,1,3,0.6,amod,ADJ,new,1,9
goldfish-neg.text.3,405,life,4,5.901267560474818,2,2,2.0,dobj,NOUN,life,1,10
goldfish-neg.text.3,406,to,2,7.355601686871925,3,2,1.5,dative,ADP,to,1,11
goldfish-neg.text.3,407,the,3,7.469073206544746,1,4,0.3,det,DET,the,1,12
goldfish-neg.text.3,408,world,5,5.658221334447711,2,3,1.0,pobj,NOUN,world,1,13
goldfish-neg.text.3,409,around,6,5.867308354895176,6,2,4.9,prep,ADP,around,1,14
goldfish-neg.text.3,410,her.,3,6.572044028989929,1,3,0.5,pobj,PRON,she,1,15
goldfish-neg.text.3,411,And,3,7.126710513400982,15,1,2.5,punct,PUNCT,.,1,16
goldfish-neg.text.3,412,"then,",4,6.17304925458245,6,1,3.6999999999999997,advmod,ADV,then,2,1
goldfish-neg.text.3,413,one,3,6.48745513929058,5,1,0.5,punct,PUNCT,",",2,2
goldfish-neg.text.3,414,"morning,",7,5.642464520242122,3,1,1.5,npadvmod,NOUN,morning,2,4
goldfish-neg.text.3,415,Lily,4,4.429106008332696,2,1,0.2,punct,PUNCT,",",2,5
goldfish-neg.text.3,416,woke,4,5.02209829746114,0,0,0.0,ROOT,VERB,wake,2,7
goldfish-neg.text.3,417,up,2,6.564666064252089,1,1,0.5,prt,ADP,up,2,8
goldfish-neg.text.3,418,to,2,7.355601686871925,1,2,0.3,aux,PART,to,2,9
goldfish-neg.text.3,419,find,4,5.919580118612771,3,1,1.5,advcl,VERB,find,2,10
goldfish-neg.text.3,420,a,1,7.3099551280128585,2,3,0.6,det,DET,a,2,11
goldfish-neg.text.3,421,small,5,5.096771016533225,1,3,0.6,amod,ADJ,small,2,12
goldfish-neg.text.3,422,note,4,4.728759475167874,3,2,3.0,dobj,NOUN,note,2,13
goldfish-neg.text.3,423,on,2,6.842342715684627,1,3,0.8,prep,ADP,on,2,14
goldfish-neg.text.3,424,her,3,6.452678661106354,2,5,1.0,poss,PRON,her,2,15
goldfish-neg.text.3,425,bedside,7,3.2833012287035497,1,5,0.5,compound,NOUN,bedside,2,16
goldfish-neg.text.3,426,table.,5,5.023787279789847,3,4,1.5,pobj,NOUN,table,2,17
goldfish-neg.text.3,427,It,2,7.276377005067547,11,1,1.7000000000000002,punct,PUNCT,.,2,18
goldfish-neg.text.3,428,was,3,6.7594230602184195,0,0,0.0,ROOT,AUX,be,3,1
goldfish-neg.text.3,429,the,3,7.469073206544746,2,2,0.6,det,DET,the,3,2
goldfish-neg.text.3,430,same,4,5.620323479769259,1,2,0.6,amod,ADJ,same,3,3
goldfish-neg.text.3,431,note,4,4.728759475167874,3,1,1.5,attr,NOUN,note,3,4
goldfish-neg.text.3,432,she,3,6.572044028989929,2,3,2.0,nsubj,PRON,she,3,5
goldfish-neg.text.3,433,had,3,6.789680109103924,1,3,0.3,aux,AUX,have,3,6
goldfish-neg.text.3,434,seen,4,6.407684867368763,3,2,1.5,relcl,VERB,see,3,7
goldfish-neg.text.3,435,on,2,6.842342715684627,1,3,0.8,prep,ADP,on,3,8
goldfish-neg.text.3,436,the,3,7.469073206544746,1,5,0.3,det,DET,the,3,9
goldfish-neg.text.3,437,edge,4,4.371252629124939,2,4,1.0,pobj,NOUN,edge,3,10
goldfish-neg.text.3,438,of,2,7.063605036452092,1,5,0.8,prep,ADP,of,3,11
goldfish-neg.text.3,439,the,3,7.469073206544746,1,7,0.3,det,DET,the,3,12
goldfish-neg.text.3,440,"tank,",4,4.408409578468429,2,6,1.0,pobj,NOUN,tank,3,13
goldfish-neg.text.3,441,but,3,6.645173608800489,13,1,2.1,punct,PUNCT,",",3,14
goldfish-neg.text.3,442,this,4,6.9019337688086235,1,3,0.3,det,DET,this,3,16
goldfish-neg.text.3,443,"time,",4,6.29195240223515,3,2,1.5,npadvmod,NOUN,time,3,17
goldfish-neg.text.3,444,it,2,7.276377005067547,2,2,0.2,punct,PUNCT,",",3,18
goldfish-neg.text.3,445,had,3,6.789680109103924,19,1,10.9,conj,VERB,have,3,20
goldfish-neg.text.3,446,a,1,7.3099551280128585,2,3,0.6,det,DET,a,3,21
goldfish-neg.text.3,447,new,3,5.8596065782062166,1,3,0.6,amod,ADJ,new,3,22
goldfish-neg.text.3,448,message:,7,4.961468555350786,3,2,3.0,dobj,NOUN,message,3,23
goldfish-neg.text.3,449,"""I'm",2,7.6017467520701825,1,5,1.0,nsubj,PRON,I,3,26
goldfish-neg.text.3,450,not,3,6.734396540337466,1,5,0.5,neg,PART,not,3,28
goldfish-neg.text.3,451,just,4,6.67661497234708,2,5,1.2,advmod,ADV,just,3,29
goldfish-neg.text.3,452,a,1,7.3099551280128585,1,6,0.3,det,DET,a,3,30
goldfish-neg.text.3,453,"fish,",4,4.9216344610537055,4,5,2.0,attr,NOUN,fish,3,31
goldfish-neg.text.3,454,I'm,2,7.6017467520701825,1,4,1.0,nsubj,PRON,I,3,33
goldfish-neg.text.3,455,the,3,7.469073206544746,1,5,0.3,det,DET,the,3,35
goldfish-neg.text.3,456,key,3,4.9388198250262105,2,4,1.0,attr,NOUN,key,3,36
goldfish-neg.text.3,457,to,2,7.355601686871925,1,5,0.8,prep,ADP,to,3,37
goldfish-neg.text.3,458,a,1,7.3099551280128585,2,7,0.6,det,DET,a,3,38
goldfish-neg.text.3,459,new,3,5.8596065782062166,1,7,0.6,amod,ADJ,new,3,39
goldfish-neg.text.3,460,"world.""",5,5.658221334447711,3,6,1.5,pobj,NOUN,world,3,40
goldfish-neg.text.3,461,As,2,6.345769610954118,22,2,3.9000000000000004,punct,PUNCT,"""",3,42
goldfish-neg.text.3,462,Lily,4,4.429106008332696,1,3,1.0,nsubj,PROPN,Lily,4,1
goldfish-neg.text.3,463,looked,6,6.289426173081608,6,2,3.1,advcl,VERB,look,4,2
goldfish-neg.text.3,464,at,2,6.507464560676047,1,3,0.8,prep,ADP,at,4,3
goldfish-neg.text.3,465,the,3,7.469073206544746,1,5,0.3,det,DET,the,4,4
goldfish-neg.text.3,466,"note,",4,4.728759475167874,2,4,1.0,pobj,NOUN,note,4,5
goldfish-neg.text.3,467,she,3,6.572044028989929,2,2,0.2,punct,PUNCT,",",4,6
goldfish-neg.text.3,468,realized,8,4.897956810006952,16,1,9.1,ccomp,VERB,realize,4,8
goldfish-neg.text.3,469,that,4,7.14956733263194,5,3,2.5,mark,SCONJ,that,4,9
goldfish-neg.text.3,470,Finley's,7,3.06,2,4,1.0,poss,PROPN,Finley,4,10
goldfish-neg.text.3,471,wish,4,5.371289573064556,2,3,2.0,nsubj,NOUN,wish,4,12
goldfish-neg.text.3,472,had,3,6.789680109103924,1,3,0.3,aux,AUX,have,4,13
goldfish-neg.text.3,473,been,4,6.7594230602184195,6,2,3.1,ccomp,AUX,be,4,14
goldfish-neg.text.3,474,more,4,6.113472054195492,1,3,0.5,acomp,ADJ,more,4,15
goldfish-neg.text.3,475,than,4,5.868526886768203,1,4,0.8,prep,ADP,than,4,16
goldfish-neg.text.3,476,just,4,6.67661497234708,3,6,1.7999999999999998,advmod,ADV,just,4,17
goldfish-neg.text.3,477,a,1,7.3099551280128585,2,6,0.6,det,DET,a,4,18
goldfish-neg.text.3,478,simple,6,4.950900089366387,1,6,0.6,amod,ADJ,simple,4,19
goldfish-neg.text.3,479,wish,4,5.371289573064556,4,5,2.0,pobj,NOUN,wish,4,20
goldfish-neg.text.3,480,-,0,,3,1,0.30000000000000004,punct,PUNCT,-,4,21
goldfish-neg.text.3,481,it,2,7.276377005067547,2,1,2.0,nsubj,PRON,it,4,22
goldfish-neg.text.3,482,had,3,6.789680109103924,1,1,0.3,aux,AUX,have,4,23
goldfish-neg.text.3,483,been,4,6.7594230602184195,0,0,0.0,ROOT,AUX,be,4,24
goldfish-neg.text.3,484,a,1,7.3099551280128585,1,2,0.3,det,DET,a,4,25
goldfish-neg.text.3,485,doorway,7,3.507855871695831,2,1,1.0,attr,NOUN,doorway,4,26
goldfish-neg.text.3,486,to,2,7.355601686871925,1,2,0.8,prep,ADP,to,4,27
goldfish-neg.text.3,487,a,1,7.3099551280128585,2,4,0.6,det,DET,a,4,28
goldfish-neg.text.3,488,new,3,5.8596065782062166,1,4,0.6,amod,ADJ,new,4,29
goldfish-neg.text.3,489,reality.,7,4.480725378988487,3,3,1.5,pobj,NOUN,reality,4,30
goldfish-neg.text.3,490,And,3,7.126710513400982,7,1,0.9000000000000001,punct,PUNCT,.,4,31
goldfish-neg.text.3,491,as,2,6.345769610954118,2,2,1.0,mark,SCONJ,as,5,1
goldfish-neg.text.3,492,she,3,6.572044028989929,1,2,1.0,nsubj,PRON,she,5,2
goldfish-neg.text.3,493,looked,6,6.289426173081608,6,1,3.1,advcl,VERB,look,5,3
goldfish-neg.text.3,494,at,2,6.507464560676047,1,2,0.8,prep,ADP,at,5,4
goldfish-neg.text.3,495,the,3,7.469073206544746,1,4,0.3,det,DET,the,5,5
goldfish-neg.text.3,496,"tank,",4,4.408409578468429,2,3,1.0,pobj,NOUN,tank,5,6
goldfish-neg.text.3,497,she,3,6.572044028989929,2,1,0.2,punct,PUNCT,",",5,7
goldfish-neg.text.3,498,knew,4,6.757485611771434,0,0,0.0,ROOT,VERB,know,5,9
goldfish-neg.text.3,499,that,4,7.14956733263194,4,2,2.0,mark,SCONJ,that,5,10
goldfish-neg.text.3,500,she,3,6.572044028989929,3,2,3.0,nsubj,PRON,she,5,11
goldfish-neg.text.3,501,would,5,6.247452782675624,2,2,0.6,aux,AUX,would,5,12
goldfish-neg.text.3,502,never,5,6.134352448068437,1,2,0.5,neg,ADV,never,5,13
goldfish-neg.text.3,503,be,2,6.7594230602184195,5,1,2.5,ccomp,AUX,be,5,14
goldfish-neg.text.3,504,able,4,5.203848463746235,1,2,0.5,acomp,ADJ,able,5,15
goldfish-neg.text.3,505,to,2,7.355601686871925,1,4,0.3,aux,PART,to,5,16
goldfish-neg.text.3,506,go,2,6.578987422636267,2,3,1.0,xcomp,VERB,go,5,17
goldfish-neg.text.3,507,back,4,6.303014523283947,1,4,0.6,advmod,ADV,back,5,18
goldfish-neg.text.3,508,to,2,7.355601686871925,1,5,0.8,prep,ADP,to,5,19
goldfish-neg.text.3,509,the,3,7.469073206544746,1,7,0.3,det,DET,the,5,20
goldfish-neg.text.3,510,way,3,6.153732569172379,2,6,1.0,pobj,NOUN,way,5,21
goldfish-neg.text.3,511,things,6,6.0368962554232315,1,8,1.0,nsubj,NOUN,thing,5,22
goldfish-neg.text.3,512,were,4,6.7594230602184195,2,7,1.0,relcl,AUX,be,5,23
goldfish-neg.text.3,513,before.,6,5.899897071530102,1,8,0.6,advmod,ADV,before,5,24
voicemail-pos.naturalness,0,How,3,6.485184613433453,1,2,0.6,advmod,SCONJ,how,0,0
voicemail-pos.naturalness,1,natural,7,4.6268534146667255,3,1,1.5,acomp,ADJ,natural,0,1
voicemail-pos.naturalness,2,and,3,7.126710513400982,1,2,0.5,cc,CCONJ,and,0,2
voicemail-pos.naturalness,3,fluent,6,3.0644579892269186,2,2,1.0,conj,ADJ,fluent,0,3
voicemail-pos.naturalness,4,was,3,6.7594230602184195,0,0,0.0,ROOT,AUX,be,0,4
voicemail-pos.naturalness,5,the,3,7.469073206544746,2,2,0.6,det,DET,the,0,5
voicemail-pos.naturalness,6,writing,7,5.103119253545714,1,2,0.5,compound,VERB,write,0,6
voicemail-pos.naturalness,7,style,5,4.478277831919605,3,1,1.5,attr,NOUN,style,0,7
voicemail-pos.naturalness,8,in,2,6.990046118048168,1,2,0.8,prep,ADP,in,0,8
voicemail-pos.naturalness,9,this,4,6.9019337688086235,1,4,0.3,det,DET,this,0,9
voicemail-pos.naturalness,10,text?,4,3.7193312869837265,2,3,1.0,pobj,NOUN,text,0,10
voicemail-pos.naturalness,11,4,0,5.78,7,1,0.9000000000000001,punct,PUNCT,?,0,11
voicemail-pos.naturalness,12,–,0,,1,1,0.1,punct,PUNCT,–,1,1
voicemail-pos.naturalness,13,very,4,6.093859261503438,1,3,0.6,advmod,ADV,very,1,2
voicemail-pos.naturalness,14,natural,7,4.6268534146667255,1,2,0.6,amod,ADJ,natural,1,3
voicemail-pos.naturalness,15,3,0,5.91,4,1,2.0,appos,NUM,3,1,4
voicemail-pos.naturalness,16,–,0,,1,2,0.1,punct,PUNCT,–,1,5
voicemail-pos.naturalness,17,rather,6,5.057742155828753,1,4,0.6,advmod,ADV,rather,1,6
voicemail-pos.naturalness,18,natural,7,4.6268534146667255,1,3,0.6,amod,ADJ,natural,1,7
voicemail-pos.naturalness,19,2,0,6.0,4,2,2.0,appos,NUM,2,1,8
voicemail-pos.naturalness,20,–,0,,1,3,0.1,punct,PUNCT,–,1,9
voicemail-pos.naturalness,21,rather,6,5.057742155828753,1,3,0.6,advmod,ADV,rather,1,10
voicemail-pos.naturalness,22,unnatural,9,3.4393326938302624,1,2,0.6,amod,ADJ,unnatural,1,11
voicemail-pos.naturalness,23,1,0,6.0,12,1,6.7,appos,NUM,1,1,12
voicemail-pos.naturalness,24,–,0,,1,2,0.1,punct,PUNCT,–,1,13
voicemail-pos.naturalness,25,very,4,6.093859261503438,1,3,0.6,advmod,ADV,very,1,14
voicemail-pos.naturalness,26,unnatural,9,3.4393326938302624,3,2,1.7999999999999998,amod,ADJ,unnatural,1,15
delayed-zero.text.1,108,"""Mind",4,5.685392371625693,9,1,1.3,punct,PUNCT,"""",0,0
delayed-zero.text.1,109,if,2,6.549171303929439,2,3,1.0,mark,SCONJ,if,0,2
delayed-zero.text.1,110,I,1,7.6017467520701825,1,3,1.0,nsubj,PRON,I,0,3
delayed-zero.text.1,111,join,4,4.9213222435838215,3,2,1.5,advcl,VERB,join,0,4
delayed-zero.text.1,112,"you?""",3,7.621769343182391,1,3,1.0,dobj,PRON,you,0,5
delayed-zero.text.1,113,she,3,6.572044028989929,2,1,0.2,punct,PUNCT,"""",0,7
delayed-zero.text.1,114,"asked,",5,5.684072994969725,0,0,0.0,ROOT,VERB,ask,0,9
delayed-zero.text.1,115,nodding,7,2.9138138523837167,1,1,0.1,punct,PUNCT,",",0,10
delayed-zero.text.1,116,towards,7,4.438225807604529,1,2,0.8,prep,ADP,towards,0,12
delayed-zero.text.1,117,the,3,7.469073206544746,2,4,0.6,det,DET,the,0,13
delayed-zero.text.1,118,empty,5,4.674309888941477,1,4,0.6,amod,ADJ,empty,0,14
delayed-zero.text.1,119,chair,5,4.692318044259279,3,3,1.5,pobj,NOUN,chair,0,15
delayed-zero.text.1,120,across,6,4.97377419397058,5,2,4.0,prep,ADP,across,0,16
delayed-zero.text.1,121,from,4,6.309430005221755,1,3,0.8,prep,ADP,from,0,17
delayed-zero.text.1,122,him.,3,6.882934163885178,1,4,0.5,pobj,PRON,he,0,18
delayed-zero.text.1,123,He,2,6.882934163885178,10,1,1.5,punct,PUNCT,.,0,19
delayed-zero.text.1,124,looked,6,6.289426173081608,0,0,0.0,ROOT,VERB,look,1,1
delayed-zero.text.1,125,"up,",2,6.564666064252089,1,1,0.5,prt,ADP,up,1,2
delayed-zero.text.1,126,"startled,",8,3.3891660843645326,2,1,0.2,punct,PUNCT,",",1,3
delayed-zero.text.1,127,and,3,7.126710513400982,1,2,0.1,punct,PUNCT,",",1,5
delayed-zero.text.1,128,then,4,6.17304925458245,1,3,0.6,advmod,ADV,then,1,7
delayed-zero.text.1,129,smiled,6,4.763427993562937,4,2,2.0,conj,VERB,smile,1,8
delayed-zero.text.1,130,weakly.,6,2.591064607026499,1,3,0.6,advmod,ADV,weakly,1,9
delayed-zero.text.1,131,"""Not",3,6.734396540337466,3,1,0.30000000000000004,punct,PUNCT,"""",2,0
delayed-zero.text.1,132,at,2,6.507464560676047,1,1,0.6,advmod,ADV,at,2,2
delayed-zero.text.1,133,all.,3,6.71280622142986,0,0,0.0,ROOT,ADV,all,2,3
delayed-zero.text.1,134,I'm,2,7.6017467520701825,1,1,1.0,nsubj,PRON,I,3,0
delayed-zero.text.1,135,"Max.""",3,4.851135995011574,1,1,0.5,attr,PROPN,Max,3,2
delayed-zero.text.1,136,"""Rachel,""",6,4.15,1,2,0.1,punct,PUNCT,"""",4,0
delayed-zero.text.1,137,she,3,6.572044028989929,2,1,0.2,punct,PUNCT,"""",4,3
delayed-zero.text.1,138,"replied,",7,3.681241237375587,0,0,0.0,ROOT,VERB,reply,4,5
delayed-zero.text.1,139,taking,6,5.381024781409826,1,1,0.1,punct,PUNCT,",",4,6
delayed-zero.text.1,140,a,1,7.3099551280128585,1,3,0.3,det,DET,a,4,8
delayed-zero.text.1,141,seat.,4,4.896415976473123,2,2,2.0,dobj,NOUN,seat,4,9
delayed-zero.text.1,142,As,2,6.345769610954118,5,1,0.5,punct,PUNCT,.,4,10
delayed-zero.text.1,143,they,4,6.613095166038459,1,2,1.0,nsubj,PRON,they,5,1
delayed-zero.text.1,144,introduced,10,4.540704783310762,5,1,2.5,advcl,VERB,introduce,5,2
delayed-zero.text.1,145,"themselves,",10,4.662190990859007,1,2,1.0,dobj,PRON,themselves,5,3
delayed-zero.text.1,146,the,3,7.469073206544746,3,1,0.30000000000000004,punct,PUNCT,",",5,4
delayed-zero.text.1,147,storm,5,4.489395921727129,1,1,1.0,nsubj,NOUN,storm,5,6
delayed-zero.text.1,148,raged,5,4.053462604925455,0,0,0.0,ROOT,VERB,rage,5,7
delayed-zero.text.1,149,on,2,6.842342715684627,1,1,0.8,prep,ADP,on,5,8
delayed-zero.text.1,150,"outside,",7,5.230500011841471,1,2,0.5,pcomp,ADV,outside,5,9
delayed-zero.text.1,151,causing,7,3.9929950984313414,3,1,0.30000000000000004,punct,PUNCT,",",5,10
delayed-zero.text.1,152,the,3,7.469073206544746,1,4,0.3,det,DET,the,5,12
delayed-zero.text.1,153,airport,7,4.580240508265376,2,3,2.0,nsubj,NOUN,airport,5,13
delayed-zero.text.1,154,to,2,7.355601686871925,1,3,0.3,aux,PART,to,5,14
delayed-zero.text.1,155,grow,4,4.774443968924965,4,2,2.0,ccomp,VERB,grow,5,15
delayed-zero.text.1,156,increasingly,12,3.250420002308894,1,4,0.6,advmod,ADV,increasingly,5,16
delayed-zero.text.1,157,chaotic.,7,3.0492180226701815,2,3,1.0,acomp,ADJ,chaotic,5,17
delayed-zero.text.1,158,Passengers,10,4.089551882886454,11,1,1.7000000000000002,punct,PUNCT,.,5,18
delayed-zero.text.1,159,scrambled,9,3.3820170425748683,0,0,0.0,ROOT,VERB,scramble,6,1
delayed-zero.text.1,160,to,2,7.355601686871925,1,2,0.3,aux,PART,to,6,2
delayed-zero.text.1,161,find,4,5.919580118612771,2,1,1.0,xcomp,VERB,find,6,3
delayed-zero.text.1,162,"shelter,",7,4.06707085604537,1,2,1.0,dobj,NOUN,shelter,6,4
delayed-zero.text.1,163,and,3,7.126710513400982,4,1,0.4,punct,PUNCT,",",6,5
delayed-zero.text.1,164,the,3,7.469073206544746,1,3,0.3,det,DET,the,6,7
delayed-zero.text.1,165,sound,5,5.156518864747027,7,2,7.2,nsubj,NOUN,sound,6,8
delayed-zero.text.1,166,of,2,7.063605036452092,1,3,0.8,prep,ADP,of,6,9
delayed-zero.text.1,167,howling,7,3.3138672203691533,1,4,0.5,pcomp,VERB,howl,6,10
delayed-zero.text.1,168,wind,4,4.773567048926059,1,5,1.0,dobj,NOUN,wind,6,11
delayed-zero.text.1,169,and,3,7.126710513400982,2,5,1.0,cc,CCONJ,and,6,12
delayed-zero.text.1,170,creaking,8,2.7075701760979363,3,5,1.5,conj,VERB,creak,6,13
delayed-zero.text.1,171,metal,5,4.288919605661727,1,6,1.0,dobj,NOUN,metal,6,14
delayed-zero.text.1,172,filled,6,4.642860052584491,14,1,7.9,conj,VERB,fill,6,15
delayed-zero.text.1,173,the,3,7.469073206544746,1,3,0.3,det,DET,the,6,16
delayed-zero.text.1,174,air.,3,5.14307728417362,2,2,2.0,dobj,NOUN,air,6,17
delayed-zero.text.1,175,"""So,",2,6.627791747945443,4,1,0.4,punct,PUNCT,"""",7,0
delayed-zero.text.1,176,what,4,6.993103217236282,2,1,0.2,punct,PUNCT,",",7,2
delayed-zero.text.1,177,brings,6,5.514760199518823,0,0,0.0,ROOT,VERB,bring,7,4
delayed-zero.text.1,178,you,3,7.621769343182391,1,1,1.0,dobj,PRON,you,7,5
delayed-zero.text.1,179,to,2,7.355601686871925,2,1,1.6,prep,ADP,to,7,6
delayed-zero.text.1,180,"Chicago?""",7,4.615107987443194,1,2,0.5,pobj,PROPN,Chicago,7,7
delayed-zero.text.1,181,Rachel,6,4.15,5,1,0.5,punct,PUNCT,"""",7,9
delayed-zero.text.1,182,"asked,",5,5.684072994969725,0,0,0.0,ROOT,VERB,ask,8,1
delayed-zero.text.1,183,trying,6,5.651297401711899,1,1,0.1,punct,PUNCT,",",8,2
delayed-zero.text.1,184,to,2,7.355601686871925,1,3,0.3,aux,PART,to,8,4
delayed-zero.text.1,185,break,5,5.344549455909737,2,2,1.0,xcomp,VERB,break,8,5
delayed-zero.text.1,186,the,3,7.469073206544746,1,4,0.3,det,DET,the,8,6
delayed-zero.text.1,187,ice.,3,4.9006401839826,2,3,2.0,dobj,NOUN,ice,8,7
delayed-neg.text.4,459,long,4,5.829406704509388,1,1,0.6,amod,ADJ,long,0,0
delayed-neg.text.4,460,time.,4,6.29195240223515,0,0,0.0,ROOT,NOUN,time,0,1
delayed-neg.text.4,461,She,3,6.572044028989929,1,1,0.1,punct,PUNCT,.,0,2
delayed-neg.text.4,462,had,3,6.789680109103924,0,0,0.0,ROOT,VERB,have,1,1
delayed-neg.text.4,463,no,2,6.7760870730181075,1,2,0.3,det,DET,no,1,2
delayed-neg.text.4,464,idea,4,5.555142835240048,2,1,2.0,dobj,NOUN,idea,1,3
delayed-neg.text.4,465,what,4,6.993103217236282,3,3,3.0,dobj,PRON,what,1,4
delayed-neg.text.4,466,the,3,7.469073206544746,1,4,0.3,det,DET,the,1,5
delayed-neg.text.4,467,future,6,5.014898386946205,1,3,1.0,nsubj,NOUN,future,1,6
delayed-neg.text.4,468,"held,",4,5.64021302564462,4,2,2.0,relcl,VERB,hold,1,7
delayed-neg.text.4,469,but,3,6.645173608800489,7,1,0.9000000000000001,punct,PUNCT,",",1,8
delayed-neg.text.4,470,she,3,6.572044028989929,1,2,1.0,nsubj,PRON,she,1,10
delayed-neg.text.4,471,knew,4,6.757485611771434,10,1,5.5,conj,VERB,know,1,11
delayed-neg.text.4,472,that,4,7.14956733263194,3,3,1.5,mark,SCONJ,that,1,12
delayed-neg.text.4,473,her,3,6.452678661106354,1,4,0.5,poss,PRON,her,1,13
delayed-neg.text.4,474,life,4,5.901267560474818,1,3,1.0,nsubj,NOUN,life,1,14
delayed-neg.text.4,475,was,3,6.7594230602184195,4,2,2.0,ccomp,AUX,be,1,15
delayed-neg.text.4,476,about,5,6.560084852586414,1,3,0.5,acomp,ADJ,about,1,16
delayed-neg.text.4,477,to,2,7.355601686871925,1,5,0.3,aux,PART,to,1,17
delayed-neg.text.4,478,change,6,5.380844126464665,2,4,1.0,xcomp,VERB,change,1,18
delayed-neg.text.4,479,in,2,6.990046118048168,1,5,0.8,prep,ADP,in,1,19
delayed-neg.text.4,480,a,1,7.3099551280128585,2,7,0.6,det,DET,a,1,20
delayed-neg.text.4,481,big,3,5.834306233242975,1,7,0.6,amod,ADJ,big,1,21
delayed-neg.text.4,482,way.,3,6.153732569172379,3,6,1.5,pobj,NOUN,way,1,22
delayed-neg.text.4,483,As,2,6.345769610954118,12,2,1.9000000000000004,punct,PUNCT,.,1,23
delayed-neg.text.4,484,they,4,6.613095166038459,1,2,1.0,nsubj,PRON,they,2,1
delayed-neg.text.4,485,finished,8,4.99528410768926,10,1,5.5,advcl,VERB,finish,2,2
delayed-neg.text.4,486,their,5,5.816347374238363,1,3,0.5,poss,PRON,their,2,3
delayed-neg.text.4,487,meal,4,4.460296326757475,2,2,2.0,dobj,NOUN,meal,2,4
delayed-neg.text.4,488,and,3,7.126710513400982,3,2,1.5,cc,CCONJ,and,2,5
delayed-neg.text.4,489,prepared,8,4.525692524505011,4,2,2.0,conj,VERB,prepare,2,6
delayed-neg.text.4,490,to,2,7.355601686871925,1,4,0.3,aux,PART,to,2,7
delayed-neg.text.4,491,part,4,5.417488300705328,2,3,1.0,xcomp,NOUN,part,2,8
delayed-neg.text.4,492,"ways,",4,6.153732569172379,1,4,1.0,dobj,NOUN,way,2,9
delayed-neg.text.4,493,Alex,4,4.62,2,1,0.2,punct,PUNCT,",",2,10
delayed-neg.text.4,494,turned,6,5.48638796834179,0,0,0.0,ROOT,VERB,turn,2,12
delayed-neg.text.4,495,to,2,7.355601686871925,1,1,0.8,prep,ADP,to,2,13
delayed-neg.text.4,496,Sarah,5,4.634880140766526,1,2,0.5,pobj,PROPN,Sarah,2,14
delayed-neg.text.4,497,and,3,7.126710513400982,3,1,1.5,cc,CCONJ,and,2,15
delayed-neg.text.4,498,asked,5,5.684072994969725,4,1,2.0,conj,VERB,ask,2,16
delayed-neg.text.4,499,her,3,6.572044028989929,1,2,1.0,dobj,PRON,she,2,17
delayed-neg.text.4,500,if,2,6.549171303929439,2,3,1.0,mark,SCONJ,if,2,18
delayed-neg.text.4,501,she,3,6.572044028989929,1,3,1.0,nsubj,PRON,she,2,19
delayed-neg.text.4,502,wanted,6,6.440780033374006,4,2,2.0,ccomp,VERB,want,2,20
delayed-neg.text.4,503,to,2,7.355601686871925,1,4,0.3,aux,PART,to,2,21
delayed-neg.text.4,504,take,4,6.276700715304874,2,3,1.0,xcomp,VERB,take,2,22
delayed-neg.text.4,505,a,1,7.3099551280128585,1,5,0.3,det,DET,a,2,23
delayed-neg.text.4,506,chance,6,5.382449319798916,2,4,2.0,dobj,NOUN,chance,2,24
delayed-neg.text.4,507,on,2,6.842342715684627,1,5,0.8,prep,ADP,on,2,25
delayed-neg.text.4,508,him.,3,6.882934163885178,1,6,0.5,pobj,PRON,he,2,26
delayed-neg.text.4,509,Sarah's,6,4.634880140766526,2,2,1.0,poss,PROPN,Sarah,3,0
delayed-neg.text.4,510,heart,5,5.387710089398605,1,1,1.0,nsubj,NOUN,heart,3,2
delayed-neg.text.4,511,skipped,7,4.324282455297693,0,0,0.0,ROOT,VERB,skip,3,3
delayed-neg.text.4,512,a,1,7.3099551280128585,1,2,0.3,det,DET,a,3,4
delayed-neg.text.4,513,beat,4,5.119552797667117,2,1,2.0,dobj,NOUN,beat,3,5
delayed-neg.text.4,514,as,2,6.345769610954118,2,2,1.0,mark,SCONJ,as,3,6
delayed-neg.text.4,515,she,3,6.572044028989929,1,2,1.0,nsubj,PRON,she,3,7
delayed-neg.text.4,516,looked,6,6.289426173081608,5,1,2.5,advcl,VERB,look,3,8
delayed-neg.text.4,517,into,4,5.926645935044691,1,2,0.8,prep,ADP,into,3,9
delayed-neg.text.4,518,his,3,6.327313969806467,1,4,0.5,poss,PRON,his,3,10
delayed-neg.text.4,519,eyes,4,5.0483641052798855,2,3,1.0,pobj,NOUN,eye,3,11
delayed-neg.text.4,520,and,3,7.126710513400982,9,1,4.9,cc,CCONJ,and,3,12
delayed-neg.text.4,521,said,4,6.214785585123866,10,1,5.5,conj,VERB,say,3,13
delayed-neg.text.4,522,yes.,3,6.300325868105858,1,2,0.5,intj,INTJ,yes,3,14
delayed-neg.text.4,523,In,2,6.990046118048168,12,1,1.9000000000000004,punct,PUNCT,.,3,15
delayed-neg.text.4,524,that,4,7.14956733263194,1,3,0.3,det,DET,that,4,1
delayed-neg.text.4,525,"moment,",6,5.271934493817765,2,2,1.0,pobj,NOUN,moment,4,2
delayed-neg.text.4,526,Sarah,5,4.634880140766526,2,1,0.2,punct,PUNCT,",",4,3
delayed-neg.text.4,527,knew,4,6.757485611771434,0,0,0.0,ROOT,VERB,know,4,5
delayed-neg.text.4,528,that,4,7.14956733263194,3,2,1.5,mark,SCONJ,that,4,6
delayed-neg.text.4,529,she,3,6.572044028989929,2,2,2.0,nsubj,PRON,she,4,7
delayed-neg.text.4,530,had,3,6.789680109103924,1,2,0.3,aux,AUX,have,4,8
delayed-neg.text.4,531,found,5,5.919580118612771,4,1,2.0,ccomp,VERB,find,4,9
delayed-neg.text.4,532,something,9,6.1761375813299395,1,2,1.0,dobj,PRON,something,4,10
delayed-neg.text.4,533,special.,7,5.171931123355966,1,3,0.6,amod,ADJ,special,4,11
delayed-neg.text.4,534,And,3,7.126710513400982,7,1,0.9000000000000001,punct,PUNCT,.,4,12
delayed-neg.text.4,535,as,2,6.345769610954118,2,2,1.0,mark,SCONJ,as,5,1
delayed-neg.text.4,536,she,3,6.572044028989929,1,2,1.0,nsubj,PRON,she,5,2
delayed-neg.text.4,537,walked,6,5.334172172724605,12,1,6.7,advcl,VERB,walk,5,3
delayed-neg.text.4,538,out,3,6.587184330308805,1,2,0.8,prep,ADP,out,5,4
delayed-neg.text.4,539,of,2,7.063605036452092,1,3,0.8,prep,ADP,of,5,5
delayed-neg.text.4,540,the,3,7.469073206544746,1,5,0.3,det,DET,the,5,6
delayed-neg.text.4,541,airport,7,4.580240508265376,2,4,1.0,pobj,NOUN,airport,5,7
delayed-neg.text.4,542,with,4,6.703147736191453,1,5,0.8,prep,ADP,with,5,8
delayed-neg.text.4,543,Alex,4,4.62,1,6,0.5,pobj,PROPN,Alex,5,9
delayed-neg.text.4,544,by,2,6.127257098825985,7,2,5.800000000000001,prep,ADP,by,5,10
delayed-neg.text.4,545,her,3,6.452678661106354,1,4,0.5,poss,PRON,her,5,11
delayed-neg.text.4,546,"side,",4,5.303023169487512,2,3,1.0,pobj,NOUN,side,5,12
delayed-neg.text.4,547,she,3,6.572044028989929,2,1,0.2,punct,PUNCT,",",5,13
delayed-neg.text.4,548,knew,4,6.757485611771434,0,0,0.0,ROOT,VERB,know,5,15
delayed-neg.text.4,549,that,4,7.14956733263194,2,2,1.0,mark,SCONJ,that,5,16
delayed-neg.text.4,550,she,3,6.572044028989929,1,2,1.0,nsubj,PRON,she,5,17
delayed-neg.text.4,551,was,3,6.7594230602184195,3,1,1.5,ccomp,AUX,be,5,18
delayed-neg.text.4,552,exactly,7,5.3930484664167775,1,5,0.6,advmod,ADV,exactly,5,19
delayed-neg.text.4,553,where,5,6.262503296857943,5,4,3.0,advmod,SCONJ,where,5,20
delayed-neg.text.4,554,she,3,6.572044028989929,2,3,1.0,nsubjpass,PRON,she,5,21
delayed-neg.text.4,555,was,3,6.7594230602184195,1,3,0.5,auxpass,AUX,be,5,22
delayed-neg.text.4,556,meant,5,6.094813398072274,5,2,2.5,ccomp,VERB,mean,5,23
delayed-neg.text.4,557,to,2,7.355601686871925,1,4,0.3,aux,PART,to,5,24
delayed-neg.text.4,558,be.,2,6.7594230602184195,2,3,1.0,xcomp,AUX,be,5,25
delayed-pos.text.0,0,Delayed,7,4.042181594515766,1,1,0.6,amod,VERB,delay,0,0
delayed-pos.text.0,1,Flight,6,4.775901578891674,0,0,0.0,ROOT,PROPN,Flight,0,1
delayed-pos.text.0,2,The,3,7.469073206544746,1,3,0.3,det,DET,the,0,2
delayed-pos.text.0,3,storm,5,4.489395921727129,1,2,1.0,nsubj,NOUN,storm,0,3
delayed-pos.text.0,4,raged,5,4.053462604925455,3,1,1.5,relcl,VERB,rage,0,4
delayed-pos.text.0,5,"outside,",7,5.230500011841471,1,2,0.6,advmod,ADV,outside,0,5
delayed-pos.text.0,6,its,3,5.234795588220642,2,2,0.2,punct,PUNCT,",",0,6
delayed-pos.text.0,7,fury,4,3.5820633629117085,1,3,1.0,nsubj,NOUN,fury,0,8
delayed-pos.text.0,8,unrelenting,11,2.653212513775344,5,2,2.5,advcl,ADJ,unrelenting,0,9
delayed-pos.text.0,9,as,2,6.345769610954118,6,4,3.1,mark,SCONJ,as,0,10
delayed-pos.text.0,10,the,3,7.469073206544746,1,6,0.3,det,DET,the,0,11
delayed-pos.text.0,11,airport's,8,4.580240508265376,3,5,1.5,poss,NOUN,airport,0,12
delayed-pos.text.0,12,fluorescent,11,2.7708520116421442,1,5,0.5,compound,NOUN,fluorescent,0,14
delayed-pos.text.0,13,lights,6,5.218010042984363,1,4,1.0,nsubj,NOUN,light,0,15
delayed-pos.text.0,14,flickered,9,2.838849090737255,7,3,3.7,advcl,VERB,flicker,0,16
delayed-pos.text.0,15,ominously.,9,1.3010299956639815,1,4,0.6,advmod,ADV,ominously,0,17
delayed-pos.text.0,16,Rachel,6,4.15,14,2,2.3000000000000003,punct,PUNCT,.,0,18
delayed-pos.text.0,17,huddled,7,3.338456493604605,0,0,0.0,ROOT,VERB,huddle,1,1
delayed-pos.text.0,18,under,5,5.418168662067866,1,1,0.8,prep,ADP,under,1,2
delayed-pos.text.0,19,a,1,7.3099551280128585,2,3,0.6,det,DET,a,1,3
delayed-pos.text.0,20,dripping,8,3.5276299008713385,1,3,0.6,amod,ADJ,dripping,1,4
delayed-pos.text.0,21,"umbrella,",8,3.8744818176994666,3,2,1.5,pobj,NOUN,umbrella,1,5
delayed-pos.text.0,22,scanning,8,3.367355921026019,5,1,0.5,punct,PUNCT,",",1,6
delayed-pos.text.0,23,the,3,7.469073206544746,2,3,0.6,det,DET,the,1,8
delayed-pos.text.0,24,departures,10,3.7315887651867388,1,3,0.5,compound,NOUN,departure,1,9
delayed-pos.text.0,25,board,5,4.807264355276107,3,2,3.0,dobj,NOUN,board,1,10
delayed-pos.text.0,26,with,4,6.703147736191453,1,3,0.8,prep,ADP,with,1,11
delayed-pos.text.0,27,growing,7,4.774443968924965,1,5,0.6,amod,VERB,grow,1,12
delayed-pos.text.0,28,desperation.,11,3.4800069429571505,2,4,1.0,pobj,NOUN,desperation,1,13
delayed-pos.text.0,29,Another,7,5.706905452560297,13,1,2.1,punct,PUNCT,.,1,14
delayed-pos.text.0,30,"delay,",5,4.042181594515766,0,0,0.0,ROOT,NOUN,delay,2,1
delayed-pos.text.0,31,another,7,5.706905452560297,1,1,0.1,punct,PUNCT,",",2,2
delayed-pos.text.0,32,missed,6,5.669920938681443,1,2,0.6,amod,VERB,miss,2,4
delayed-pos.text.0,33,"connection,",10,4.434249452396475,4,1,2.0,appos,NOUN,connection,2,5
delayed-pos.text.0,34,another,7,5.706905452560297,1,2,0.1,punct,PUNCT,",",2,6
delayed-pos.text.0,35,missed,6,5.669920938681443,1,3,0.6,amod,VERB,miss,2,8
delayed-pos.text.0,36,opportunity.,11,4.6127838567197355,4,2,2.0,conj,NOUN,opportunity,2,9
delayed-pos.text.0,37,Across,6,4.97377419397058,9,1,1.3,punct,PUNCT,.,2,10
delayed-pos.text.0,38,the,3,7.469073206544746,1,3,0.3,det,DET,the,3,1
delayed-pos.text.0,39,"terminal,",8,3.8836614351536176,2,2,1.0,pobj,NOUN,terminal,3,2
delayed-pos.text.0,40,Jack,4,5.400693375123279,2,1,0.2,punct,PUNCT,",",3,3
delayed-pos.text.0,41,slumped,7,3.0791812460476247,0,0,0.0,ROOT,VERB,slump,3,5
delayed-pos.text.0,42,against,7,5.304770488523259,1,1,0.8,prep,ADP,against,3,6
delayed-pos.text.0,43,a,1,7.3099551280128585,1,3,0.3,det,DET,a,3,7
delayed-pos.text.0,44,"pillar,",6,3.2013971243204513,2,2,1.0,pobj,NOUN,pillar,3,8
delayed-pos.text.0,45,nursing,7,3.8014037100173548,4,1,0.4,punct,PUNCT,",",3,9
delayed-pos.text.0,46,a,1,7.3099551280128585,2,3,0.6,det,DET,a,3,11
delayed-pos.text.0,47,lukewarm,8,2.6720978579357175,1,3,0.6,amod,ADJ,lukewarm,3,12
delayed-pos.text.0,48,coffee.,6,5.159958002678518,3,2,3.0,dobj,NOUN,coffee,3,13
delayed-pos.text.0,49,His,3,6.327313969806467,9,1,1.3,punct,PUNCT,.,3,14
delayed-pos.text.0,50,phone,5,5.430929252384969,1,1,1.0,nsubj,NOUN,phone,4,1
delayed-pos.text.0,51,buzzed,6,4.203032887014711,0,0,0.0,ROOT,VERB,buzz,4,2
delayed-pos.text.0,52,"incessantly,",11,2.6334684555795866,1,1,0.6,advmod,ADV,incessantly,4,3
delayed-pos.text.0,53,a,1,7.3099551280128585,2,1,0.2,punct,PUNCT,",",4,4
delayed-pos.text.0,54,constant,8,3.9965116721541785,1,2,0.6,amod,ADJ,constant,4,6
delayed-pos.text.0,55,reminder,8,3.575187844927661,5,1,5.0,dobj,NOUN,reminder,4,7
delayed-pos.text.0,56,of,2,7.063605036452092,1,2,0.8,prep,ADP,of,4,8
delayed-pos.text.0,57,his,3,6.327313969806467,3,4,1.5,poss,PRON,his,4,9
delayed-pos.text.0,58,impending,9,3.03342375548695,2,4,1.2,amod,ADJ,impending,4,10
delayed-pos.text.0,59,flight,6,4.775901578891674,1,4,0.5,compound,NOUN,flight,4,11
delayed-pos.text.0,60,cancellation.,12,3.103803720955957,4,3,2.0,pobj,NOUN,cancellation,4,12
delayed-pos.text.0,61,Frustration,11,3.4742162640762553,11,1,1.7000000000000002,punct,PUNCT,.,4,13
delayed-pos.text.0,62,simmered,8,3.2329961103921536,0,0,0.0,ROOT,VERB,simmer,5,1
delayed-pos.text.0,63,just,4,6.67661497234708,1,2,0.6,advmod,ADV,just,5,2
delayed-pos.text.0,64,below,5,4.4477780092946215,2,1,1.6,prep,ADP,below,5,3
delayed-pos.text.0,65,the,3,7.469073206544746,1,3,0.3,det,DET,the,5,4
delayed-pos.text.0,66,"surface,",7,4.261024833992398,2,2,1.0,pobj,NOUN,surface,5,5
delayed-pos.text.0,67,threatening,11,4.0700378666077555,5,1,0.5,punct,PUNCT,",",5,6
delayed-pos.text.0,68,to,2,7.355601686871925,1,3,0.3,aux,PART,to,5,8
delayed-pos.text.0,69,boil,4,3.7737864449811935,2,2,1.0,xcomp,VERB,boil,5,9
delayed-pos.text.0,70,over.,4,6.12165503058072,1,3,0.5,prt,ADP,over,5,10
delayed-neg.difficulty,0,How,3,6.485184613433453,1,2,0.6,advmod,SCONJ,how,0,0
delayed-neg.difficulty,1,difficult,9,4.779307827583586,1,1,0.5,acomp,ADJ,difficult,0,1
delayed-neg.difficulty,2,was,3,6.7594230602184195,0,0,0.0,ROOT,AUX,be,0,2
delayed-neg.difficulty,3,this,4,6.9019337688086235,1,2,0.3,det,DET,this,0,3
delayed-neg.difficulty,4,text,4,3.7193312869837265,2,1,2.0,nsubj,NOUN,text,0,4
delayed-neg.difficulty,5,for,3,6.838540569153386,3,2,1.5,mark,SCONJ,for,0,5
delayed-neg.difficulty,6,you,3,7.621769343182391,2,2,2.0,nsubj,PRON,you,0,6
delayed-neg.difficulty,7,to,2,7.355601686871925,1,2,0.3,aux,PART,to,0,7
delayed-neg.difficulty,8,read,4,5.382413313126266,6,1,3.1,advcl,VERB,read,0,8
delayed-neg.difficulty,9,and,3,7.126710513400982,1,2,0.5,cc,CCONJ,and,0,9
delayed-neg.difficulty,10,understand?,10,5.683452310738281,2,2,1.0,conj,VERB,understand,0,10
delayed-neg.difficulty,11,4,0,5.78,9,1,1.3,punct,PUNCT,?,0,11
delayed-neg.difficulty,12,–,0,,1,2,0.1,punct,PUNCT,–,1,1
delayed-neg.difficulty,13,very,4,6.093859261503438,1,2,0.6,advmod,ADV,very,1,2
delayed-neg.difficulty,14,difficult,9,4.779307827583586,9,1,5.8,amod,ADJ,difficult,1,3
delayed-neg.difficulty,15,3,0,5.91,8,1,4.3,nummod,NUM,3,1,4
delayed-neg.difficulty,16,–,0,,1,2,0.1,punct,PUNCT,–,1,5
delayed-neg.difficulty,17,rather,6,5.057742155828753,1,4,0.6,advmod,ADV,rather,1,6
delayed-neg.difficulty,18,difficult,9,4.779307827583586,1,3,0.6,amod,ADJ,difficult,1,7
delayed-neg.difficulty,19,2,0,6.0,4,2,2.0,appos,NUM,2,1,8
delayed-neg.difficulty,20,–,0,,1,3,0.1,punct,PUNCT,–,1,9
delayed-neg.difficulty,21,rather,6,5.057742155828753,1,4,0.6,advmod,ADV,rather,1,10
delayed-neg.difficulty,22,easy,4,5.42440789939746,3,3,1.7999999999999998,amod,ADJ,easy,1,11
delayed-neg.difficulty,23,1,0,6.0,0,0,0.0,ROOT,NUM,1,1,12
delayed-neg.difficulty,24,–,0,,1,1,0.1,punct,PUNCT,–,1,13
delayed-neg.difficulty,25,very,4,6.093859261503438,1,2,0.6,advmod,ADV,very,1,14
delayed-neg.difficulty,26,easy,4,5.42440789939746,3,1,1.7999999999999998,amod,ADJ,easy,1,15
goldfish-zero.text.3,378,"surface,",7,4.261024833992398,7,1,7.2,nsubj,PROPN,surface,0,0
goldfish-zero.text.3,379,and,3,7.126710513400982,1,2,0.1,punct,PUNCT,",",0,1
goldfish-zero.text.3,380,a,1,7.3099551280128585,2,2,0.6,det,DET,a,0,3
goldfish-zero.text.3,381,plane,5,4.980139777745754,1,2,0.5,compound,NOUN,plane,0,4
goldfish-zero.text.3,382,ticket,6,4.658679028582449,2,1,2.0,nsubj,NOUN,ticket,0,5
goldfish-zero.text.3,383,would,5,6.247452782675624,1,1,0.3,aux,AUX,would,0,6
goldfish-zero.text.3,384,materialize,11,2.690196080028514,0,0,0.0,ROOT,VERB,materialize,0,7
goldfish-zero.text.3,385,in,2,6.990046118048168,1,1,0.8,prep,ADP,in,0,8
goldfish-zero.text.3,386,front,5,5.258996253248911,1,2,0.5,pobj,NOUN,front,0,9
goldfish-zero.text.3,387,of,2,7.063605036452092,1,3,0.8,prep,ADP,of,0,10
goldfish-zero.text.3,388,her.,3,6.572044028989929,1,4,0.5,pobj,PRON,she,0,11
goldfish-zero.text.3,389,As,2,6.345769610954118,5,1,0.5,punct,PUNCT,.,0,12
goldfish-zero.text.3,390,Emma's,5,4.196176185039973,2,3,1.0,poss,PROPN,Emma,1,1
goldfish-zero.text.3,391,wishes,6,5.371289573064556,1,2,1.0,nsubj,NOUN,wish,1,3
goldfish-zero.text.3,392,became,6,5.06284511327705,7,1,3.7,advcl,VERB,become,1,4
goldfish-zero.text.3,393,more,4,6.113472054195492,3,3,1.7999999999999998,advmod,ADV,more,1,5
goldfish-zero.text.3,394,and,3,7.126710513400982,1,4,0.5,cc,CCONJ,and,1,6
goldfish-zero.text.3,395,more,4,6.113472054195492,2,4,1.0,conj,ADV,more,1,7
goldfish-zero.text.3,396,"outlandish,",10,2.5185139398778875,4,2,2.0,acomp,ADJ,outlandish,1,8
goldfish-zero.text.3,397,she,3,6.572044028989929,2,1,0.2,punct,PUNCT,",",1,9
goldfish-zero.text.3,398,began,5,4.7557224449034585,0,0,0.0,ROOT,VERB,begin,1,11
goldfish-zero.text.3,399,to,2,7.355601686871925,1,2,0.3,aux,PART,to,1,12
goldfish-zero.text.3,400,realize,7,4.897956810006952,2,1,1.0,xcomp,VERB,realize,1,13
goldfish-zero.text.3,401,that,4,7.14956733263194,4,3,2.0,mark,SCONJ,that,1,14
goldfish-zero.text.3,402,Finley's,7,3.06,2,4,1.0,poss,PROPN,Finley,1,15
goldfish-zero.text.3,403,magic,5,4.721728198572788,1,3,1.0,nsubj,NOUN,magic,1,17
goldfish-zero.text.3,404,came,4,6.497065171063486,5,2,2.5,ccomp,VERB,come,1,18
goldfish-zero.text.3,405,with,4,6.703147736191453,1,3,0.8,prep,ADP,with,1,19
goldfish-zero.text.3,406,a,1,7.3099551280128585,1,5,0.3,det,DET,a,1,20
goldfish-zero.text.3,407,price.,5,4.727297202803587,2,4,1.0,pobj,NOUN,price,1,21
goldfish-zero.text.3,408,Every,5,5.739698896350719,11,1,1.7000000000000002,punct,PUNCT,.,1,22
goldfish-zero.text.3,409,time,4,6.29195240223515,7,1,3.7,npadvmod,NOUN,time,2,1
goldfish-zero.text.3,410,she,3,6.572044028989929,1,3,1.0,nsubj,PRON,she,2,2
goldfish-zero.text.3,411,made,4,6.142311236003898,2,2,1.0,relcl,VERB,make,2,3
goldfish-zero.text.3,412,a,1,7.3099551280128585,1,4,0.3,det,DET,a,2,4
goldfish-zero.text.3,413,"wish,",4,5.371289573064556,2,3,2.0,dobj,NOUN,wish,2,5
goldfish-zero.text.3,414,she,3,6.572044028989929,2,1,0.2,punct,PUNCT,",",2,6
goldfish-zero.text.3,415,felt,4,5.797433746145375,0,0,0.0,ROOT,VERB,feel,2,8
goldfish-zero.text.3,416,a,1,7.3099551280128585,2,3,0.6,det,DET,a,2,9
goldfish-zero.text.3,417,little,6,6.160285410531847,1,3,0.6,amod,ADJ,little,2,10
goldfish-zero.text.3,418,bit,3,5.371141778446181,3,2,3.0,nsubj,NOUN,bit,2,11
goldfish-zero.text.3,419,of,2,7.063605036452092,1,3,0.8,prep,ADP,of,2,12
goldfish-zero.text.3,420,herself,7,4.719745492529577,1,4,0.5,pobj,PRON,herself,2,13
goldfish-zero.text.3,421,slipping,8,4.412964271996662,6,1,3.1,ccomp,VERB,slip,2,14
goldfish-zero.text.3,422,away.,4,5.863857961883973,1,2,0.6,advmod,ADV,away,2,15
goldfish-zero.text.3,423,She,3,6.572044028989929,8,1,1.1,punct,PUNCT,.,2,16
goldfish-zero.text.3,424,felt,4,5.797433746145375,0,0,0.0,ROOT,VERB,feel,3,1
goldfish-zero.text.3,425,like,4,6.601947060080969,3,2,1.5,mark,SCONJ,like,3,2
goldfish-zero.text.3,426,she,3,6.572044028989929,2,2,2.0,nsubj,PRON,she,3,3
goldfish-zero.text.3,427,was,3,6.7594230602184195,1,2,0.3,aux,AUX,be,3,4
goldfish-zero.text.3,428,losing,6,5.215769708417643,4,1,2.0,advcl,VERB,lose,3,5
goldfish-zero.text.3,429,"control,",7,5.116042926849206,1,2,1.0,dobj,NOUN,control,3,6
goldfish-zero.text.3,430,like,4,6.601947060080969,2,2,0.2,punct,PUNCT,",",3,7
goldfish-zero.text.3,431,she,3,6.572044028989929,1,3,1.0,nsubj,PRON,she,3,9
goldfish-zero.text.3,432,was,3,6.7594230602184195,5,2,2.5,advcl,AUX,be,3,10
goldfish-zero.text.3,433,no,2,6.7760870730181075,1,4,0.5,neg,ADV,no,3,11
goldfish-zero.text.3,434,longer,6,5.829406704509388,2,3,1.2,advmod,ADV,long,3,12
goldfish-zero.text.3,435,in,2,6.990046118048168,3,3,2.4000000000000004,prep,ADP,in,3,13
goldfish-zero.text.3,436,charge,6,4.951288937277672,1,4,0.5,pobj,NOUN,charge,3,14
goldfish-zero.text.3,437,of,2,7.063605036452092,1,5,0.8,prep,ADP,of,3,15
goldfish-zero.text.3,438,her,3,6.452678661106354,2,7,1.0,poss,PRON,her,3,16
goldfish-zero.text.3,439,own,3,5.6620018793899165,1,7,0.6,amod,ADJ,own,3,17
goldfish-zero.text.3,440,life.,4,5.901267560474818,3,6,1.5,pobj,NOUN,life,3,18
goldfish-zero.text.3,441,One,3,6.48745513929058,18,1,3.1,punct,PUNCT,.,3,19
goldfish-zero.text.3,442,"day,",3,5.904076884767221,3,1,1.5,npadvmod,NOUN,day,4,1
goldfish-zero.text.3,443,Emma,4,4.196176185039973,2,1,0.2,punct,PUNCT,",",4,2
goldfish-zero.text.3,444,made,4,6.142311236003898,0,0,0.0,ROOT,VERB,make,4,4
goldfish-zero.text.3,445,one,3,6.48745513929058,2,2,1.0,nummod,NUM,one,4,5
goldfish-zero.text.3,446,final,5,4.696094159995223,1,2,0.6,amod,ADJ,final,4,6
goldfish-zero.text.3,447,wish.,4,5.371289573064556,3,1,3.0,dobj,NOUN,wish,4,7
goldfish-zero.text.3,448,"""Finley,",6,3.06,15,2,2.5,punct,PUNCT,"""",5,0
goldfish-zero.text.3,449,I,1,7.6017467520701825,2,3,0.2,punct,PUNCT,",",5,2
goldfish-zero.text.3,450,wish,4,5.371289573064556,11,2,6.1,ccomp,VERB,wish,5,4
goldfish-zero.text.3,451,for,3,6.838540569153386,3,4,1.5,mark,SCONJ,for,5,5
goldfish-zero.text.3,452,you,3,7.621769343182391,2,4,2.0,nsubj,PRON,you,5,6
goldfish-zero.text.3,453,to,2,7.355601686871925,1,4,0.3,aux,PART,to,5,7
goldfish-zero.text.3,454,stay,4,5.7123550220857044,4,3,2.0,advcl,VERB,stay,5,8
goldfish-zero.text.3,455,with,4,6.703147736191453,1,4,0.8,prep,ADP,with,5,9
goldfish-zero.text.3,456,me,2,7.6017467520701825,1,5,0.5,pobj,PRON,I,5,10
goldfish-zero.text.3,457,"forever,""",7,4.9484129657786005,3,4,1.7999999999999998,advmod,ADV,forever,5,11
goldfish-zero.text.3,458,she,3,6.572044028989929,2,2,0.2,punct,PUNCT,"""",5,13
goldfish-zero.text.3,459,"said,",4,6.214785585123866,3,1,1.5,parataxis,VERB,say,5,15
goldfish-zero.text.3,460,tears,5,4.349277527467955,1,2,0.1,punct,PUNCT,",",5,16
goldfish-zero.text.3,461,streaming,9,3.905256048748451,0,0,0.0,ROOT,VERB,stream,5,18
goldfish-zero.text.3,462,down,4,6.173264958940605,1,1,0.5,prt,ADP,down,5,19
goldfish-zero.text.3,463,her,3,6.452678661106354,1,2,0.5,poss,PRON,her,5,20
goldfish-zero.text.3,464,face.,4,5.461138216074931,3,1,3.0,dobj,NOUN,face,5,21
goldfish-zero.text.3,465,"""I",1,7.6017467520701825,4,1,0.4,punct,PUNCT,"""",6,0
goldfish-zero.text.3,466,don't,4,6.787856330946344,2,1,0.6,aux,AUX,do,6,2
goldfish-zero.text.3,467,want,4,6.440780033374006,0,0,0.0,ROOT,VERB,want,6,4
goldfish-zero.text.3,468,to,2,7.355601686871925,1,2,0.3,aux,PART,to,6,5
goldfish-zero.text.3,469,lose,4,5.215769708417643,2,1,1.0,xcomp,VERB,lose,6,6
goldfish-zero.text.3,470,you,3,7.621769343182391,1,2,1.0,dobj,PRON,you,6,7
goldfish-zero.text.3,471,"again.""",5,5.899114336832765,2,2,1.2,advmod,ADV,again,6,8
goldfish-zero.text.3,472,Finley,6,3.06,6,1,0.7000000000000001,punct,PUNCT,"""",6,10
goldfish-zero.text.3,473,swam,4,3.3820170425748683,0,0,0.0,ROOT,VERB,swam,7,1
goldfish-zero.text.3,474,up,2,6.564666064252089,1,1,0.5,prt,ADP,up,7,2
goldfish-zero.text.3,475,to,2,7.355601686871925,2,1,1.6,prep,ADP,to,7,3
goldfish-zero.text.3,476,the,3,7.469073206544746,1,3,0.3,det,DET,the,7,4
goldfish-zero.text.3,477,surface,7,4.261024833992398,2,2,1.0,pobj,NOUN,surface,7,5
goldfish-zero.text.3,478,of,2,7.063605036452092,1,3,0.8,prep,ADP,of,7,6
goldfish-zero.text.3,479,the,3,7.469073206544746,1,5,0.3,det,DET,the,7,7
goldfish-zero.text.3,480,"water,",5,5.352298314534366,2,4,1.0,pobj,NOUN,water,7,8
goldfish-zero.text.3,481,and,3,7.126710513400982,8,1,1.1,punct,PUNCT,",",7,9
goldfish-zero.text.3,482,Emma,4,4.196176185039973,1,2,1.0,nsubj,PROPN,Emma,7,11
goldfish-zero.text.3,483,felt,4,5.797433746145375,11,1,6.1,conj,VERB,feel,7,12
goldfish-zero.text.3,484,a,1,7.3099551280128585,3,3,0.8999999999999999,det,DET,a,7,13
goldfish-zero.text.3,485,strange,7,4.936664513000075,2,3,1.2,amod,ADJ,strange,7,14
goldfish-zero.text.3,486,sensation,9,3.6884198220027105,1,3,0.5,compound,NOUN,sensation,7,15
goldfish-zero.text.3,487,wash,4,4.609914410085997,4,2,4.0,dobj,NOUN,wash,7,16
goldfish-zero.text.3,488,over,4,6.12165503058072,1,3,0.8,prep,ADP,over,7,17
goldfish-zero.text.3,489,her.,3,6.572044028989929,1,4,0.5,pobj,PRON,she,7,18
goldfish-zero.text.3,490,When,4,6.308372299806312,7,2,0.9000000000000001,punct,PUNCT,.,7,19
goldfish-zero.text.3,491,she,3,6.572044028989929,1,2,1.0,nsubj,PRON,she,8,1
goldfish-zero.text.3,492,opened,6,5.505706061959787,7,1,3.7,advcl,VERB,open,8,2
goldfish-zero.text.3,493,her,3,6.452678661106354,1,3,0.5,poss,PRON,her,8,3
goldfish-zero.text.3,494,"eyes,",4,5.0483641052798855,2,2,2.0,dobj,NOUN,eye,8,4
goldfish-zero.text.3,495,Finley,6,3.06,4,1,0.4,punct,PUNCT,",",8,5
goldfish-zero.text.3,496,was,3,6.7594230602184195,2,1,0.6,aux,AUX,be,8,7
goldfish-zero.text.3,497,still,5,5.896928359891161,1,1,0.6,advmod,ADV,still,8,8
goldfish-zero.text.3,498,swimming,8,4.502427119984432,0,0,0.0,ROOT,VERB,swim,8,9
goldfish-zero.text.3,499,in,2,6.990046118048168,1,1,0.8,prep,ADP,in,8,10
goldfish-zero.text.3,500,his,3,6.327313969806467,1,3,0.5,poss,PRON,his,8,11
goldfish-zero.text.3,501,"tank,",4,4.408409578468429,2,2,1.0,pobj,NOUN,tank,8,12
goldfish-zero.text.3,502,but,3,6.645173608800489,4,1,0.4,punct,PUNCT,",",8,13
goldfish-zero.text.3,503,something,9,6.1761375813299395,6,1,3.1,conj,PRON,something,8,15
voicemail-zero.interest,0,How,3,6.485184613433453,1,2,0.6,advmod,SCONJ,how,0,0
voicemail-zero.interest,1,interesting,11,4.937969002951452,3,1,1.5,acomp,ADJ,interesting,0,1
voicemail-zero.interest,2,did,3,6.787856330946344,2,1,0.6,aux,AUX,do,0,2
voicemail-zero.interest,3,you,3,7.621769343182391,1,1,1.0,nsubj,PRON,you,0,3
voicemail-zero.interest,4,find,4,5.919580118612771,0,0,0.0,ROOT,VERB,find,0,4
voicemail-zero.interest,5,this,4,6.9019337688086235,1,2,0.3,det,DET,this,0,5
voicemail-zero.interest,6,text?,4,3.7193312869837265,2,1,2.0,dobj,NOUN,text,0,6
voicemail-zero.interest,7,4,0,5.78,3,1,0.30000000000000004,punct,PUNCT,?,0,7
voicemail-zero.interest,8,–,0,,1,2,0.1,punct,PUNCT,–,1,1
voicemail-zero.interest,9,very,4,6.093859261503438,1,3,0.6,advmod,ADV,very,1,2
voicemail-zero.interest,10,interesting,11,4.937969002951452,3,2,1.7999999999999998,amod,ADJ,interesting,1,3
voicemail-zero.interest,11,3,0,5.91,1,3,0.5,nummod,NUM,3,1,4
voicemail-zero.interest,12,–,0,,5,2,0.5,punct,PUNCT,–,1,5
voicemail-zero.interest,13,rather,6,5.057742155828753,1,1,0.6,advmod,ADV,rather,1,6
voicemail-zero.interest,14,interesting,11,4.937969002951452,0,0,0.0,ROOT,ADJ,interesting,1,7
voicemail-zero.interest,15,2,0,6.0,1,1,0.5,nummod,NUM,2,1,8
voicemail-zero.interest,16,–,0,,1,2,0.1,punct,PUNCT,–,1,9
voicemail-zero.interest,17,rather,6,5.057742155828753,1,3,0.6,advmod,ADV,rather,1,10
voicemail-zero.interest,18,boring,6,4.437909035539498,3,2,1.7999999999999998,amod,ADJ,boring,1,11
voicemail-zero.interest,19,1,0,6.0,1,3,0.5,nummod,NUM,1,1,12
voicemail-zero.interest,20,–,0,,1,4,0.1,punct,PUNCT,–,1,13
voicemail-zero.interest,21,very,4,6.093859261503438,1,3,0.6,advmod,ADV,very,1,14
voicemail-zero.interest,22,boring,6,4.437909035539498,7,2,4.4,amod,ADJ,boring,1,15
voicemail-neg.naturalness,0,How,3,6.485184613433453,1,2,0.6,advmod,SCONJ,how,0,0
voicemail-neg.naturalness,1,natural,7,4.6268534146667255,3,1,1.5,acomp,ADJ,natural,0,1
voicemail-neg.naturalness,2,and,3,7.126710513400982,1,2,0.5,cc,CCONJ,and,0,2
voicemail-neg.naturalness,3,fluent,6,3.0644579892269186,2,2,1.0,conj,ADJ,fluent,0,3
voicemail-neg.naturalness,4,was,3,6.7594230602184195,0,0,0.0,ROOT,AUX,be,0,4
voicemail-neg.naturalness,5,the,3,7.469073206544746,2,2,0.6,det,DET,the,0,5
voicemail-neg.naturalness,6,writing,7,5.103119253545714,1,2,0.5,compound,VERB,write,0,6
voicemail-neg.naturalness,7,style,5,4.478277831919605,3,1,1.5,attr,NOUN,style,0,7
voicemail-neg.naturalness,8,in,2,6.990046118048168,1,2,0.8,prep,ADP,in,0,8
voicemail-neg.naturalness,9,this,4,6.9019337688086235,1,4,0.3,det,DET,this,0,9
voicemail-neg.naturalness,10,text?,4,3.7193312869837265,2,3,1.0,pobj,NOUN,text,0,10
voicemail-neg.naturalness,11,4,0,5.78,7,1,0.9000000000000001,punct,PUNCT,?,0,11
voicemail-neg.naturalness,12,–,0,,1,1,0.1,punct,PUNCT,–,1,1
voicemail-neg.naturalness,13,very,4,6.093859261503438,1,3,0.6,advmod,ADV,very,1,2
voicemail-neg.naturalness,14,natural,7,4.6268534146667255,1,2,0.6,amod,ADJ,natural,1,3
voicemail-neg.naturalness,15,3,0,5.91,4,1,2.0,appos,NUM,3,1,4
voicemail-neg.naturalness,16,–,0,,1,2,0.1,punct,PUNCT,–,1,5
voicemail-neg.naturalness,17,rather,6,5.057742155828753,1,4,0.6,advmod,ADV,rather,1,6
voicemail-neg.naturalness,18,natural,7,4.6268534146667255,1,3,0.6,amod,ADJ,natural,1,7
voicemail-neg.naturalness,19,2,0,6.0,4,2,2.0,appos,NUM,2,1,8
voicemail-neg.naturalness,20,–,0,,1,3,0.1,punct,PUNCT,–,1,9
voicemail-neg.naturalness,21,rather,6,5.057742155828753,1,3,0.6,advmod,ADV,rather,1,10
voicemail-neg.naturalness,22,unnatural,9,3.4393326938302624,1,2,0.6,amod,ADJ,unnatural,1,11
voicemail-neg.naturalness,23,1,0,6.0,12,1,6.7,appos,NUM,1,1,12
voicemail-neg.naturalness,24,–,0,,1,2,0.1,punct,PUNCT,–,1,13
voicemail-neg.naturalness,25,very,4,6.093859261503438,1,3,0.6,advmod,ADV,very,1,14
voicemail-neg.naturalness,26,unnatural,9,3.4393326938302624,3,2,1.7999999999999998,amod,ADJ,unnatural,1,15
prize-neg.question,0,What,4,6.993103217236282,1,1,1.0,nsubj,PRON,what,0,0
prize-neg.question,1,does,4,6.787856330946344,0,0,0.0,ROOT,VERB,do,0,1
prize-neg.question,2,the,3,7.469073206544746,2,2,0.6,det,DET,the,0,2
prize-neg.question,3,key,3,4.9388198250262105,1,2,0.6,amod,ADJ,key,0,3
prize-neg.question,4,symbolize,9,2.6127838567197355,3,1,3.0,nsubj,NOUN,symbolize,0,4
prize-neg.question,5,for,3,6.838540569153386,1,2,0.8,prep,ADP,for,0,5
prize-neg.question,6,Emma?,4,4.196176185039973,1,3,0.5,pobj,PROPN,Emma,0,6
prize-neg.question,7,A,1,7.3099551280128585,6,1,0.7000000000000001,punct,PUNCT,?,0,7
prize-neg.question,8,way,3,6.153732569172379,5,1,5.0,nsubj,NOUN,way,1,1
prize-neg.question,9,to,2,7.355601686871925,1,3,0.3,aux,PART,to,1,2
prize-neg.question,10,relive,6,3.2278867046136734,2,2,1.0,relcl,VERB,relive,1,3
prize-neg.question,11,her,3,6.452678661106354,1,3,1.0,dobj,PRON,her,1,4
prize-neg.question,12,past,4,5.092580300691311,1,1,0.6,amod,ADJ,past,1,5
prize-neg.question,13,failures,8,4.3014640731433,0,0,0.0,ROOT,NOUN,failure,1,6
prize-neg.question,14,A,1,7.3099551280128585,1,2,0.3,det,DET,a,1,7
prize-neg.question,15,reward,6,4.255754786643044,2,1,2.0,dobj,NOUN,reward,1,8
prize-neg.question,16,for,3,6.838540569153386,1,2,0.8,prep,ADP,for,1,9
prize-neg.question,17,her,3,6.452678661106354,2,4,1.0,poss,PRON,her,1,10
prize-neg.question,18,hard,4,5.488325050357719,1,4,0.6,amod,ADJ,hard,1,11
prize-neg.question,19,work,4,5.902013775787815,3,3,1.5,pobj,NOUN,work,1,12
prize-neg.question,20,Proof,5,4.536432175822013,7,1,7.2,dobj,PROPN,Proof,1,13
prize-neg.question,21,she,3,6.572044028989929,1,3,1.0,nsubj,PRON,she,1,14
prize-neg.question,22,is,2,6.7594230602184195,2,2,1.0,acl,AUX,be,1,15
prize-neg.question,23,better,6,6.475765589907652,1,3,0.5,acomp,ADJ,well,1,16
prize-neg.question,24,than,4,5.868526886768203,1,4,0.8,prep,ADP,than,1,17
prize-neg.question,25,others,6,5.866517719938137,1,5,0.5,pobj,NOUN,other,1,18
prize-neg.question,26,A,1,7.3099551280128585,1,2,0.3,det,DET,a,1,19
prize-neg.question,27,chance,6,5.382449319798916,14,1,14.9,dobj,NOUN,chance,1,20
prize-neg.question,28,for,3,6.838540569153386,1,2,0.8,prep,ADP,for,1,21
prize-neg.question,29,a,1,7.3099551280128585,2,4,0.6,det,DET,a,1,22
prize-neg.question,30,new,3,5.8596065782062166,1,4,0.6,amod,ADJ,new,1,23
prize-neg.question,31,beginning,9,4.8001669902013635,3,3,1.5,pobj,NOUN,beginning,1,24
prize-neg.text.3,413,yourself.,8,5.637819827944968,0,0,0.0,ROOT,PRON,yourself,0,0
prize-neg.text.3,414,Are,3,6.7167752003997006,1,1,0.1,punct,PUNCT,.,0,1
prize-neg.text.3,415,you,3,7.621769343182391,1,1,1.0,nsubj,PRON,you,1,1
prize-neg.text.3,416,ready,5,5.588607804742686,2,1,1.0,acomp,ADJ,ready,1,2
prize-neg.text.3,417,to,2,7.355601686871925,1,3,0.3,aux,PART,to,1,3
prize-neg.text.3,418,take,4,6.276700715304874,2,2,1.0,xcomp,VERB,take,1,4
prize-neg.text.3,419,the,3,7.469073206544746,1,4,0.3,det,DET,the,1,5
prize-neg.text.3,420,leap,4,3.8241258339165487,2,3,2.0,dobj,NOUN,leap,1,6
prize-neg.text.3,421,and,3,7.126710513400982,3,3,1.5,cc,CCONJ,and,1,7
prize-neg.text.3,422,see,3,6.407684867368763,4,3,2.0,conj,VERB,see,1,8
prize-neg.text.3,423,where,5,6.262503296857943,2,5,1.2,advmod,SCONJ,where,1,9
prize-neg.text.3,424,it,2,7.276377005067547,1,5,1.0,nsubj,PRON,it,1,10
prize-neg.text.3,425,takes,5,6.276700715304874,3,4,1.5,ccomp,VERB,take,1,11
prize-neg.text.3,426,"you?""",3,7.621769343182391,1,5,1.0,dobj,PRON,you,1,12
prize-neg.text.3,427,As,2,6.345769610954118,14,1,2.3000000000000003,punct,PUNCT,"""",1,14
prize-neg.text.3,428,Emma,4,4.196176185039973,1,2,1.0,nsubj,PROPN,Emma,2,1
prize-neg.text.3,429,looked,6,6.289426173081608,6,1,3.1,advcl,VERB,look,2,2
prize-neg.text.3,430,at,2,6.507464560676047,1,2,0.8,prep,ADP,at,2,3
prize-neg.text.3,431,the,3,7.469073206544746,1,4,0.3,det,DET,the,2,4
prize-neg.text.3,432,"package,",7,4.357553719743081,2,3,1.0,pobj,NOUN,package,2,5
prize-neg.text.3,433,she,3,6.572044028989929,2,1,0.2,punct,PUNCT,",",2,6
prize-neg.text.3,434,saw,3,6.407684867368763,0,0,0.0,ROOT,VERB,see,2,8
prize-neg.text.3,435,that,4,7.14956733263194,2,2,1.0,mark,SCONJ,that,2,9
prize-neg.text.3,436,it,2,7.276377005067547,1,2,1.0,nsubj,PRON,it,2,10
prize-neg.text.3,437,was,3,6.7594230602184195,3,1,1.5,ccomp,AUX,be,2,11
prize-neg.text.3,438,a,1,7.3099551280128585,2,3,0.6,det,DET,a,2,12
prize-neg.text.3,439,small,5,5.096771016533225,1,3,0.6,amod,ADJ,small,2,13
prize-neg.text.3,440,key.,3,4.9388198250262105,3,2,1.5,attr,NOUN,key,2,14
prize-neg.text.3,441,A,1,7.3099551280128585,7,1,0.9000000000000001,punct,PUNCT,.,2,15
prize-neg.text.3,442,key,3,4.9388198250262105,0,0,0.0,ROOT,NOUN,key,3,1
prize-neg.text.3,443,to,2,7.355601686871925,1,1,0.8,prep,ADP,to,3,2
prize-neg.text.3,444,a,1,7.3099551280128585,1,3,0.3,det,DET,a,3,3
prize-neg.text.3,445,door,4,5.465472080873497,2,2,1.0,pobj,NOUN,door,3,4
prize-neg.text.3,446,she,3,6.572044028989929,3,4,3.0,nsubj,PRON,she,3,5
prize-neg.text.3,447,had,3,6.789680109103924,2,4,0.6,aux,AUX,have,3,6
prize-neg.text.3,448,never,5,6.134352448068437,1,4,0.5,neg,ADV,never,3,7
prize-neg.text.3,449,seen,4,6.407684867368763,4,3,2.0,relcl,VERB,see,3,8
prize-neg.text.3,450,"before,",6,5.899897071530102,1,4,0.6,advmod,ADV,before,3,9
prize-neg.text.3,451,a,1,7.3099551280128585,9,1,1.3,punct,PUNCT,",",3,10
prize-neg.text.3,452,door,4,5.465472080873497,11,1,6.1,appos,NOUN,door,3,12
prize-neg.text.3,453,that,4,7.14956733263194,1,3,1.0,nsubj,PRON,that,3,13
prize-neg.text.3,454,seemed,6,5.1455692977929886,2,2,1.0,relcl,VERB,seem,3,14
prize-neg.text.3,455,to,2,7.355601686871925,1,4,0.3,aux,PART,to,3,15
prize-neg.text.3,456,lead,4,4.920384242178358,2,3,1.0,xcomp,VERB,lead,3,16
prize-neg.text.3,457,to,2,7.355601686871925,1,4,0.8,prep,ADP,to,3,17
prize-neg.text.3,458,a,1,7.3099551280128585,3,6,0.8999999999999999,det,DET,a,3,18
prize-neg.text.3,459,whole,5,5.58601311649554,2,6,1.2,amod,ADJ,whole,3,19
prize-neg.text.3,460,new,3,5.8596065782062166,1,6,0.6,amod,ADJ,new,3,20
prize-neg.text.3,461,world.,5,5.658221334447711,4,5,2.0,pobj,NOUN,world,3,21
prize-neg.text.3,462,And,3,7.126710513400982,21,1,3.7,punct,PUNCT,.,3,22
prize-neg.text.3,463,as,2,6.345769610954118,2,2,1.0,mark,SCONJ,as,4,1
prize-neg.text.3,464,she,3,6.572044028989929,1,2,1.0,nsubj,PRON,she,4,2
prize-neg.text.3,465,looked,6,6.289426173081608,7,1,3.7,advcl,VERB,look,4,3
prize-neg.text.3,466,up,2,6.564666064252089,1,2,0.5,prt,ADP,up,4,4
prize-neg.text.3,467,at,2,6.507464560676047,2,2,1.6,prep,ADP,at,4,5
prize-neg.text.3,468,the,3,7.469073206544746,1,4,0.3,det,DET,the,4,6
prize-neg.text.3,469,"woman,",5,5.63811969986024,2,3,1.0,pobj,NOUN,woman,4,7
prize-neg.text.3,470,she,3,6.572044028989929,2,1,0.2,punct,PUNCT,",",4,8
prize-neg.text.3,471,knew,4,6.757485611771434,0,0,0.0,ROOT,VERB,know,4,10
prize-neg.text.3,472,that,4,7.14956733263194,2,2,1.0,mark,SCONJ,that,4,11
prize-neg.text.3,473,she,3,6.572044028989929,1,2,1.0,nsubj,PRON,she,4,12
prize-neg.text.3,474,had,3,6.789680109103924,3,1,1.5,ccomp,VERB,have,4,13
prize-neg.text.3,475,a,1,7.3099551280128585,1,3,0.3,det,DET,a,4,14
prize-neg.text.3,476,choice,6,4.9892272737305365,2,2,2.0,dobj,NOUN,choice,4,15
prize-neg.text.3,477,to,2,7.355601686871925,1,4,0.3,aux,PART,to,4,16
prize-neg.text.3,478,make.,4,6.142311236003898,2,3,1.0,relcl,VERB,make,4,17
prize-neg.text.3,479,She,3,6.572044028989929,8,1,1.1,punct,PUNCT,.,4,18
prize-neg.text.3,480,could,5,6.212078350946609,1,1,0.3,aux,AUX,could,5,1
prize-neg.text.3,481,take,4,6.276700715304874,0,0,0.0,ROOT,VERB,take,5,2
prize-neg.text.3,482,the,3,7.469073206544746,1,2,0.3,det,DET,the,5,3
prize-neg.text.3,483,key,3,4.9388198250262105,2,1,2.0,dobj,NOUN,key,5,4
prize-neg.text.3,484,and,3,7.126710513400982,3,1,1.5,cc,CCONJ,and,5,5
prize-neg.text.3,485,see,3,6.407684867368763,4,1,2.0,conj,VERB,see,5,6
prize-neg.text.3,486,where,5,6.262503296857943,2,3,1.2,advmod,SCONJ,where,5,7
prize-neg.text.3,487,it,2,7.276377005067547,1,3,1.0,nsubj,PRON,it,5,8
prize-neg.text.3,488,"led,",3,4.920384242178358,3,2,1.5,ccomp,VERB,lead,5,9
prize-neg.text.3,489,or,2,6.231798245316826,8,1,1.1,punct,PUNCT,",",5,10
prize-neg.text.3,490,she,3,6.572044028989929,2,2,2.0,nsubj,PRON,she,5,12
prize-neg.text.3,491,could,5,6.212078350946609,1,2,0.3,aux,AUX,could,5,13
prize-neg.text.3,492,stay,4,5.7123550220857044,12,1,6.7,conj,VERB,stay,5,14
prize-neg.text.3,493,in,2,6.990046118048168,1,2,0.8,prep,ADP,in,5,15
prize-neg.text.3,494,her,3,6.452678661106354,2,4,1.0,poss,PRON,her,5,16
prize-neg.text.3,495,comfort,7,4.236033147117636,1,4,0.5,compound,NOUN,comfort,5,17
prize-neg.text.3,496,zone,4,4.30362797638389,3,3,1.5,pobj,NOUN,zone,5,18
prize-neg.text.3,497,and,3,7.126710513400982,5,2,2.5,cc,CCONJ,and,5,19
prize-neg.text.3,498,continue,8,4.6950436588212945,6,2,3.1,conj,VERB,continue,5,20
prize-neg.text.3,499,to,2,7.355601686871925,1,4,0.3,aux,PART,to,5,21
prize-neg.text.3,500,come,4,6.497065171063486,2,3,1.0,xcomp,VERB,come,5,22
prize-neg.text.3,501,in,2,6.990046118048168,1,4,0.8,prep,ADP,in,5,23
prize-neg.text.3,502,second,6,5.454189113874769,1,6,0.6,amod,ADJ,second,5,24
prize-neg.text.3,503,place.,5,5.780079573484288,2,5,1.0,pobj,NOUN,place,5,25
prize-neg.text.3,504,For,3,6.838540569153386,12,2,1.9000000000000004,punct,PUNCT,.,5,26
prize-neg.text.3,505,the,3,7.469073206544746,2,3,0.6,det,DET,the,6,1
prize-neg.text.3,506,first,5,5.924573885946655,1,3,0.6,amod,ADJ,first,6,2
prize-neg.text.3,507,time,4,6.29195240223515,3,2,1.5,pobj,NOUN,time,6,3
prize-neg.text.3,508,in,2,6.990046118048168,1,3,0.8,prep,ADP,in,6,4
prize-neg.text.3,509,her,3,6.452678661106354,1,5,0.5,poss,PRON,her,6,5
prize-neg.text.3,510,"life,",4,5.901267560474818,2,4,1.0,pobj,NOUN,life,6,6
prize-neg.text.3,511,Emma,4,4.196176185039973,2,1,0.2,punct,PUNCT,",",6,7
prize-neg.text.3,512,felt,4,5.797433746145375,0,0,0.0,ROOT,VERB,feel,6,9
prize-neg.text.3,513,like,4,6.601947060080969,2,2,1.0,mark,SCONJ,like,6,10
prize-neg.text.3,514,she,3,6.572044028989929,1,2,1.0,nsubj,PRON,she,6,11
prize-neg.text.3,515,had,3,6.789680109103924,3,1,1.5,advcl,VERB,have,6,12
prize-neg.text.3,516,a,1,7.3099551280128585,1,3,0.3,det,DET,a,6,13
prize-neg.text.3,517,chance,6,5.382449319798916,2,2,2.0,dobj,NOUN,chance,6,14
prize-neg.text.3,518,to,2,7.355601686871925,1,4,0.3,aux,PART,to,6,15
prize-neg.text.3,519,be,2,6.7594230602184195,2,3,1.0,acl,AUX,be,6,16
prize-neg.text.3,520,the,3,7.469073206544746,2,5,0.6,det,DET,the,6,17
prize-neg.text.3,521,best,4,6.4166638022029705,1,5,0.6,amod,ADJ,good,6,18
prize-neg.text.3,522,version,7,4.210586024905156,3,4,1.5,attr,NOUN,version,6,19
prize-neg.text.3,523,of,2,7.063605036452092,1,5,0.8,prep,ADP,of,6,20
prize-neg.text.3,524,herself.,7,4.719745492529577,1,6,0.5,pobj,PRON,herself,6,21
prize-neg.text.3,525,And,3,7.126710513400982,13,1,2.1,punct,PUNCT,.,6,22
prize-neg.text.3,526,with,4,6.703147736191453,8,1,6.7,prep,ADP,with,7,1
prize-neg.text.3,527,the,3,7.469073206544746,1,3,0.3,det,DET,the,7,2
prize-neg.text.3,528,key,3,4.9388198250262105,2,2,1.0,pobj,NOUN,key,7,3
prize-neg.text.3,529,in,2,6.990046118048168,1,3,0.8,prep,ADP,in,7,4
prize-neg.text.3,530,her,3,6.452678661106354,1,5,0.5,poss,PRON,her,7,5
prize-neg.text.3,531,"hand,",4,5.446614823664267,2,4,1.0,pobj,NOUN,hand,7,6
prize-neg.text.3,532,she,3,6.572044028989929,2,1,0.2,punct,PUNCT,",",7,7
prize-neg.text.3,533,knew,4,6.757485611771434,0,0,0.0,ROOT,VERB,know,7,9
prize-neg.text.3,534,that,4,7.14956733263194,2,2,1.0,mark,SCONJ,that,7,10
prize-neg.text.3,535,she,3,6.572044028989929,1,2,1.0,nsubj,PRON,she,7,11
prize-neg.text.3,536,was,3,6.7594230602184195,3,1,1.5,ccomp,AUX,be,7,12
prize-neg.text.3,537,ready,5,5.588607804742686,1,2,0.5,acomp,ADJ,ready,7,13
prize-neg.text.3,538,to,2,7.355601686871925,1,4,0.3,aux,PART,to,7,14
prize-neg.text.3,539,take,4,6.276700715304874,2,3,1.0,xcomp,VERB,take,7,15
prize-neg.text.3,540,the,3,7.469073206544746,1,5,0.3,det,DET,the,7,16
prize-neg.text.3,541,leap,4,3.8241258339165487,2,4,2.0,dobj,NOUN,leap,7,17
prize-neg.text.3,542,and,3,7.126710513400982,3,4,1.5,cc,CCONJ,and,7,18
prize-neg.text.3,543,see,3,6.407684867368763,4,4,2.0,conj,VERB,see,7,19
prize-neg.text.3,544,where,5,6.262503296857943,3,6,1.7999999999999998,advmod,SCONJ,where,7,20
prize-neg.text.3,545,it,2,7.276377005067547,2,6,2.0,nsubj,PRON,it,7,21
prize-neg.text.3,546,would,5,6.247452782675624,1,6,0.3,aux,AUX,would,7,22
prize-neg.text.3,547,take,4,6.276700715304874,4,5,2.0,ccomp,VERB,take,7,23
prize-neg.text.3,548,her.,3,6.572044028989929,1,6,1.0,dobj,PRON,she,7,24
delayed-zero.interest,0,How,3,6.485184613433453,1,2,0.6,advmod,SCONJ,how,0,0
delayed-zero.interest,1,interesting,11,4.937969002951452,3,1,1.5,acomp,ADJ,interesting,0,1
delayed-zero.interest,2,did,3,6.787856330946344,2,1,0.6,aux,AUX,do,0,2
delayed-zero.interest,3,you,3,7.621769343182391,1,1,1.0,nsubj,PRON,you,0,3
delayed-zero.interest,4,find,4,5.919580118612771,0,0,0.0,ROOT,VERB,find,0,4
delayed-zero.interest,5,this,4,6.9019337688086235,1,2,0.3,det,DET,this,0,5
delayed-zero.interest,6,text?,4,3.7193312869837265,2,1,2.0,dobj,NOUN,text,0,6
delayed-zero.interest,7,4,0,5.78,3,1,0.30000000000000004,punct,PUNCT,?,0,7
delayed-zero.interest,8,–,0,,1,2,0.1,punct,PUNCT,–,1,1
delayed-zero.interest,9,very,4,6.093859261503438,1,3,0.6,advmod,ADV,very,1,2
delayed-zero.interest,10,interesting,11,4.937969002951452,3,2,1.7999999999999998,amod,ADJ,interesting,1,3
delayed-zero.interest,11,3,0,5.91,1,3,0.5,nummod,NUM,3,1,4
delayed-zero.interest,12,–,0,,5,2,0.5,punct,PUNCT,–,1,5
delayed-zero.interest,13,rather,6,5.057742155828753,1,1,0.6,advmod,ADV,rather,1,6
delayed-zero.interest,14,interesting,11,4.937969002951452,0,0,0.0,ROOT,ADJ,interesting,1,7
delayed-zero.interest,15,2,0,6.0,1,1,0.5,nummod,NUM,2,1,8
delayed-zero.interest,16,–,0,,1,2,0.1,punct,PUNCT,–,1,9
delayed-zero.interest,17,rather,6,5.057742155828753,1,3,0.6,advmod,ADV,rather,1,10
delayed-zero.interest,18,boring,6,4.437909035539498,3,2,1.7999999999999998,amod,ADJ,boring,1,11
delayed-zero.interest,19,1,0,6.0,1,3,0.5,nummod,NUM,1,1,12
delayed-zero.interest,20,–,0,,1,4,0.1,punct,PUNCT,–,1,13
delayed-zero.interest,21,very,4,6.093859261503438,1,3,0.6,advmod,ADV,very,1,14
delayed-zero.interest,22,boring,6,4.437909035539498,7,2,4.4,amod,ADJ,boring,1,15
blackout-pos.text.1,92,property.,8,4.522313795156667,0,0,0.0,ROOT,NOUN,property,0,0
blackout-pos.text.1,93,A,1,7.3099551280128585,1,1,0.1,punct,PUNCT,.,0,1
blackout-pos.text.1,94,young,5,5.385927854125336,1,2,0.6,amod,ADJ,young,1,1
blackout-pos.text.1,95,"couple,",6,5.349102608563031,9,1,9.4,nsubj,NOUN,couple,1,2
blackout-pos.text.1,96,"hand-in-hand,",10,,,,,,,,,
blackout-pos.text.1,97,hesitantly,10,1.9030899869919435,7,2,0.9000000000000001,punct,PUNCT,",",1,9
blackout-pos.text.1,98,approached,10,4.321805483857539,0,0,0.0,ROOT,VERB,approach,1,11
blackout-pos.text.1,99,the,3,7.469073206544746,1,2,0.3,det,DET,the,1,12
blackout-pos.text.1,100,house.,5,5.710963118995275,2,1,2.0,dobj,NOUN,house,1,13
blackout-pos.text.1,101,They,4,6.613095166038459,3,1,0.30000000000000004,punct,PUNCT,.,1,14
blackout-pos.text.1,102,exchanged,9,4.3057811512549815,0,0,0.0,ROOT,VERB,exchange,2,1
blackout-pos.text.1,103,nervous,7,4.827110687466011,1,2,0.6,amod,ADJ,nervous,2,2
blackout-pos.text.1,104,"glances,",7,3.5352941200427703,2,1,2.0,dobj,NOUN,glance,2,3
blackout-pos.text.1,105,unsure,6,3.0086001717619175,1,2,0.1,punct,PUNCT,",",2,4
blackout-pos.text.1,106,if,2,6.549171303929439,3,2,1.5,mark,SCONJ,if,2,6
blackout-pos.text.1,107,they,4,6.613095166038459,2,2,2.0,nsubj,PRON,they,2,7
blackout-pos.text.1,108,should,6,6.0260999796408985,1,2,0.3,aux,AUX,should,2,8
blackout-pos.text.1,109,investigate,11,3.9763499790032735,8,1,4.3,advcl,VERB,investigate,2,9
blackout-pos.text.1,110,further.,7,5.343920385393226,1,2,0.6,advmod,ADV,far,2,10
blackout-pos.text.1,111,Mrs.,3,5.492676594226712,10,1,1.5,punct,PUNCT,.,2,11
blackout-pos.text.1,112,"Jenkins,",7,3.84,4,1,4.0,nsubj,PROPN,Jenkins,3,1
blackout-pos.text.1,113,"however,",7,4.6539839073740685,3,1,0.30000000000000004,punct,PUNCT,",",3,2
blackout-pos.text.1,114,seemed,6,4.7343997425205675,1,1,0.1,punct,PUNCT,",",3,4
blackout-pos.text.1,115,entirely,8,4.30362797638389,1,2,0.6,advmod,ADV,entirely,3,6
blackout-pos.text.1,116,unbothered.,10,1.94,2,1,1.0,oprd,ADJ,unbothered,3,7
blackout-pos.text.1,117,She,3,6.572044028989929,3,1,0.30000000000000004,punct,PUNCT,.,3,8
blackout-pos.text.1,118,sipped,6,3.7075701760979363,0,0,0.0,ROOT,VERB,sip,4,1
blackout-pos.text.1,119,tea,3,4.768119894184798,1,1,1.0,dobj,NOUN,tea,4,2
blackout-pos.text.1,120,from,4,6.309430005221755,2,1,1.6,prep,ADP,from,4,3
blackout-pos.text.1,121,a,1,7.3099551280128585,3,3,0.8999999999999999,det,DET,a,4,4
blackout-pos.text.1,122,delicate,8,3.978180516937414,2,3,1.2,amod,ADJ,delicate,4,5
blackout-pos.text.1,123,china,5,4.395501124305626,1,3,0.5,compound,PROPN,china,4,6
blackout-pos.text.1,124,"cup,",3,4.7130703258556395,4,2,2.0,pobj,PROPN,cup,4,7
blackout-pos.text.1,125,oblivious,9,3.0253058652647704,7,1,0.9000000000000001,punct,PUNCT,",",4,8
blackout-pos.text.1,126,to,2,7.355601686871925,1,2,0.8,prep,ADP,to,4,10
blackout-pos.text.1,127,the,3,7.469073206544746,1,4,0.3,det,DET,the,4,11
blackout-pos.text.1,128,commotion,9,3.3180633349627615,2,3,1.0,pobj,NOUN,commotion,4,12
blackout-pos.text.1,129,outside.,7,5.230500011841471,1,4,0.6,advmod,ADV,outside,4,13
blackout-pos.text.1,130,The,3,7.469073206544746,13,1,2.1,punct,PUNCT,.,4,14
blackout-pos.text.1,131,couple,6,5.349102608563031,2,1,2.0,nsubj,NOUN,couple,5,1
blackout-pos.text.1,132,cautiously,10,2.591064607026499,1,1,0.6,advmod,ADV,cautiously,5,2
blackout-pos.text.1,133,pushed,6,4.848497018090367,0,0,0.0,ROOT,VERB,push,5,3
blackout-pos.text.1,134,open,4,5.505706061959787,1,1,0.6,advmod,ADJ,open,5,4
blackout-pos.text.1,135,the,3,7.469073206544746,1,4,0.3,det,DET,the,5,5
blackout-pos.text.1,136,creaky,6,2.380211241711606,1,3,0.5,compound,PROPN,creaky,5,6
blackout-pos.text.1,137,front,5,5.258996253248911,1,2,0.5,compound,NOUN,front,5,7
blackout-pos.text.1,138,"door,",4,5.465472080873497,5,1,5.0,dobj,NOUN,door,5,8
blackout-pos.text.1,139,calling,7,5.092545207605606,6,1,0.7000000000000001,punct,PUNCT,",",5,9
blackout-pos.text.1,140,"out,",3,6.587184330308805,1,2,0.5,prt,ADP,out,5,11
blackout-pos.text.1,141,"""Hello?",5,5.767474973821422,3,2,0.30000000000000004,punct,PUNCT,"""",5,13
blackout-pos.text.1,142,Is,2,6.9548693710664775,5,2,0.5,punct,PUNCT,?,5,15
blackout-pos.text.1,143,anyone,6,5.406965750758948,1,1,1.0,nsubj,PRON,anyone,6,1
blackout-pos.text.1,144,"home?""",4,5.888926085535086,2,1,1.2,advmod,ADV,home,6,2
blackout-pos.text.1,145,Mrs.,3,5.492676594226712,4,1,0.4,punct,PUNCT,"""",6,4
blackout-pos.text.1,146,Jenkins,7,3.84,3,1,3.0,nsubj,PROPN,Jenkins,7,1
blackout-pos.text.1,147,didn't,5,6.787856330946344,2,1,0.6,aux,AUX,do,7,2
blackout-pos.text.1,148,respond.,7,4.14921911265538,0,0,0.0,ROOT,VERB,respond,7,4
blackout-pos.text.1,149,They,4,6.613095166038459,1,1,0.1,punct,PUNCT,.,7,5
blackout-pos.text.1,150,ventured,8,3.6748611407378116,0,0,0.0,ROOT,VERB,venture,8,1
blackout-pos.text.1,151,"deeper,",6,4.1592663310934945,1,1,0.6,advmod,ADV,deeply,8,2
blackout-pos.text.1,152,their,5,5.816347374238363,2,1,0.2,punct,PUNCT,",",8,3
blackout-pos.text.1,153,footsteps,9,2.3979400086720375,1,2,1.0,nsubj,NOUN,footstep,8,5
blackout-pos.text.1,154,echoing,7,3.8363241157067516,5,1,2.5,advcl,VERB,echo,8,6
blackout-pos.text.1,155,through,7,5.739991406457079,1,2,0.8,prep,ADP,through,8,7
blackout-pos.text.1,156,the,3,7.469073206544746,2,4,0.6,det,DET,the,8,8
blackout-pos.text.1,157,empty,5,4.674309888941477,1,4,0.6,amod,ADJ,empty,8,9
blackout-pos.text.1,158,halls.,5,4.715501945293283,3,3,1.5,pobj,NOUN,hall,8,10
blackout-pos.text.1,159,Each,4,5.4035494540323175,10,1,1.5,punct,PUNCT,.,8,11
blackout-pos.text.1,160,room,4,5.642968760855551,3,1,1.5,nsubjpass,NOUN,room,9,1
blackout-pos.text.1,161,was,3,6.7594230602184195,2,1,1.0,auxpass,AUX,be,9,2
blackout-pos.text.1,162,immaculately,12,1.6020599913279625,1,1,0.6,advmod,ADV,immaculately,9,3
blackout-pos.text.1,163,"maintained,",10,4.1126050015345745,0,0,0.0,ROOT,VERB,maintain,9,4
blackout-pos.text.1,164,with,4,6.703147736191453,1,1,0.1,punct,PUNCT,",",9,5
blackout-pos.text.1,165,dust-free,8,,,,,,,,,
blackout-pos.text.1,166,shelves,7,3.842609239610562,4,2,2.0,pobj,NOUN,shelf,9,10
blackout-pos.text.1,167,and,3,7.126710513400982,1,3,0.5,cc,CCONJ,and,9,11
blackout-pos.text.1,168,spotless,8,3.0718820073061255,1,4,0.5,compound,NOUN,spotless,9,12
blackout-pos.text.1,169,floors.,6,5.00272747268983,3,3,1.5,conj,NOUN,floor,9,13
blackout-pos.text.1,170,A,1,7.3099551280128585,10,1,1.5,punct,PUNCT,.,9,14
blackout-pos.text.1,171,faint,5,3.9670797341444968,1,1,0.6,amod,ADJ,faint,10,1
blackout-pos.text.1,172,scent,5,3.7752462597402365,0,0,0.0,ROOT,NOUN,scent,10,2
blackout-pos.text.1,173,of,2,7.063605036452092,1,1,0.8,prep,ADP,of,10,3
blackout-pos.text.1,174,baking,6,3.5403294747908736,1,2,0.5,pobj,NOUN,baking,10,4
blackout-pos.text.1,175,wafted,6,2.204119982655925,3,1,1.5,acl,VERB,waft,10,5
blackout-pos.text.1,176,from,4,6.309430005221755,1,2,0.8,prep,ADP,from,10,6
blackout-pos.text.1,177,the,3,7.469073206544746,1,4,0.3,det,DET,the,10,7
blackout-pos.text.1,178,"kitchen,",7,4.765743041421044,2,3,1.0,pobj,NOUN,kitchen,10,8
delayed-pos.text.1,71,As,2,6.345769610954118,3,2,1.5,mark,SCONJ,as,0,0
delayed-pos.text.1,72,the,3,7.469073206544746,1,3,0.3,det,DET,the,0,1
delayed-pos.text.1,73,storm,5,4.489395921727129,1,2,1.0,nsubj,NOUN,storm,0,2
delayed-pos.text.1,74,"intensified,",11,2.380211241711606,6,1,3.1,advcl,VERB,intensify,0,3
delayed-pos.text.1,75,the,3,7.469073206544746,5,1,0.5,punct,PUNCT,",",0,4
delayed-pos.text.1,76,airport's,8,4.580240508265376,2,2,1.0,poss,NOUN,airport,0,6
delayed-pos.text.1,77,speakers,8,3.838849090737255,1,1,1.0,nsubj,NOUN,speaker,0,8
delayed-pos.text.1,78,crackled,8,2.838849090737255,0,0,0.0,ROOT,VERB,crackle,0,9
delayed-pos.text.1,79,to,2,7.355601686871925,1,1,0.8,prep,ADP,to,0,10
delayed-pos.text.1,80,"life,",4,5.901267560474818,1,2,0.5,pobj,NOUN,life,0,11
delayed-pos.text.1,81,announcing,10,3.3961993470957363,3,1,0.30000000000000004,punct,PUNCT,",",0,12
delayed-pos.text.1,82,yet,3,5.533683106579122,2,3,1.2,advmod,ADV,yet,0,14
delayed-pos.text.1,83,another,7,5.706905452560297,1,3,0.3,det,DET,another,0,15
delayed-pos.text.1,84,postponement.,12,2.7075701760979363,3,2,3.0,dobj,NOUN,postponement,0,16
delayed-pos.text.1,85,Rachel's,7,4.15,2,2,1.0,poss,PROPN,Rachel,1,0
delayed-pos.text.1,86,eyes,4,5.0483641052798855,1,1,1.0,nsubj,NOUN,eye,1,2
delayed-pos.text.1,87,met,3,5.546875659391229,0,0,0.0,ROOT,VERB,meet,1,3
delayed-pos.text.1,88,"Jack's,",5,5.400693375123279,1,1,1.0,dobj,PROPN,Jack,1,4
delayed-pos.text.1,89,and,3,7.126710513400982,3,1,0.30000000000000004,punct,PUNCT,",",1,6
delayed-pos.text.1,90,they,4,6.613095166038459,1,2,1.0,nsubj,PRON,they,1,8
delayed-pos.text.1,91,exchanged,9,4.3057811512549815,6,1,3.1,conj,VERB,exchange,1,9
delayed-pos.text.1,92,a,1,7.3099551280128585,2,3,0.6,det,DET,a,1,10
delayed-pos.text.1,93,commiserating,13,2.255272505103306,1,3,0.6,amod,VERB,commiserate,1,11
delayed-pos.text.1,94,glance.,6,3.5352941200427703,3,2,3.0,dobj,NOUN,glance,1,12
delayed-pos.text.1,95,"""Tough",5,4.956696564894651,2,1,0.2,punct,PUNCT,"""",2,0
delayed-pos.text.1,96,"break,",5,5.344549455909737,0,0,0.0,ROOT,NOUN,break,2,2
delayed-pos.text.1,97,"huh?""",3,5.641712014909886,1,1,0.1,punct,PUNCT,",",2,3
delayed-pos.text.1,98,Jack,4,5.400693375123279,4,1,0.4,punct,PUNCT,"""",2,6
delayed-pos.text.1,99,"ventured,",8,3.6748611407378116,0,0,0.0,ROOT,VERB,venture,3,1
delayed-pos.text.1,100,breaking,8,4.625826713285711,1,1,0.1,punct,PUNCT,",",3,2
delayed-pos.text.1,101,the,3,7.469073206544746,1,3,0.3,det,DET,the,3,4
delayed-pos.text.1,102,silence.,7,4.404320467221731,2,2,2.0,dobj,NOUN,silence,3,5
delayed-pos.text.1,103,Rachel,6,4.15,5,1,0.5,punct,PUNCT,.,3,6
delayed-pos.text.1,104,"nodded,",6,3.5998830720736876,0,0,0.0,ROOT,VERB,nod,4,1
delayed-pos.text.1,105,tucking,7,2.8260748027008264,1,1,0.1,punct,PUNCT,",",4,2
delayed-pos.text.1,106,a,1,7.3099551280128585,1,3,0.3,det,DET,a,4,4
delayed-pos.text.1,107,strand,6,3.2648178230095364,2,2,2.0,dobj,NOUN,strand,4,5
delayed-pos.text.1,108,of,2,7.063605036452092,1,3,0.8,prep,ADP,of,4,6
delayed-pos.text.1,109,wet,3,4.593507589331765,1,5,0.6,amod,ADJ,wet,4,7
delayed-pos.text.1,110,hair,4,5.1862498207790875,2,4,1.0,pobj,NOUN,hair,4,8
delayed-pos.text.1,111,behind,6,5.273834318000558,6,2,4.9,prep,ADP,behind,4,9
delayed-pos.text.1,112,her,3,6.452678661106354,1,4,0.5,poss,PRON,her,4,10
delayed-pos.text.1,113,ear.,3,4.505149978319906,2,3,1.0,pobj,NOUN,ear,4,11
delayed-pos.text.1,114,"""Yeah,",4,6.47502143953354,6,1,0.7000000000000001,punct,PUNCT,"""",5,0
delayed-pos.text.1,115,I've,3,7.6017467520701825,3,1,1.5,nsubjpass,PRON,I,5,3
delayed-pos.text.1,116,been,4,6.7594230602184195,1,1,0.5,auxpass,AUX,be,5,5
delayed-pos.text.1,117,stuck,5,4.9873086737311825,0,0,0.0,ROOT,VERB,stick,5,6
delayed-pos.text.1,118,here,4,6.655642577048694,1,1,0.6,advmod,ADV,here,5,7
delayed-pos.text.1,119,for,3,6.838540569153386,2,1,1.6,prep,ADP,for,5,8
delayed-pos.text.1,120,hours.,5,5.210291760253723,1,2,0.5,pobj,NOUN,hour,5,9
delayed-pos.text.1,121,This,4,6.9019337688086235,4,1,0.4,punct,PUNCT,.,5,10
delayed-pos.text.1,122,storm,5,4.489395921727129,1,1,1.0,nsubj,NOUN,storm,6,1
delayed-pos.text.1,123,is,2,6.7594230602184195,0,0,0.0,ROOT,AUX,be,6,2
delayed-pos.text.1,124,"relentless.""",10,3.1903316981702914,1,1,0.5,acomp,ADJ,relentless,6,3
delayed-pos.text.1,125,Jack,4,5.400693375123279,3,1,0.30000000000000004,punct,PUNCT,"""",6,5
delayed-pos.text.1,126,nodded,6,3.5998830720736876,0,0,0.0,ROOT,VERB,nod,7,1
delayed-pos.text.1,127,"sympathetically,",15,1.7781512503836436,1,1,0.6,advmod,ADV,sympathetically,7,2
delayed-pos.text.1,128,his,3,6.327313969806467,2,1,0.2,punct,PUNCT,",",7,3
delayed-pos.text.1,129,eyes,4,5.0483641052798855,1,2,1.0,nsubj,NOUN,eye,7,5
delayed-pos.text.1,130,crinkling,9,2.3010299956639813,5,1,2.5,advcl,VERB,crinkle,7,6
delayed-pos.text.1,131,at,2,6.507464560676047,1,2,0.8,prep,ADP,at,7,7
delayed-pos.text.1,132,the,3,7.469073206544746,1,4,0.3,det,DET,the,7,8
delayed-pos.text.1,133,corners.,7,4.720407400803109,2,3,1.0,pobj,NOUN,corner,7,9
delayed-pos.text.1,134,Their,5,5.816347374238363,9,1,1.3,punct,PUNCT,.,7,10
delayed-pos.text.1,135,conversation,12,4.697752274167755,1,1,1.0,nsubj,NOUN,conversation,8,1
delayed-pos.text.1,136,flowed,6,4.138302698166282,0,0,0.0,ROOT,VERB,flow,8,2
delayed-pos.text.1,137,"effortlessly,",12,2.3010299956639813,1,1,0.6,advmod,ADV,effortlessly,8,3
delayed-pos.text.1,138,weaving,7,2.9242792860618816,2,1,0.2,punct,PUNCT,",",8,4
delayed-pos.text.1,139,together,8,5.583640780943042,1,2,0.6,advmod,ADV,together,8,6
delayed-pos.text.1,140,stories,7,5.343959729007141,2,2,2.0,dobj,NOUN,story,8,7
delayed-pos.text.1,141,of,2,7.063605036452092,1,3,0.8,prep,ADP,of,8,8
delayed-pos.text.1,142,missed,6,5.669920938681443,1,5,0.6,amod,VERB,miss,8,9
delayed-pos.text.1,143,"connections,",11,4.434249452396475,2,4,1.0,pobj,NOUN,connection,8,10
delayed-pos.text.1,144,cancelled,9,3.8135809885681917,1,5,0.1,punct,PUNCT,",",8,11
delayed-pos.text.1,145,"flights,",7,4.775901578891674,3,5,1.5,conj,NOUN,flight,8,13
delayed-pos.text.1,146,and,3,7.126710513400982,1,6,0.1,punct,PUNCT,",",8,14
delayed-pos.text.1,147,delayed,7,4.042181594515766,1,7,0.6,amod,VERB,delay,8,16
delayed-pos.text.1,148,dreams.,6,5.124797567960533,4,6,2.0,conj,NOUN,dream,8,17
delayed-pos.text.1,149,"Rachel,",6,4.15,16,1,2.7,punct,PUNCT,.,8,18
delayed-pos.text.1,150,a,1,7.3099551280128585,1,2,0.1,punct,PUNCT,",",9,1
delayed-pos.text.1,151,freelance,9,3.3263358609287517,1,3,0.5,compound,NOUN,freelance,9,3
delayed-pos.text.1,152,"writer,",6,4.371621927176021,4,2,2.0,appos,NOUN,writer,9,4
delayed-pos.text.1,153,spoke,5,4.58692470814482,5,2,0.5,punct,PUNCT,",",9,5
delayed-pos.text.1,154,of,2,7.063605036452092,1,1,0.8,prep,ADP,of,9,7
delayed-pos.text.1,155,her,3,6.452678661106354,2,3,1.0,poss,PRON,her,9,8
delayed-pos.text.1,156,stalled,7,3.952308009662125,1,3,0.6,amod,VERB,stall,9,9
delayed-pos.text.1,157,"manuscript,",10,3.429752280002408,3,2,1.5,pobj,NOUN,manuscript,9,10
delayed-pos.text.1,158,while,5,5.543360188211741,5,1,0.5,punct,PUNCT,",",9,11
delayed-pos.text.1,159,"Jack,",4,5.400693375123279,6,2,6.1,nsubj,PROPN,Jack,9,13
delayed-pos.text.1,160,a,1,7.3099551280128585,1,3,0.1,punct,PUNCT,",",9,14
delayed-pos.text.1,161,software,8,3.9258275746247424,1,4,0.5,compound,NOUN,software,9,16
delayed-pos.text.1,162,"engineer,",8,4.06781451116184,4,3,2.0,appos,NOUN,engineer,9,17
delayed-pos.text.1,163,lamented,8,2.3010299956639813,5,3,0.5,punct,PUNCT,",",9,18
delayed-pos.text.1,164,his,3,6.327313969806467,1,3,0.5,poss,PRON,his,9,20
delayed-pos.text.1,165,stalled,7,3.184691430817599,2,2,2.0,dobj,ADJ,stalled,9,21
blackout-pos.text.3,261,The,3,7.469073206544746,1,3,0.3,det,DET,the,0,0
blackout-pos.text.3,262,couple's,7,5.349102608563031,2,2,1.0,poss,NOUN,couple,0,1
blackout-pos.text.3,263,fear,4,4.839352328895421,1,1,1.0,nsubj,NOUN,fear,0,3
blackout-pos.text.3,264,"dissipated,",10,2.342422680822206,0,0,0.0,ROOT,VERB,dissipate,0,4
blackout-pos.text.3,265,replaced,8,3.916453948549925,1,1,0.1,punct,PUNCT,",",0,5
blackout-pos.text.3,266,by,2,6.127257098825985,1,2,0.5,agent,ADP,by,0,7
blackout-pos.text.3,267,curiosity.,9,3.930949031167523,1,3,0.5,pobj,NOUN,curiosity,0,8
blackout-pos.text.3,268,"""Expecting",9,4.558708570533166,1,2,0.1,punct,PUNCT,"""",1,0
blackout-pos.text.3,269,"us?""",2,6.954816363956238,1,2,1.0,dobj,PRON,we,1,2
blackout-pos.text.3,270,they,4,6.613095166038459,2,1,0.2,punct,PUNCT,"""",1,4
blackout-pos.text.3,271,"repeated,",8,4.5187770689267746,0,0,0.0,ROOT,VERB,repeat,1,6
blackout-pos.text.3,272,their,5,5.816347374238363,1,1,0.1,punct,PUNCT,",",1,7
blackout-pos.text.3,273,voices,6,4.935305690289924,3,1,3.0,dobj,NOUN,voice,1,9
blackout-pos.text.3,274,barely,6,4.463295609962003,1,3,0.6,advmod,ADV,barely,1,10
blackout-pos.text.3,275,above,5,4.689131197234498,2,2,1.6,prep,ADP,above,1,11
blackout-pos.text.3,276,a,1,7.3099551280128585,1,4,0.3,det,DET,a,1,12
blackout-pos.text.3,277,whisper.,7,3.8976270912904414,2,3,1.0,pobj,NOUN,whisper,1,13
blackout-pos.text.3,278,Mrs.,3,5.492676594226712,8,1,1.1,punct,PUNCT,.,1,14
blackout-pos.text.3,279,Jenkins,7,3.84,1,1,1.0,nsubj,PROPN,Jenkins,2,1
blackout-pos.text.3,280,"nodded,",6,3.5998830720736876,0,0,0.0,ROOT,VERB,nod,2,2
blackout-pos.text.3,281,her,3,6.452678661106354,1,1,0.1,punct,PUNCT,",",2,3
blackout-pos.text.3,282,expression,10,4.1058506743851435,3,1,3.0,dobj,NOUN,expression,2,5
blackout-pos.text.3,283,enigmatic.,9,2.342422680822206,1,2,0.6,amod,ADJ,enigmatic,2,6
blackout-pos.text.3,284,"""I've",3,7.6017467520701825,3,1,3.0,nsubj,PRON,I,3,1
blackout-pos.text.3,285,been,4,6.7594230602184195,1,1,0.3,aux,AUX,be,3,3
blackout-pos.text.3,286,waiting,7,5.919208884270423,0,0,0.0,ROOT,VERB,wait,3,4
blackout-pos.text.3,287,for,3,6.838540569153386,1,1,0.8,prep,ADP,for,3,5
blackout-pos.text.3,288,quite,5,5.306618004439844,2,3,1.0,predet,DET,quite,3,6
blackout-pos.text.3,289,some,4,6.237352686979094,1,3,0.3,det,DET,some,3,7
blackout-pos.text.3,290,time.,4,6.29195240223515,3,2,1.5,pobj,NOUN,time,3,8
blackout-pos.text.3,291,You,3,7.621769343182391,5,1,0.5,punct,PUNCT,.,3,9
blackout-pos.text.3,292,"see,",3,6.407684867368763,4,1,2.0,parataxis,VERB,see,4,1
blackout-pos.text.3,293,I've,3,7.6017467520701825,2,1,2.0,nsubj,PRON,I,4,3
blackout-pos.text.3,294,grown,5,4.774443968924965,0,0,0.0,ROOT,VERB,grow,4,5
blackout-pos.text.3,295,rather,6,5.057742155828753,1,2,0.6,advmod,ADV,rather,4,6
blackout-pos.text.3,296,fond,4,4.090963076595731,2,1,1.0,acomp,ADJ,fond,4,7
blackout-pos.text.3,297,of,2,7.063605036452092,1,2,0.8,prep,ADP,of,4,8
blackout-pos.text.3,298,this,4,6.9019337688086235,1,4,0.3,det,DET,this,4,9
blackout-pos.text.3,299,"neighborhood,",12,4.564547711755948,2,3,1.0,pobj,NOUN,neighborhood,4,10
blackout-pos.text.3,300,despite,7,4.113943352306837,6,1,0.7000000000000001,punct,PUNCT,",",4,11
blackout-pos.text.3,301,its...,3,5.234795588220642,2,3,1.0,poss,PRON,its,4,13
blackout-pos.text.3,302,"eccentricities.""",14,2.591064607026499,1,3,0.1,punct,PUNCT,...,4,14
blackout-pos.text.3,303,As,2,6.345769610954118,12,1,1.9000000000000004,punct,PUNCT,"""",4,17
blackout-pos.text.3,304,the,3,7.469073206544746,1,3,0.3,det,DET,the,5,1
blackout-pos.text.3,305,power,5,5.173244559061566,1,2,1.0,nsubj,NOUN,power,5,2
blackout-pos.text.3,306,flickered,9,2.838849090737255,13,1,7.3,advcl,VERB,flicker,5,3
blackout-pos.text.3,307,back,4,6.303014523283947,1,2,0.6,advmod,ADV,back,5,4
blackout-pos.text.3,308,to,2,7.355601686871925,1,3,0.8,prep,ADP,to,5,5
blackout-pos.text.3,309,"life,",4,5.901267560474818,1,4,0.5,pobj,NOUN,life,5,6
blackout-pos.text.3,310,illuminating,12,2.6720978579357175,4,2,0.4,punct,PUNCT,",",5,7
blackout-pos.text.3,311,the,3,7.469073206544746,1,4,0.3,det,DET,the,5,9
blackout-pos.text.3,312,house,5,5.710963118995275,2,3,2.0,dobj,NOUN,house,5,10
blackout-pos.text.3,313,once,4,5.537668009845831,1,4,0.6,advmod,ADV,once,5,11
blackout-pos.text.3,314,"more,",4,6.113472054195492,4,3,2.4,advmod,ADV,more,5,12
blackout-pos.text.3,315,the,3,7.469073206544746,3,1,0.30000000000000004,punct,PUNCT,",",5,13
blackout-pos.text.3,316,couple,6,5.349102608563031,1,1,1.0,nsubj,NOUN,couple,5,15
blackout-pos.text.3,317,realized,8,4.897956810006952,0,0,0.0,ROOT,VERB,realize,5,16
blackout-pos.text.3,318,that,4,7.14956733263194,3,2,1.5,mark,SCONJ,that,5,17
blackout-pos.text.3,319,Mrs.,3,5.492676594226712,1,3,0.5,compound,PROPN,Mrs.,5,18
blackout-pos.text.3,320,Jenkins,7,3.84,1,2,1.0,nsubj,PROPN,Jenkins,5,19
blackout-pos.text.3,321,wasn't,5,6.7594230602184195,4,1,2.0,ccomp,AUX,be,5,20
blackout-pos.text.3,322,just,4,6.67661497234708,3,3,1.7999999999999998,advmod,ADV,just,5,22
blackout-pos.text.3,323,any,3,6.041143881608951,2,3,0.6,det,DET,any,5,23
blackout-pos.text.3,324,ordinary,8,4.280578370368076,1,3,0.6,amod,ADJ,ordinary,5,24
blackout-pos.text.3,325,homeowner.,9,3.0718820073061255,5,2,2.5,attr,NOUN,homeowner,5,25
blackout-pos.text.3,326,She,3,6.572044028989929,10,1,1.5,punct,PUNCT,.,5,26
blackout-pos.text.3,327,was,3,6.7594230602184195,0,0,0.0,ROOT,AUX,be,6,1
blackout-pos.text.3,328,a,1,7.3099551280128585,1,2,0.3,det,DET,a,6,2
blackout-pos.text.3,329,"guardian,",8,3.846337112129805,2,1,1.0,attr,NOUN,guardian,6,3
blackout-pos.text.3,330,a,1,7.3099551280128585,1,2,0.1,punct,PUNCT,",",6,4
blackout-pos.text.3,331,caretaker,9,3.3891660843645326,3,2,1.5,appos,NOUN,caretaker,6,6
blackout-pos.text.3,332,of,2,7.063605036452092,1,3,0.8,prep,ADP,of,6,7
blackout-pos.text.3,333,"sorts,",5,5.172340173624813,1,4,0.5,pobj,NOUN,sort,6,8
blackout-pos.text.3,334,ensuring,8,2.653212513775344,6,2,0.7000000000000001,punct,PUNCT,",",6,9
blackout-pos.text.3,335,the,3,7.469073206544746,1,5,0.3,det,DET,the,6,11
blackout-pos.text.3,336,neighborhood's,13,4.564547711755948,3,4,1.5,poss,NOUN,neighborhood,6,12
blackout-pos.text.3,337,fragile,7,3.7109631189952754,1,4,0.6,amod,ADJ,fragile,6,14
blackout-pos.text.3,338,balance,7,4.175511813363448,1,3,1.0,nsubj,NOUN,balance,6,15
blackout-pos.text.3,339,remained,8,4.521399628115375,6,2,3.1,ccomp,VERB,remain,6,16
blackout-pos.text.3,340,intact.,6,3.8027737252919755,1,3,0.5,acomp,ADJ,intact,6,17
blackout-pos.text.3,341,The,3,7.469073206544746,17,1,2.9000000000000004,punct,PUNCT,.,6,18
blackout-pos.text.3,342,"blackout,",8,3.6444385894678386,5,1,5.0,nsubj,NOUN,blackout,7,1
blackout-pos.text.3,343,it,2,7.276377005067547,2,2,0.2,punct,PUNCT,",",7,2
blackout-pos.text.3,344,"seemed,",6,5.1455692977929886,2,1,1.0,parataxis,VERB,seem,7,4
blackout-pos.text.3,345,was,3,6.75241187322089,1,2,0.1,punct,PUNCT,",",7,5
blackout-pos.text.3,346,not,3,6.734396540337466,1,1,0.5,neg,PART,not,7,7
blackout-pos.text.3,347,a,1,7.3099551280128585,1,2,0.3,det,DET,a,7,8
blackout-pos.text.3,348,"malfunction,",11,3.4593924877592306,3,1,1.5,attr,NOUN,malfunction,7,9
blackout-pos.text.3,349,but,3,6.645173608800489,4,1,0.4,punct,PUNCT,",",7,10
blackout-pos.text.3,350,a,1,7.3099551280128585,1,3,0.3,det,DET,a,7,12
blackout-pos.text.3,351,test,4,4.9246927030201855,6,2,6.1,nsubj,NOUN,test,7,13
blackout-pos.text.3,352,–,0,,1,3,0.1,punct,PUNCT,–,7,14
blackout-pos.text.3,353,and,3,7.126710513400982,2,3,1.0,cc,CCONJ,and,7,15
blackout-pos.text.3,354,Mrs.,3,5.492676594226712,1,3,0.5,compound,PROPN,Mrs.,7,16
blackout-pos.text.3,355,Jenkins,7,3.84,2,2,2.0,nsubj,PROPN,Jenkins,7,17
blackout-pos.text.3,356,had,3,6.789680109103924,1,2,0.3,aux,AUX,have,7,18
blackout-pos.text.3,357,passed,6,5.0339060370266875,13,1,7.3,conj,VERB,pass,7,19
blackout-pos.text.3,358,with,4,6.703147736191453,1,2,0.8,prep,ADP,with,7,20
blackout-pos.text.3,359,flying,6,4.929418925714293,1,4,0.6,amod,VERB,fly,7,21
blackout-pos.text.3,360,colors.,6,4.595826777073223,2,3,1.0,pobj,NOUN,color,7,22
delayed-zero.question,0,What,4,6.993103217236282,2,1,2.0,nsubj,PRON,what,0,0
delayed-zero.question,1,first,5,5.924573885946655,1,1,0.6,advmod,ADV,first,0,1
delayed-zero.question,2,connected,9,3.9845273133437926,0,0,0.0,ROOT,VERB,connect,0,2
delayed-zero.question,3,Rachel,6,4.15,1,1,1.0,dobj,PROPN,Rachel,0,3
delayed-zero.question,4,and,3,7.126710513400982,1,2,0.5,cc,CCONJ,and,0,4
delayed-zero.question,5,Max,3,4.851135995011574,2,2,1.0,conj,PROPN,Max,0,5
delayed-zero.question,6,during,6,4.880356199419236,4,1,3.2,prep,ADP,during,0,6
delayed-zero.question,7,their,5,5.816347374238363,1,3,0.5,poss,PRON,their,0,7
delayed-zero.question,8,delay,5,4.042181594515766,2,2,1.0,pobj,NOUN,delay,0,8
delayed-zero.question,9,at,2,6.507464560676047,1,3,0.8,prep,ADP,at,0,9
delayed-zero.question,10,the,3,7.469073206544746,1,5,0.3,det,DET,the,0,10
delayed-zero.question,11,airport?,7,4.580240508265376,2,4,1.0,pobj,NOUN,airport,0,11
delayed-zero.question,12,Their,5,5.816347374238363,10,1,1.5,punct,PUNCT,?,0,12
delayed-zero.question,13,plans,5,5.16354896490181,0,0,0.0,ROOT,NOUN,plan,1,1
delayed-zero.question,14,to,2,7.355601686871925,1,2,0.3,aux,PART,to,1,2
delayed-zero.question,15,visit,5,4.768564109513573,2,1,1.0,acl,VERB,visit,1,3
delayed-zero.question,16,Chicago,7,4.615107987443194,1,2,1.0,dobj,PROPN,Chicago,1,4
delayed-zero.question,17,for,3,6.838540569153386,2,2,1.6,prep,ADP,for,1,5
delayed-zero.question,18,vacation,8,4.515873843711679,1,3,0.5,pobj,NOUN,vacation,1,6
delayed-zero.question,19,Their,5,5.816347374238363,2,5,1.0,poss,PRON,their,1,7
delayed-zero.question,20,shared,6,4.8420472885096375,1,5,0.6,amod,VERB,share,1,8
delayed-zero.question,21,profession,10,3.9561684304753633,3,4,3.0,dobj,NOUN,profession,1,9
delayed-zero.question,22,as,2,6.345769610954118,7,2,5.800000000000001,prep,ADP,as,1,10
delayed-zero.question,23,writers,7,4.371621927176021,1,3,0.5,pobj,NOUN,writer,1,11
delayed-zero.question,24,Their,5,5.816347374238363,2,5,1.0,poss,PRON,their,1,12
delayed-zero.question,25,mutual,6,3.858537197569639,1,5,0.6,amod,ADJ,mutual,1,13
delayed-zero.question,26,love,4,6.047267077278763,3,4,3.0,dobj,NOUN,love,1,14
delayed-zero.question,27,of,2,7.063605036452092,1,5,0.8,prep,ADP,of,1,15
delayed-zero.question,28,traveling,9,4.5233562066547925,1,6,0.5,pcomp,VERB,travel,1,16
delayed-zero.question,29,Their,5,5.816347374238363,1,8,0.5,poss,PRON,their,1,17
delayed-zero.question,30,fear,4,4.839352328895421,2,7,2.0,dobj,NOUN,fear,1,18
delayed-zero.question,31,of,2,7.063605036452092,1,8,0.8,prep,ADP,of,1,19
delayed-zero.question,32,the,3,7.469073206544746,1,10,0.3,det,DET,the,1,20
delayed-zero.question,33,storm,5,4.489395921727129,2,9,1.0,pobj,NOUN,storm,1,21
prize-zero.difficulty,0,How,3,6.485184613433453,1,2,0.6,advmod,SCONJ,how,0,0
prize-zero.difficulty,1,difficult,9,4.779307827583586,1,1,0.5,acomp,ADJ,difficult,0,1
prize-zero.difficulty,2,was,3,6.7594230602184195,0,0,0.0,ROOT,AUX,be,0,2
prize-zero.difficulty,3,this,4,6.9019337688086235,1,2,0.3,det,DET,this,0,3
prize-zero.difficulty,4,text,4,3.7193312869837265,2,1,2.0,nsubj,NOUN,text,0,4
prize-zero.difficulty,5,for,3,6.838540569153386,3,2,1.5,mark,SCONJ,for,0,5
prize-zero.difficulty,6,you,3,7.621769343182391,2,2,2.0,nsubj,PRON,you,0,6
prize-zero.difficulty,7,to,2,7.355601686871925,1,2,0.3,aux,PART,to,0,7
prize-zero.difficulty,8,read,4,5.382413313126266,6,1,3.1,advcl,VERB,read,0,8
prize-zero.difficulty,9,and,3,7.126710513400982,1,2,0.5,cc,CCONJ,and,0,9
prize-zero.difficulty,10,understand?,10,5.683452310738281,2,2,1.0,conj,VERB,understand,0,10
prize-zero.difficulty,11,4,0,5.78,9,1,1.3,punct,PUNCT,?,0,11
prize-zero.difficulty,12,–,0,,1,2,0.1,punct,PUNCT,–,1,1
prize-zero.difficulty,13,very,4,6.093859261503438,1,2,0.6,advmod,ADV,very,1,2
prize-zero.difficulty,14,difficult,9,4.779307827583586,9,1,5.8,amod,ADJ,difficult,1,3
prize-zero.difficulty,15,3,0,5.91,8,1,4.3,nummod,NUM,3,1,4
prize-zero.difficulty,16,–,0,,1,2,0.1,punct,PUNCT,–,1,5
prize-zero.difficulty,17,rather,6,5.057742155828753,1,4,0.6,advmod,ADV,rather,1,6
prize-zero.difficulty,18,difficult,9,4.779307827583586,1,3,0.6,amod,ADJ,difficult,1,7
prize-zero.difficulty,19,2,0,6.0,4,2,2.0,appos,NUM,2,1,8
prize-zero.difficulty,20,–,0,,1,3,0.1,punct,PUNCT,–,1,9
prize-zero.difficulty,21,rather,6,5.057742155828753,1,4,0.6,advmod,ADV,rather,1,10
prize-zero.difficulty,22,easy,4,5.42440789939746,3,3,1.7999999999999998,amod,ADJ,easy,1,11
prize-zero.difficulty,23,1,0,6.0,0,0,0.0,ROOT,NUM,1,1,12
prize-zero.difficulty,24,–,0,,1,1,0.1,punct,PUNCT,–,1,13
prize-zero.difficulty,25,very,4,6.093859261503438,1,2,0.6,advmod,ADV,very,1,14
prize-zero.difficulty,26,easy,4,5.42440789939746,3,1,1.7999999999999998,amod,ADJ,easy,1,15
blackout-pos.interest,0,How,3,6.485184613433453,1,2,0.6,advmod,SCONJ,how,0,0
blackout-pos.interest,1,interesting,11,4.937969002951452,3,1,1.5,acomp,ADJ,interesting,0,1
blackout-pos.interest,2,did,3,6.787856330946344,2,1,0.6,aux,AUX,do,0,2
blackout-pos.interest,3,you,3,7.621769343182391,1,1,1.0,nsubj,PRON,you,0,3
blackout-pos.interest,4,find,4,5.919580118612771,0,0,0.0,ROOT,VERB,find,0,4
blackout-pos.interest,5,this,4,6.9019337688086235,1,2,0.3,det,DET,this,0,5
blackout-pos.interest,6,text?,4,3.7193312869837265,2,1,2.0,dobj,NOUN,text,0,6
blackout-pos.interest,7,4,0,5.78,3,1,0.30000000000000004,punct,PUNCT,?,0,7
blackout-pos.interest,8,–,0,,1,2,0.1,punct,PUNCT,–,1,1
blackout-pos.interest,9,very,4,6.093859261503438,1,3,0.6,advmod,ADV,very,1,2
blackout-pos.interest,10,interesting,11,4.937969002951452,3,2,1.7999999999999998,amod,ADJ,interesting,1,3
blackout-pos.interest,11,3,0,5.91,1,3,0.5,nummod,NUM,3,1,4
blackout-pos.interest,12,–,0,,5,2,0.5,punct,PUNCT,–,1,5
blackout-pos.interest,13,rather,6,5.057742155828753,1,1,0.6,advmod,ADV,rather,1,6
blackout-pos.interest,14,interesting,11,4.937969002951452,0,0,0.0,ROOT,ADJ,interesting,1,7
blackout-pos.interest,15,2,0,6.0,1,1,0.5,nummod,NUM,2,1,8
blackout-pos.interest,16,–,0,,1,2,0.1,punct,PUNCT,–,1,9
blackout-pos.interest,17,rather,6,5.057742155828753,1,3,0.6,advmod,ADV,rather,1,10
blackout-pos.interest,18,boring,6,4.437909035539498,3,2,1.7999999999999998,amod,ADJ,boring,1,11
blackout-pos.interest,19,1,0,6.0,1,3,0.5,nummod,NUM,1,1,12
blackout-pos.interest,20,–,0,,1,4,0.1,punct,PUNCT,–,1,13
blackout-pos.interest,21,very,4,6.093859261503438,1,3,0.6,advmod,ADV,very,1,14
blackout-pos.interest,22,boring,6,4.437909035539498,7,2,4.4,amod,ADJ,boring,1,15
prize-pos.text.4,351,With,4,6.703147736191453,6,1,4.9,prep,ADP,with,0,0
prize-pos.text.4,352,a,1,7.3099551280128585,2,3,0.6,det,DET,a,0,1
prize-pos.text.4,353,heavy,5,4.6747693140154265,1,3,0.6,amod,ADJ,heavy,0,2
prize-pos.text.4,354,"heart,",5,5.387710089398605,3,2,1.5,pobj,NOUN,heart,0,3
prize-pos.text.4,355,Emma,4,4.196176185039973,2,1,0.2,punct,PUNCT,",",0,4
prize-pos.text.4,356,signed,6,5.124732397720029,0,0,0.0,ROOT,VERB,sign,0,6
prize-pos.text.4,357,the,3,7.469073206544746,1,2,0.3,det,DET,the,0,7
prize-pos.text.4,358,"contract,",8,4.509874285004719,2,1,2.0,dobj,NOUN,contract,0,8
prize-pos.text.4,359,surrendering,12,2.9912260756924947,3,1,0.30000000000000004,punct,PUNCT,",",0,9
prize-pos.text.4,360,her,3,6.452678661106354,1,3,0.5,poss,PRON,her,0,11
prize-pos.text.4,361,"autonomy,",8,2.724275869600789,2,2,2.0,dobj,NOUN,autonomy,0,12
prize-pos.text.4,362,"creativity,",10,3.2741578492636796,1,3,0.1,punct,PUNCT,",",0,13
prize-pos.text.4,363,and,3,7.126710513400982,1,4,0.1,punct,PUNCT,",",0,15
prize-pos.text.4,364,sense,5,5.119915410257991,3,4,1.5,conj,NOUN,sense,0,17
prize-pos.text.4,365,of,2,7.063605036452092,1,5,0.8,prep,ADP,of,0,18
prize-pos.text.4,366,self.,4,4.15106325335375,1,6,0.5,pobj,NOUN,self,0,19
prize-pos.text.4,367,The,3,7.469073206544746,14,1,2.3000000000000003,punct,PUNCT,.,0,20
prize-pos.text.4,368,wooden,6,3.8573324964312685,1,2,0.6,amod,ADJ,wooden,1,1
prize-pos.text.4,369,"figurine,",8,2.4313637641589874,10,1,10.5,nsubj,NOUN,figurine,1,2
prize-pos.text.4,370,once,4,5.537668009845831,1,2,0.1,punct,PUNCT,",",1,3
prize-pos.text.4,371,a,1,7.3099551280128585,1,3,0.3,det,DET,a,1,5
prize-pos.text.4,372,symbol,6,3.933993163831242,4,2,2.0,appos,NOUN,symbol,1,6
prize-pos.text.4,373,of,2,7.063605036452092,1,3,0.8,prep,ADP,of,1,7
prize-pos.text.4,374,her,3,6.452678661106354,1,5,0.5,poss,PRON,her,1,8
prize-pos.text.4,375,"mediocrity,",10,2.8512583487190755,2,4,1.0,pobj,NOUN,mediocrity,1,9
prize-pos.text.4,376,now,3,6.505504055379278,8,2,1.1,punct,PUNCT,",",1,10
prize-pos.text.4,377,seemed,6,5.1455692977929886,0,0,0.0,ROOT,VERB,seem,1,12
prize-pos.text.4,378,like,4,6.601947060080969,1,1,0.8,prep,ADP,like,1,13
prize-pos.text.4,379,a,1,7.3099551280128585,2,3,0.6,det,DET,a,1,14
prize-pos.text.4,380,cruel,5,4.263636068588108,1,3,0.6,amod,ADJ,cruel,1,15
prize-pos.text.4,381,joke.,4,4.863441828613708,3,2,1.5,pobj,NOUN,joke,1,16
prize-pos.text.4,382,"Runner-up,",8,,,,,,,,,
prize-pos.text.4,383,indeed.,6,4.607347776768413,1,1,0.1,punct,PUNCT,",",2,3
prize-pos.difficulty,0,How,3,6.485184613433453,1,2,0.6,advmod,SCONJ,how,0,0
prize-pos.difficulty,1,difficult,9,4.779307827583586,1,1,0.5,acomp,ADJ,difficult,0,1
prize-pos.difficulty,2,was,3,6.7594230602184195,0,0,0.0,ROOT,AUX,be,0,2
prize-pos.difficulty,3,this,4,6.9019337688086235,1,2,0.3,det,DET,this,0,3
prize-pos.difficulty,4,text,4,3.7193312869837265,2,1,2.0,nsubj,NOUN,text,0,4
prize-pos.difficulty,5,for,3,6.838540569153386,3,2,1.5,mark,SCONJ,for,0,5
prize-pos.difficulty,6,you,3,7.621769343182391,2,2,2.0,nsubj,PRON,you,0,6
prize-pos.difficulty,7,to,2,7.355601686871925,1,2,0.3,aux,PART,to,0,7
prize-pos.difficulty,8,read,4,5.382413313126266,6,1,3.1,advcl,VERB,read,0,8
prize-pos.difficulty,9,and,3,7.126710513400982,1,2,0.5,cc,CCONJ,and,0,9
prize-pos.difficulty,10,understand?,10,5.683452310738281,2,2,1.0,conj,VERB,understand,0,10
prize-pos.difficulty,11,4,0,5.78,9,1,1.3,punct,PUNCT,?,0,11
prize-pos.difficulty,12,–,0,,1,2,0.1,punct,PUNCT,–,1,1
prize-pos.difficulty,13,very,4,6.093859261503438,1,2,0.6,advmod,ADV,very,1,2
prize-pos.difficulty,14,difficult,9,4.779307827583586,9,1,5.8,amod,ADJ,difficult,1,3
prize-pos.difficulty,15,3,0,5.91,8,1,4.3,nummod,NUM,3,1,4
prize-pos.difficulty,16,–,0,,1,2,0.1,punct,PUNCT,–,1,5
prize-pos.difficulty,17,rather,6,5.057742155828753,1,4,0.6,advmod,ADV,rather,1,6
prize-pos.difficulty,18,difficult,9,4.779307827583586,1,3,0.6,amod,ADJ,difficult,1,7
prize-pos.difficulty,19,2,0,6.0,4,2,2.0,appos,NUM,2,1,8
prize-pos.difficulty,20,–,0,,1,3,0.1,punct,PUNCT,–,1,9
prize-pos.difficulty,21,rather,6,5.057742155828753,1,4,0.6,advmod,ADV,rather,1,10
prize-pos.difficulty,22,easy,4,5.42440789939746,3,3,1.7999999999999998,amod,ADJ,easy,1,11
prize-pos.difficulty,23,1,0,6.0,0,0,0.0,ROOT,NUM,1,1,12
prize-pos.difficulty,24,–,0,,1,1,0.1,punct,PUNCT,–,1,13
prize-pos.difficulty,25,very,4,6.093859261503438,1,2,0.6,advmod,ADV,very,1,14
prize-pos.difficulty,26,easy,4,5.42440789939746,3,1,1.7999999999999998,amod,ADJ,easy,1,15
blackout-zero.question,0,What,4,6.993103217236282,1,2,0.3,det,DET,what,0,0
blackout-zero.question,1,discovery,9,4.058805486675906,3,1,3.0,dobj,NOUN,discovery,0,1
blackout-zero.question,2,does,4,6.787856330946344,2,1,0.6,aux,AUX,do,0,2
blackout-zero.question,3,Sarah,5,4.634880140766526,1,1,1.0,nsubj,PROPN,Sarah,0,3
blackout-zero.question,4,make,4,6.142311236003898,0,0,0.0,ROOT,VERB,make,0,4
blackout-zero.question,5,in,2,6.990046118048168,1,1,0.8,prep,ADP,in,0,5
blackout-zero.question,6,the,3,7.469073206544746,1,3,0.3,det,DET,the,0,6
blackout-zero.question,7,attic?,5,3.8943160626844384,2,2,1.0,pobj,NOUN,attic,0,7
blackout-zero.question,8,The,3,7.469073206544746,4,1,0.4,punct,PUNCT,?,0,8
blackout-zero.question,9,attic,5,3.8943160626844384,1,1,1.0,nsubj,NOUN,attic,1,1
blackout-zero.question,10,is,2,6.7594230602184195,0,0,0.0,ROOT,AUX,be,1,2
blackout-zero.question,11,completely,10,4.926188049107206,1,2,0.6,advmod,ADV,completely,1,3
blackout-zero.question,12,empty,5,4.674309888941477,2,1,1.0,acomp,ADJ,empty,1,4
blackout-zero.question,13,A,1,7.3099551280128585,2,3,0.6,det,DET,a,1,5
blackout-zero.question,14,hidden,6,4.327767489902729,1,3,0.6,amod,ADJ,hidden,1,6
blackout-zero.question,15,staircase,9,3.2430380486862944,1,2,1.0,nsubj,NOUN,staircase,1,7
blackout-zero.question,16,leads,5,4.920384242178358,6,1,3.1,ccomp,VERB,lead,1,8
blackout-zero.question,17,to,2,7.355601686871925,1,2,0.8,prep,ADP,to,1,9
blackout-zero.question,18,a,1,7.3099551280128585,1,4,0.3,det,DET,a,1,10
blackout-zero.question,19,basement,8,4.323458366849468,2,3,1.0,pobj,NOUN,basement,1,11
blackout-zero.question,20,A,1,7.3099551280128585,1,2,0.3,det,DET,a,2,0
blackout-zero.question,21,figure,6,5.111833578148847,2,1,2.0,nsubj,NOUN,figure,2,1
blackout-zero.question,22,is,2,6.7594230602184195,1,1,0.3,aux,AUX,be,2,2
blackout-zero.question,23,standing,8,5.354492600589436,0,0,0.0,ROOT,VERB,stand,2,3
blackout-zero.question,24,under,5,5.418168662067866,1,1,0.8,prep,ADP,under,2,4
blackout-zero.question,25,a,1,7.3099551280128585,1,3,0.3,det,DET,a,2,5
blackout-zero.question,26,light,5,5.218010042984363,2,2,1.0,pobj,NOUN,light,2,6
blackout-zero.question,27,The,3,7.469073206544746,1,3,0.3,det,DET,the,2,7
blackout-zero.question,28,house,5,5.710963118995275,1,2,1.0,nsubj,NOUN,house,2,8
blackout-zero.question,29,is,2,6.7594230602184195,6,1,3.1,ccomp,AUX,be,2,9
blackout-zero.question,30,on,2,6.842342715684627,1,2,0.8,prep,ADP,on,2,10
blackout-zero.question,31,fire,4,5.333427121152962,1,3,0.5,pobj,NOUN,fire,2,11
breakfast-zero.text.3,288,As,2,6.345769610954118,2,2,1.0,mark,SCONJ,as,0,0
breakfast-zero.text.3,289,I,1,7.6017467520701825,1,2,1.0,nsubj,PRON,I,0,1
breakfast-zero.text.3,290,finished,8,4.99528410768926,10,1,5.5,advcl,VERB,finish,0,2
breakfast-zero.text.3,291,my,2,6.830122048692404,1,3,0.5,poss,PRON,my,0,3
breakfast-zero.text.3,292,meal,4,4.460296326757475,2,2,2.0,dobj,NOUN,meal,0,4
breakfast-zero.text.3,293,and,3,7.126710513400982,3,2,1.5,cc,CCONJ,and,0,5
breakfast-zero.text.3,294,prepared,8,4.525692524505011,4,2,2.0,conj,VERB,prepare,0,6
breakfast-zero.text.3,295,to,2,7.355601686871925,1,4,0.3,aux,PART,to,0,7
breakfast-zero.text.3,296,"leave,",5,5.748738301606059,2,3,1.0,xcomp,VERB,leave,0,8
breakfast-zero.text.3,297,the,3,7.469073206544746,3,1,0.30000000000000004,punct,PUNCT,",",0,9
breakfast-zero.text.3,298,waitress,8,4.061829307294699,1,1,1.0,nsubj,NOUN,waitress,0,11
breakfast-zero.text.3,299,came,4,6.497065171063486,0,0,0.0,ROOT,VERB,come,0,12
breakfast-zero.text.3,300,over,4,6.12165503058072,1,1,0.5,prt,ADP,over,0,13
breakfast-zero.text.3,301,to,2,7.355601686871925,1,2,0.3,aux,PART,to,0,14
breakfast-zero.text.3,302,clear,5,5.2350737146995066,3,1,1.5,advcl,VERB,clear,0,15
breakfast-zero.text.3,303,my,2,6.830122048692404,1,3,0.5,poss,PRON,my,0,16
breakfast-zero.text.3,304,plate.,5,4.409087369447835,2,2,2.0,dobj,NOUN,plate,0,17
breakfast-zero.text.3,305,"""Everything",10,5.8161617273011945,8,1,1.1,punct,PUNCT,"""",1,0
breakfast-zero.text.3,306,"okay,",4,6.302389379142763,1,2,0.6,amod,ADJ,okay,1,2
breakfast-zero.text.3,307,"hon?""",3,4.215108581053093,1,3,0.1,punct,PUNCT,",",1,3
breakfast-zero.text.3,308,she,3,6.572044028989929,5,2,0.5,punct,PUNCT,"""",1,6
breakfast-zero.text.3,309,"asked,",5,5.684072994969725,0,0,0.0,ROOT,VERB,ask,1,8
breakfast-zero.text.3,310,eyeing,6,2.9030899869919438,1,1,0.1,punct,PUNCT,",",1,9
breakfast-zero.text.3,311,me,2,7.6017467520701825,1,2,1.0,dobj,PRON,I,1,11
breakfast-zero.text.3,312,curiously.,9,2.838849090737255,2,2,1.2,advmod,ADV,curiously,1,12
breakfast-zero.text.3,313,I,1,7.6017467520701825,5,1,0.5,punct,PUNCT,.,1,13
breakfast-zero.text.3,314,"hesitated,",9,3.737987326333431,0,0,0.0,ROOT,VERB,hesitate,2,1
breakfast-zero.text.3,315,unsure,6,3.0086001717619175,1,1,0.1,punct,PUNCT,",",2,2
breakfast-zero.text.3,316,of,2,7.063605036452092,1,2,0.8,prep,ADP,of,2,4
breakfast-zero.text.3,317,how,3,6.485184613433453,2,4,1.2,advmod,SCONJ,how,2,5
breakfast-zero.text.3,318,to,2,7.355601686871925,1,4,0.3,aux,PART,to,2,6
breakfast-zero.text.3,319,respond.,7,4.14921911265538,3,3,1.5,pcomp,VERB,respond,2,7
breakfast-zero.text.3,320,"""Yeah,",4,6.47502143953354,9,1,1.3,punct,PUNCT,"""",3,0
breakfast-zero.text.3,321,everything's,11,5.8161617273011945,1,2,1.0,nsubj,PRON,everything,3,3
breakfast-zero.text.3,322,"fine,""",4,5.776759279698737,1,2,0.5,acomp,ADJ,fine,3,5
breakfast-zero.text.3,323,I,1,7.6017467520701825,2,1,0.2,punct,PUNCT,"""",3,7
breakfast-zero.text.3,324,said,4,6.214785585123866,0,0,0.0,ROOT,VERB,say,3,9
breakfast-zero.text.3,325,"finally,",7,5.069779060881514,1,1,0.6,advmod,ADV,finally,3,10
breakfast-zero.text.3,326,trying,6,5.651297401711899,2,1,0.2,punct,PUNCT,",",3,11
breakfast-zero.text.3,327,to,2,7.355601686871925,1,3,0.3,aux,PART,to,3,13
breakfast-zero.text.3,328,brush,5,4.15106325335375,2,2,1.0,xcomp,VERB,brush,3,14
breakfast-zero.text.3,329,it,2,7.276377005067547,1,3,1.0,dobj,PRON,it,3,15
breakfast-zero.text.3,330,off.,3,6.071701627227895,2,3,1.0,prt,ADP,off,3,16
breakfast-zero.text.3,331,But,3,6.645173608800489,8,1,1.1,punct,PUNCT,.,3,17
breakfast-zero.text.3,332,as,2,6.345769610954118,2,2,1.0,mark,SCONJ,as,4,1
breakfast-zero.text.3,333,I,1,7.6017467520701825,1,2,1.0,nsubj,PRON,I,4,2
breakfast-zero.text.3,334,walked,6,5.334172172724605,9,1,4.9,advcl,VERB,walk,4,3
breakfast-zero.text.3,335,out,3,6.587184330308805,1,2,0.8,prep,ADP,out,4,4
breakfast-zero.text.3,336,of,2,7.063605036452092,1,3,0.8,prep,ADP,of,4,5
breakfast-zero.text.3,337,the,3,7.469073206544746,1,5,0.3,det,DET,the,4,6
breakfast-zero.text.3,338,"diner,",5,4.093071306376063,2,4,1.0,pobj,NOUN,diner,4,7
breakfast-zero.text.3,339,I,1,7.6017467520701825,4,1,0.4,punct,PUNCT,",",4,8
breakfast-zero.text.3,340,couldn't,7,6.212078350946609,2,1,0.6,aux,AUX,could,4,10
breakfast-zero.text.3,341,shake,5,4.59802407233419,0,0,0.0,ROOT,VERB,shake,4,12
breakfast-zero.text.3,342,the,3,7.469073206544746,1,2,0.3,det,DET,the,4,13
breakfast-zero.text.3,343,feeling,7,5.225774348143929,2,1,2.0,dobj,NOUN,feeling,4,14
breakfast-zero.text.3,344,that,4,7.14956733263194,3,3,1.5,mark,SCONJ,that,4,15
breakfast-zero.text.3,345,my,2,6.830122048692404,1,4,0.5,poss,PRON,my,4,16
breakfast-zero.text.3,346,life,4,5.901267560474818,1,3,1.0,nsubj,NOUN,life,4,17
breakfast-zero.text.3,347,was,3,6.7594230602184195,4,2,2.0,acl,AUX,be,4,18
breakfast-zero.text.3,348,about,5,6.560084852586414,1,3,0.5,acomp,ADJ,about,4,19
breakfast-zero.text.3,349,to,2,7.355601686871925,1,5,0.3,aux,PART,to,4,20
breakfast-zero.text.3,350,change,6,5.380844126464665,2,4,1.0,xcomp,VERB,change,4,21
breakfast-zero.text.3,351,in,2,6.990046118048168,1,5,0.8,prep,ADP,in,4,22
breakfast-zero.text.3,352,some,4,6.237352686979094,2,7,0.6,det,DET,some,4,23
breakfast-zero.text.3,353,fundamental,11,3.514547752660286,1,7,0.6,amod,ADJ,fundamental,4,24
breakfast-zero.text.3,354,way.,3,6.153732569172379,3,6,1.5,pobj,NOUN,way,4,25
breakfast-zero.text.3,355,The,3,7.469073206544746,14,1,2.3000000000000003,punct,PUNCT,.,4,26
breakfast-zero.text.3,356,note,4,4.728759475167874,2,1,2.0,nsubj,NOUN,note,5,1
breakfast-zero.text.3,357,had,3,6.789680109103924,1,1,0.3,aux,AUX,have,5,2
breakfast-zero.text.3,358,left,4,5.748738301606059,0,0,0.0,ROOT,VERB,leave,5,3
breakfast-zero.text.3,359,me,2,7.6017467520701825,1,1,1.0,dobj,PRON,I,5,4
breakfast-zero.text.3,360,with,4,6.703147736191453,2,1,1.6,prep,ADP,with,5,5
breakfast-zero.text.3,361,more,4,6.113472054195492,1,3,0.6,amod,ADJ,more,5,6
breakfast-zero.text.3,362,questions,9,5.297432204810169,2,2,1.0,pobj,NOUN,question,5,7
breakfast-zero.text.3,363,than,4,5.868526886768203,1,3,0.8,prep,ADP,than,5,8
breakfast-zero.text.3,364,"answers,",7,5.2460059040760285,1,4,0.5,pobj,NOUN,answer,5,9
breakfast-zero.text.3,365,and,3,7.126710513400982,7,1,0.9000000000000001,punct,PUNCT,",",5,10
breakfast-zero.text.3,366,I,1,7.6017467520701825,3,2,3.0,nsubj,PRON,I,5,12
breakfast-zero.text.3,367,couldn't,7,6.212078350946609,2,2,0.6,aux,AUX,could,5,13
breakfast-zero.text.3,368,help,4,5.964316212111059,12,1,6.7,conj,VERB,help,5,15
breakfast-zero.text.3,369,but,3,6.645173608800489,1,2,0.5,cc,CCONJ,but,5,16
breakfast-zero.text.3,370,wonder,6,5.068111617027303,2,2,1.0,conj,VERB,wonder,5,17
breakfast-zero.text.3,371,what,4,6.993103217236282,3,4,3.0,dobj,PRON,what,5,18
breakfast-zero.text.3,372,the,3,7.469073206544746,1,5,0.3,det,DET,the,5,19
breakfast-zero.text.3,373,future,6,5.014898386946205,1,4,1.0,nsubj,NOUN,future,5,20
breakfast-zero.text.3,374,held.,4,5.64021302564462,4,3,2.0,ccomp,VERB,hold,5,21
voicemail-zero.text.2,192,That,4,7.14956733263194,1,2,0.3,det,DET,that,0,0
voicemail-zero.text.2,193,"night,",5,5.937537951345398,13,1,7.3,npadvmod,NOUN,night,0,1
voicemail-zero.text.2,194,as,2,6.345769610954118,12,1,1.9000000000000004,punct,PUNCT,",",0,2
voicemail-zero.text.2,195,she,3,6.572044028989929,2,2,2.0,nsubj,PRON,she,0,4
voicemail-zero.text.2,196,was,3,6.7594230602184195,1,2,0.3,aux,AUX,be,0,5
voicemail-zero.text.2,197,getting,7,6.6612218704330886,8,1,4.3,advcl,VERB,get,0,6
voicemail-zero.text.2,198,ready,5,5.588607804742686,1,2,0.5,acomp,ADJ,ready,0,7
voicemail-zero.text.2,199,for,3,6.838540569153386,1,3,0.8,prep,ADP,for,0,8
voicemail-zero.text.2,200,"bed,",3,5.2721202088010966,1,4,0.5,pobj,NOUN,bed,0,9
voicemail-zero.text.2,201,Emily's,6,4.568670978009896,2,2,1.0,poss,PROPN,Emily,0,11
voicemail-zero.text.2,202,phone,5,5.430929252384969,1,1,1.0,nsubj,NOUN,phone,0,13
voicemail-zero.text.2,203,buzzed,6,4.203032887014711,0,0,0.0,ROOT,VERB,buzz,0,14
voicemail-zero.text.2,204,with,4,6.703147736191453,1,1,0.8,prep,ADP,with,0,15
voicemail-zero.text.2,205,a,1,7.3099551280128585,1,3,0.3,det,DET,a,0,16
voicemail-zero.text.2,206,text,4,3.7193312869837265,2,2,1.0,pobj,NOUN,text,0,17
voicemail-zero.text.2,207,from,4,6.309430005221755,1,3,0.8,prep,ADP,from,0,18
voicemail-zero.text.2,208,an,2,6.270478525477336,2,5,0.6,det,DET,an,0,19
voicemail-zero.text.2,209,unknown,7,4.181271771559461,1,5,0.6,amod,ADJ,unknown,0,20
voicemail-zero.text.2,210,number.,6,5.381908906005798,3,4,1.5,pobj,NOUN,number,0,21
voicemail-zero.text.2,211,"""They're",6,6.613095166038459,2,2,2.0,nsubj,PRON,they,1,1
voicemail-zero.text.2,212,watching,8,5.518540259958009,5,1,2.5,ccomp,VERB,watch,1,3
voicemail-zero.text.2,213,"you,""",3,7.621769343182391,1,2,1.0,dobj,PRON,you,1,4
voicemail-zero.text.2,214,it,2,7.276377005067547,2,1,0.2,punct,PUNCT,"""",1,6
voicemail-zero.text.2,215,read.,4,5.382413313126266,0,0,0.0,ROOT,VERB,read,1,8
voicemail-zero.text.2,216,Her,3,6.452678661106354,1,1,0.1,punct,PUNCT,.,1,9
voicemail-zero.text.2,217,heart,5,5.387710089398605,1,2,0.5,compound,NOUN,heart,2,1
voicemail-zero.text.2,218,"racing,",6,4.074816440645175,3,1,1.5,dep,NOUN,racing,2,2
voicemail-zero.text.2,219,she,3,6.572044028989929,2,1,0.2,punct,PUNCT,",",2,3
voicemail-zero.text.2,220,tried,5,5.678290701718043,0,0,0.0,ROOT,VERB,try,2,5
voicemail-zero.text.2,221,to,2,7.355601686871925,1,2,0.3,aux,PART,to,2,6
voicemail-zero.text.2,222,ignore,6,4.270678836144707,2,1,1.0,xcomp,VERB,ignore,2,7
voicemail-zero.text.2,223,"it,",2,7.276377005067547,1,2,1.0,dobj,PRON,it,2,8
voicemail-zero.text.2,224,but,3,6.645173608800489,4,1,0.4,punct,PUNCT,",",2,9
voicemail-zero.text.2,225,the,3,7.469073206544746,1,3,0.3,det,DET,the,2,11
voicemail-zero.text.2,226,words,5,5.372083108574252,1,2,1.0,nsubj,NOUN,word,2,12
voicemail-zero.text.2,227,seemed,6,5.1455692977929886,8,1,4.3,conj,VERB,seem,2,13
voicemail-zero.text.2,228,to,2,7.355601686871925,1,3,0.3,aux,PART,to,2,14
voicemail-zero.text.2,229,seep,4,2.255272505103306,2,2,1.0,xcomp,VERB,seep,2,15
voicemail-zero.text.2,230,into,4,5.926645935044691,1,3,0.8,prep,ADP,into,2,16
voicemail-zero.text.2,231,her,3,6.452678661106354,1,5,0.5,poss,PRON,her,2,17
voicemail-zero.text.2,232,"bones,",5,4.415974411376566,2,4,1.0,pobj,NOUN,bone,2,18
voicemail-zero.text.2,233,making,6,5.34738856792903,4,3,0.4,punct,PUNCT,",",2,19
voicemail-zero.text.2,234,her,3,6.452678661106354,2,5,1.0,poss,PRON,her,2,21
voicemail-zero.text.2,235,skin,4,4.643847310299714,1,5,0.5,compound,NOUN,skin,2,22
voicemail-zero.text.2,236,crawl.,5,4.080626486921806,3,4,3.0,dobj,NOUN,crawl,2,23
voicemail-zero.text.2,237,She,3,6.572044028989929,11,2,1.7000000000000002,punct,PUNCT,.,2,24
voicemail-zero.text.2,238,tried,5,5.678290701718043,0,0,0.0,ROOT,VERB,try,3,1
voicemail-zero.text.2,239,to,2,7.355601686871925,1,2,0.3,aux,PART,to,3,2
voicemail-zero.text.2,240,convince,8,4.272537777375238,2,1,1.0,xcomp,VERB,convince,3,3
voicemail-zero.text.2,241,herself,7,4.719745492529577,1,2,1.0,dobj,PRON,herself,3,4
voicemail-zero.text.2,242,it,2,7.276377005067547,1,2,1.0,nsubj,PRON,it,3,5
voicemail-zero.text.2,243,was,3,6.7594230602184195,5,1,2.5,ccomp,AUX,be,3,6
voicemail-zero.text.2,244,just,4,6.67661497234708,2,3,1.2,advmod,ADV,just,3,7
voicemail-zero.text.2,245,another,7,5.706905452560297,1,3,0.3,det,DET,another,3,8
voicemail-zero.text.2,246,"prank,",5,3.6020599913279625,3,2,1.5,attr,NOUN,prank,3,9
voicemail-zero.text.2,247,but,3,6.645173608800489,4,2,0.4,punct,PUNCT,",",3,10
voicemail-zero.text.2,248,deep,4,4.883036510027679,1,4,0.6,advmod,ADV,deep,3,12
voicemail-zero.text.2,249,"down,",4,6.173264958940605,3,3,1.7999999999999998,advmod,ADV,down,3,13
voicemail-zero.text.2,250,she,3,6.572044028989929,2,3,0.2,punct,PUNCT,",",3,14
voicemail-zero.text.2,251,knew,4,6.757485611771434,10,2,5.5,conj,VERB,know,3,16
voicemail-zero.text.2,252,it,2,7.276377005067547,1,4,1.0,nsubj,PRON,it,3,17
voicemail-zero.text.2,253,was,3,6.7594230602184195,2,3,1.0,ccomp,AUX,be,3,18
voicemail-zero.text.2,254,more,4,6.113472054195492,1,4,0.5,acomp,ADJ,more,3,19
voicemail-zero.text.2,255,than,4,5.868526886768203,1,5,0.8,prep,ADP,than,3,20
voicemail-zero.text.2,256,that.,4,7.14956733263194,1,6,0.5,pobj,PRON,that,3,21
voicemail-zero.text.2,257,The,3,7.469073206544746,21,1,3.7,punct,PUNCT,.,3,22
voicemail-zero.text.2,258,message,7,4.961468555350786,1,1,1.0,nsubj,NOUN,message,4,1
voicemail-zero.text.2,259,was,3,6.7594230602184195,0,0,0.0,ROOT,AUX,be,4,2
voicemail-zero.text.2,260,"real,",4,5.646207612206685,1,1,0.5,acomp,ADJ,real,4,3
voicemail-zero.text.2,261,and,3,7.126710513400982,2,1,0.2,punct,PUNCT,",",4,4
voicemail-zero.text.2,262,it,2,7.276377005067547,2,2,1.0,nsubjpass,PRON,it,4,6
voicemail-zero.text.2,263,was,3,6.7594230602184195,1,2,0.5,auxpass,AUX,be,4,7
voicemail-zero.text.2,264,meant,5,6.094813398072274,6,1,3.1,conj,VERB,mean,4,8
voicemail-zero.text.2,265,for,3,6.838540569153386,1,2,0.5,dative,ADP,for,4,9
voicemail-zero.text.2,266,her.,3,6.572044028989929,1,3,0.5,pobj,PRON,she,4,10
voicemail-zero.text.2,267,As,2,6.345769610954118,3,2,0.30000000000000004,punct,PUNCT,.,4,11
voicemail-zero.text.2,268,she,3,6.572044028989929,1,2,1.0,nsubj,PRON,she,5,1
voicemail-zero.text.2,269,lay,3,5.080085085045869,7,1,3.7,advcl,VERB,lie,5,2
voicemail-zero.text.2,270,in,2,6.990046118048168,1,2,0.8,prep,ADP,in,5,3
voicemail-zero.text.2,271,"bed,",3,5.2721202088010966,1,3,0.5,pobj,NOUN,bed,5,4
voicemail-zero.text.2,272,Emily,5,4.568670978009896,4,1,0.4,punct,PUNCT,",",5,5
voicemail-zero.text.2,273,couldn't,7,6.212078350946609,2,1,0.6,aux,AUX,could,5,7
voicemail-zero.text.2,274,shake,5,4.59802407233419,0,0,0.0,ROOT,VERB,shake,5,9
voicemail-zero.text.2,275,the,3,7.469073206544746,1,2,0.3,det,DET,the,5,10
voicemail-zero.text.2,276,feeling,7,5.225774348143929,2,1,2.0,dobj,NOUN,feeling,5,11
voicemail-zero.text.2,277,of,2,7.063605036452092,1,2,0.8,prep,ADP,of,5,12
voicemail-zero.text.2,278,being,5,6.7594230602184195,1,4,0.5,auxpass,AUX,be,5,13
voicemail-zero.text.2,279,trapped.,7,4.377306251068198,2,3,1.0,pcomp,VERB,trap,5,14
voicemail-zero.text.2,280,She,3,6.572044028989929,6,1,0.7000000000000001,punct,PUNCT,.,5,15
voicemail-zero.text.2,281,felt,4,5.797433746145375,0,0,0.0,ROOT,VERB,feel,6,1
voicemail-zero.text.2,282,like,4,6.601947060080969,3,2,1.5,mark,SCONJ,like,6,2
voicemail-zero.text.2,283,she,3,6.572044028989929,2,2,2.0,nsubj,PRON,she,6,3
voicemail-zero.text.2,284,was,3,6.7594230602184195,1,2,0.3,aux,AUX,be,6,4
voicemail-zero.text.2,285,living,6,5.537302670071282,4,1,2.0,advcl,VERB,live,6,5
voicemail-zero.text.2,286,in,2,6.990046118048168,1,2,0.8,prep,ADP,in,6,6
voicemail-zero.text.2,287,a,1,7.3099551280128585,1,4,0.3,det,DET,a,6,7
voicemail-zero.text.2,288,"nightmare,",9,4.35005409357903,2,3,1.0,pobj,NOUN,nightmare,6,8
voicemail-zero.text.2,289,with,4,6.703147736191453,4,2,0.4,punct,PUNCT,",",6,9
voicemail-zero.text.2,290,no,2,6.7760870730181075,1,4,0.3,det,DET,no,6,11
voicemail-zero.text.2,291,escape.,6,4.646109521978848,2,3,1.0,pobj,NOUN,escape,6,12
voicemail-zero.text.2,292,And,3,7.126710513400982,12,1,1.9000000000000004,punct,PUNCT,.,6,13
voicemail-zero.text.2,293,"then,",4,6.17304925458245,12,1,7.8999999999999995,advmod,ADV,then,7,1
voicemail-zero.text.2,294,just,4,6.67661497234708,11,1,1.7000000000000002,punct,PUNCT,",",7,2
voicemail-zero.text.2,295,as,2,6.345769610954118,3,2,1.5,mark,SCONJ,as,7,4
voicemail-zero.text.2,296,she,3,6.572044028989929,2,2,2.0,nsubj,PRON,she,7,5
voicemail-zero.text.2,297,was,3,6.7594230602184195,1,2,0.3,aux,AUX,be,7,6
voicemail-zero.text.2,298,drifting,8,3.8068580295188172,6,1,3.1,advcl,VERB,drift,7,7
voicemail-zero.text.2,299,off,3,6.071701627227895,1,2,0.5,prt,ADP,off,7,8
voicemail-zero.text.2,300,to,2,7.355601686871925,1,3,0.3,aux,PART,to,7,9
voicemail-zero.text.2,301,"sleep,",5,5.357820543938364,3,2,1.5,xcomp,VERB,sleep,7,10
voicemail-zero.text.2,302,she,3,6.572044028989929,2,1,0.2,punct,PUNCT,",",7,11
voicemail-zero.text.2,303,heard,5,5.744566776203597,0,0,0.0,ROOT,VERB,hear,7,13
voicemail-zero.text.2,304,a,1,7.3099551280128585,2,2,0.6,det,DET,a,7,14
voicemail-zero.text.2,305,faint,5,3.9670797341444968,1,2,0.6,amod,ADJ,faint,7,15
voicemail-zero.text.2,306,noise,5,4.54257647626053,3,1,3.0,dobj,NOUN,noise,7,16
voicemail-zero.text.2,307,outside,7,5.230500011841471,1,2,0.8,prep,ADP,outside,7,17
voicemail-zero.text.2,308,her,3,6.452678661106354,1,4,0.5,poss,PRON,her,7,18
voicemail-zero.text.2,309,window.,6,4.9344984512435675,2,3,1.0,pobj,NOUN,window,7,19
delayed-pos.text.2,166,startup.,7,2.4313637641589874,0,0,0.0,ROOT,PROPN,startup,0,0
delayed-pos.text.2,167,The,3,7.469073206544746,1,1,0.1,punct,PUNCT,.,0,1
delayed-pos.text.2,168,shared,6,4.8420472885096375,1,2,0.6,amod,VERB,share,1,1
delayed-pos.text.2,169,frustration,11,3.4742162640762553,1,1,1.0,nsubj,NOUN,frustration,1,2
delayed-pos.text.2,170,"dissipated,",10,2.342422680822206,0,0,0.0,ROOT,VERB,dissipate,1,3
delayed-pos.text.2,171,replaced,8,3.916453948549925,1,1,0.1,punct,PUNCT,",",1,4
delayed-pos.text.2,172,by,2,6.127257098825985,1,2,0.5,agent,ADP,by,1,6
delayed-pos.text.2,173,an,2,6.270478525477336,2,4,0.6,det,DET,an,1,7
delayed-pos.text.2,174,unexpected,10,3.943494515906102,1,4,0.6,amod,ADJ,unexpected,1,8
delayed-pos.text.2,175,camaraderie.,11,2.724275869600789,3,3,1.5,pobj,NOUN,camaraderie,1,9
delayed-pos.text.2,176,As,2,6.345769610954118,7,1,0.9000000000000001,punct,PUNCT,.,1,10
delayed-pos.text.2,177,the,3,7.469073206544746,1,3,0.3,det,DET,the,2,1
delayed-pos.text.2,178,hours,5,5.210291760253723,2,2,1.0,pobj,NOUN,hour,2,2
delayed-pos.text.2,179,ticked,6,3.8603380065709936,1,3,0.5,acl,VERB,tick,2,3
delayed-pos.text.2,180,"by,",2,6.127257098825985,1,4,0.8,prep,ADP,by,2,4
delayed-pos.text.2,181,the,3,7.469073206544746,5,1,0.5,punct,PUNCT,",",2,5
delayed-pos.text.2,182,airport's,8,4.580240508265376,2,2,1.0,poss,NOUN,airport,2,7
delayed-pos.text.2,183,atmosphere,10,3.9854264740830017,1,1,1.0,nsubj,NOUN,atmosphere,2,9
delayed-pos.text.2,184,transformed.,11,3.342422680822206,0,0,0.0,ROOT,VERB,transform,2,10
delayed-pos.text.2,185,Strangers-turned-strangers-turned-friends,37,,,,,,,,,
delayed-pos.text.2,186,laughed,7,4.798374376681561,0,0,0.0,ROOT,VERB,laugh,3,9
delayed-pos.text.2,187,and,3,7.126710513400982,1,1,0.5,cc,CCONJ,and,3,10
delayed-pos.text.2,188,"joked,",5,4.863441828613708,2,1,1.0,conj,VERB,joke,3,11
delayed-pos.text.2,189,bonding,7,3.482873583608754,1,2,0.1,punct,PUNCT,",",3,12
delayed-pos.text.2,190,over,4,6.12165503058072,1,2,0.8,prep,ADP,over,3,14
delayed-pos.text.2,191,their,5,5.816347374238363,2,4,1.0,poss,PRON,their,3,15
delayed-pos.text.2,192,shared,6,4.8420472885096375,1,4,0.6,amod,VERB,share,3,16
delayed-pos.text.2,193,misfortunes.,11,3.426511261364575,3,3,1.5,pobj,NOUN,misfortune,3,17
delayed-pos.text.2,194,Rachel,6,4.15,9,1,1.3,punct,PUNCT,.,3,18
delayed-pos.text.2,195,discovered,10,4.080626486921806,0,0,0.0,ROOT,VERB,discover,4,1
delayed-pos.text.2,196,Jack's,5,5.400693375123279,2,2,1.0,poss,PROPN,Jack,4,2
delayed-pos.text.2,197,passion,7,4.29578694025161,3,1,3.0,dobj,NOUN,passion,4,4
delayed-pos.text.2,198,for,3,6.838540569153386,1,2,0.8,prep,ADP,for,4,5
delayed-pos.text.2,199,"photography,",11,3.5888317255942073,1,3,0.5,pobj,NOUN,photography,4,6
delayed-pos.text.2,200,and,3,7.126710513400982,6,1,0.7000000000000001,punct,PUNCT,",",4,7
delayed-pos.text.2,201,he,2,6.882934163885178,1,2,1.0,nsubj,PRON,he,4,9
delayed-pos.text.2,202,marveled,8,3.287801729930226,9,1,4.9,conj,VERB,marvel,4,10
delayed-pos.text.2,203,at,2,6.507464560676047,1,2,0.8,prep,ADP,at,4,11
delayed-pos.text.2,204,her,3,6.452678661106354,2,4,1.0,poss,PRON,her,4,12
delayed-pos.text.2,205,lyrical,7,2.7075701760979363,1,4,0.6,amod,ADJ,lyrical,4,13
delayed-pos.text.2,206,prose.,5,2.9731278535996988,3,3,1.5,pobj,NOUN,prose,4,14
delayed-pos.text.2,207,Conversations,13,3.747411807886423,5,2,0.5,punct,PUNCT,.,4,15
delayed-pos.text.2,208,"deepened,",8,2.3979400086720375,0,0,0.0,ROOT,VERB,deepen,5,1
delayed-pos.text.2,209,revealing,9,3.423245873936808,1,1,0.1,punct,PUNCT,",",5,2
delayed-pos.text.2,210,hidden,6,4.327767489902729,1,3,0.6,amod,ADJ,hidden,5,4
delayed-pos.text.2,211,vulnerabilities,15,2.9030899869919438,2,2,2.0,dobj,NOUN,vulnerability,5,5
delayed-pos.text.2,212,and,3,7.126710513400982,1,3,0.5,cc,CCONJ,and,5,6
delayed-pos.text.2,213,unexpected,10,3.943494515906102,1,4,0.6,amod,ADJ,unexpected,5,7
delayed-pos.text.2,214,commonalities.,13,2.079181246047625,3,3,1.5,conj,NOUN,commonality,5,8
delayed-pos.text.2,215,"Outside,",7,5.230500011841471,8,1,1.1,punct,PUNCT,.,5,9
delayed-pos.text.2,216,the,3,7.469073206544746,3,2,0.30000000000000004,punct,PUNCT,",",6,1
delayed-pos.text.2,217,storm,5,4.489395921727129,1,2,1.0,nsubj,NOUN,storm,6,3
delayed-pos.text.2,218,raged,5,4.053462604925455,5,1,2.5,ccomp,VERB,rage,6,4
delayed-pos.text.2,219,"on,",2,6.842342715684627,1,2,0.8,prep,ADP,on,6,5
delayed-pos.text.2,220,its,3,5.234795588220642,3,1,0.30000000000000004,punct,PUNCT,",",6,6
delayed-pos.text.2,221,fury,4,3.5820633629117085,1,1,1.0,nsubj,NOUN,fury,6,8
delayed-pos.text.2,222,unabated.,8,2.255272505103306,0,0,0.0,ROOT,VERB,unabate,6,9
delayed-pos.text.2,223,But,3,6.645173608800489,1,1,0.1,punct,PUNCT,.,6,10
delayed-pos.text.2,224,within,6,4.772028165324855,9,1,7.6000000000000005,prep,ADP,within,7,1
delayed-pos.text.2,225,the,3,7.469073206544746,1,4,0.3,det,DET,the,7,2
delayed-pos.text.2,226,airport's,8,4.580240508265376,3,3,1.5,poss,NOUN,airport,7,3
delayed-pos.text.2,227,sterile,7,3.338456493604605,1,3,0.6,amod,ADJ,sterile,7,5
delayed-pos.text.2,228,"walls,",5,4.849357981661299,5,2,2.5,pobj,NOUN,wall,7,6
delayed-pos.text.2,229,a,1,7.3099551280128585,3,1,0.30000000000000004,punct,PUNCT,",",7,7
delayed-pos.text.2,230,connection,10,4.434249452396475,1,1,1.0,nsubj,NOUN,connection,7,9
delayed-pos.text.2,231,blossomed.,9,3.5575072019056577,0,0,0.0,ROOT,VERB,blossom,7,10
delayed-pos.text.2,232,Rachel,6,4.15,1,1,0.1,punct,PUNCT,.,7,11
delayed-pos.text.2,233,and,3,7.126710513400982,1,2,0.5,cc,CCONJ,and,8,1
delayed-pos.text.2,234,Jack,4,5.400693375123279,2,2,1.0,conj,PROPN,Jack,8,2
delayed-pos.text.2,235,exchanged,9,4.3057811512549815,0,0,0.0,ROOT,VERB,exchange,8,3
delayed-pos.text.2,236,"numbers,",7,5.381908906005798,1,1,1.0,dobj,NOUN,number,8,4
delayed-pos.text.2,237,promising,9,3.8188854145940097,2,1,0.2,punct,PUNCT,",",8,5
delayed-pos.text.2,238,to,2,7.355601686871925,1,3,0.3,aux,PART,to,8,7
delayed-pos.text.2,239,stay,4,5.7123550220857044,2,2,1.0,xcomp,VERB,stay,8,8
delayed-pos.text.2,240,in,2,6.990046118048168,1,3,0.8,prep,ADP,in,8,9
delayed-pos.text.2,241,touch.,5,5.1694686978269395,1,4,0.5,pobj,NOUN,touch,8,10
delayed-pos.text.2,242,As,2,6.345769610954118,8,1,1.1,punct,PUNCT,.,8,11
delayed-pos.text.2,243,they,4,6.613095166038459,1,2,1.0,nsubj,PRON,they,9,1
delayed-pos.text.2,244,parted,6,5.417488300705328,6,1,3.1,advcl,VERB,part,9,2
delayed-pos.text.2,245,"ways,",4,6.153732569172379,1,2,1.0,dobj,NOUN,way,9,3
delayed-pos.text.2,246,the,3,7.469073206544746,4,1,0.4,punct,PUNCT,",",9,4
delayed-pos.text.2,247,departures,10,3.7315887651867388,1,2,0.5,compound,NOUN,departure,9,6
delayed-pos.text.2,248,board,5,4.807264355276107,1,1,1.0,nsubj,NOUN,board,9,7
delayed-pos.text.2,249,flickered,9,2.838849090737255,0,0,0.0,ROOT,VERB,flicker,9,8
delayed-pos.text.2,250,back,4,6.303014523283947,1,1,0.6,advmod,ADV,back,9,9
delayed-pos.text.2,251,to,2,7.355601686871925,1,2,0.8,prep,ADP,to,9,10
delayed-pos.text.2,252,"life,",4,5.901267560474818,1,3,0.5,pobj,NOUN,life,9,11
delayed-pos.text.2,253,displaying,10,2.7708520116421442,4,1,0.4,punct,PUNCT,",",9,12
delayed-pos.text.2,254,a,1,7.3099551280128585,1,2,1.0,dobj,PRON,a,9,14
breakfast-zero.text.1,102,the,3,7.469073206544746,1,1,0.3,det,DET,the,0,0
breakfast-zero.text.1,103,menu,4,3.998259338423699,0,0,0.0,ROOT,PROPN,menu,0,1
breakfast-zero.text.1,104,one,3,6.48745513929058,1,1,0.5,nummod,NUM,one,0,2
breakfast-zero.text.1,105,last,4,5.859198361533878,1,2,0.6,amod,ADJ,last,0,3
breakfast-zero.text.1,106,time.,4,6.29195240223515,3,1,1.5,npadvmod,NOUN,time,0,4
breakfast-zero.text.1,107,She,3,6.572044028989929,4,1,0.4,punct,PUNCT,.,0,5
breakfast-zero.text.1,108,nodded,6,3.5998830720736876,0,0,0.0,ROOT,VERB,nod,1,1
breakfast-zero.text.1,109,and,3,7.126710513400982,1,1,0.5,cc,CCONJ,and,1,2
breakfast-zero.text.1,110,scribbled,9,2.7993405494535817,2,1,1.0,conj,VERB,scribble,1,3
breakfast-zero.text.1,111,down,4,6.173264958940605,1,2,0.5,prt,ADP,down,1,4
breakfast-zero.text.1,112,my,2,6.830122048692404,1,3,0.5,poss,PRON,my,1,5
breakfast-zero.text.1,113,order.,5,5.194708551575122,3,2,3.0,dobj,NOUN,order,1,6
breakfast-zero.text.1,114,"""Comin'",5,3.53,0,0,0.0,ROOT,PROPN,Comin,2,1
breakfast-zero.text.1,115,right,5,6.602969969996897,1,2,0.6,advmod,ADV,right,2,3
breakfast-zero.text.1,116,"up!""",2,6.564666064252089,3,1,1.7999999999999998,advmod,ADP,up,2,4
breakfast-zero.text.1,117,she,3,6.572044028989929,5,1,0.5,punct,PUNCT,"""",2,6
breakfast-zero.text.1,118,"said,",4,6.214785585123866,0,0,0.0,ROOT,VERB,say,3,1
breakfast-zero.text.1,119,disappearing,12,3.625312450961674,1,1,0.1,punct,PUNCT,",",3,2
breakfast-zero.text.1,120,into,4,5.926645935044691,1,2,0.8,prep,ADP,into,3,4
breakfast-zero.text.1,121,the,3,7.469073206544746,1,4,0.3,det,DET,the,3,5
breakfast-zero.text.1,122,kitchen.,7,4.765743041421044,2,3,1.0,pobj,NOUN,kitchen,3,6
breakfast-zero.text.1,123,A,1,7.3099551280128585,6,1,0.7000000000000001,punct,PUNCT,.,3,7
breakfast-zero.text.1,124,few,3,5.479748014769749,1,3,0.6,amod,ADJ,few,4,1
breakfast-zero.text.1,125,minutes,7,5.57690545132324,1,2,0.5,npadvmod,NOUN,minute,4,2
breakfast-zero.text.1,126,"later,",5,5.465293603686641,3,1,1.7999999999999998,advmod,ADV,later,4,3
breakfast-zero.text.1,127,she,3,6.572044028989929,2,1,0.2,punct,PUNCT,",",4,4
breakfast-zero.text.1,128,returned,8,4.962321972729584,0,0,0.0,ROOT,VERB,return,4,6
breakfast-zero.text.1,129,with,4,6.703147736191453,1,1,0.8,prep,ADP,with,4,7
breakfast-zero.text.1,130,a,1,7.3099551280128585,1,3,0.3,det,DET,a,4,8
breakfast-zero.text.1,131,plate,5,4.409087369447835,2,2,1.0,pobj,NOUN,plate,4,9
breakfast-zero.text.1,132,piled,5,4.119915410257991,1,3,0.5,acl,VERB,pile,4,10
breakfast-zero.text.1,133,high,4,5.290034611362518,1,4,0.6,advmod,ADV,high,4,11
breakfast-zero.text.1,134,with,4,6.703147736191453,2,4,1.6,prep,ADP,with,4,12
breakfast-zero.text.1,135,scrambled,9,3.8573324964312685,1,6,0.6,amod,ADJ,scrambled,4,13
breakfast-zero.text.1,136,"eggs,",4,4.415640979896154,2,5,1.0,pobj,NOUN,egg,4,14
breakfast-zero.text.1,137,crispy,6,3.3560258571931225,1,6,0.1,punct,PUNCT,",",4,15
breakfast-zero.text.1,138,"bacon,",5,4.074084689028243,3,6,1.5,conj,PROPN,bacon,4,17
breakfast-zero.text.1,139,and,3,7.126710513400982,4,6,0.4,punct,PUNCT,",",4,18
breakfast-zero.text.1,140,a,1,7.3099551280128585,1,4,0.3,det,DET,a,4,20
breakfast-zero.text.1,141,slice,5,3.930949031167523,12,3,6.7,conj,NOUN,slice,4,21
breakfast-zero.text.1,142,of,2,7.063605036452092,1,4,0.8,prep,ADP,of,4,22
breakfast-zero.text.1,143,toast.,5,4.524655712357777,1,5,0.5,pobj,NOUN,toast,4,23
breakfast-zero.text.1,144,I,1,7.6017467520701825,18,1,3.1,punct,PUNCT,.,4,24
breakfast-zero.text.1,145,dug,3,4.66482994114309,0,0,0.0,ROOT,VERB,dig,5,1
breakfast-zero.text.1,146,"in,",2,6.990046118048168,1,1,0.5,prt,ADP,in,5,2
breakfast-zero.text.1,147,savoring,8,2.3979400086720375,2,1,0.2,punct,PUNCT,",",5,3
breakfast-zero.text.1,148,the,3,7.469073206544746,1,3,0.3,det,DET,the,5,5
breakfast-zero.text.1,149,flavors,7,3.6989700043360187,2,2,2.0,dobj,NOUN,flavor,5,6
breakfast-zero.text.1,150,and,3,7.126710513400982,1,3,0.5,cc,CCONJ,and,5,7
breakfast-zero.text.1,151,textures.,8,3.2174839442139063,2,3,1.0,conj,NOUN,texture,5,8
breakfast-zero.text.1,152,But,3,6.645173608800489,8,1,1.1,punct,PUNCT,.,5,9
breakfast-zero.text.1,153,as,2,6.345769610954118,2,2,1.0,mark,SCONJ,as,6,1
breakfast-zero.text.1,154,I,1,7.6017467520701825,1,2,1.0,nsubj,PRON,I,6,2
breakfast-zero.text.1,155,reached,7,4.755264891412247,6,1,3.1,advcl,VERB,reach,6,3
breakfast-zero.text.1,156,for,3,6.838540569153386,1,2,0.8,prep,ADP,for,6,4
breakfast-zero.text.1,157,my,2,6.830122048692404,1,4,0.5,poss,PRON,my,6,5
breakfast-zero.text.1,158,"coffee,",6,5.159958002678518,2,3,1.0,pobj,NOUN,coffee,6,6
breakfast-zero.text.1,159,I,1,7.6017467520701825,2,1,0.2,punct,PUNCT,",",6,7
breakfast-zero.text.1,160,noticed,7,4.772688354682142,0,0,0.0,ROOT,VERB,notice,6,9
breakfast-zero.text.1,161,something,9,6.1761375813299395,1,1,1.0,dobj,PRON,something,6,10
breakfast-zero.text.1,162,odd,3,4.380934463330702,1,2,0.6,amod,ADJ,odd,6,11
breakfast-zero.text.1,163,-,0,,2,2,0.2,punct,PUNCT,-,6,12
breakfast-zero.text.1,164,a,1,7.3099551280128585,2,2,0.6,det,DET,a,6,13
breakfast-zero.text.1,165,small,5,5.096771016533225,1,2,0.6,amod,ADJ,small,6,14
breakfast-zero.text.1,166,piece,5,5.095134466939837,6,1,6.1,dobj,NOUN,piece,6,15
breakfast-zero.text.1,167,of,2,7.063605036452092,1,2,0.8,prep,ADP,of,6,16
breakfast-zero.text.1,168,paper,5,5.014310480963307,1,3,0.5,pobj,NOUN,paper,6,17
breakfast-zero.text.1,169,tucked,6,3.900913067737669,3,2,1.5,acl,VERB,tuck,6,18
breakfast-zero.text.1,170,under,5,5.418168662067866,1,3,0.8,prep,ADP,under,6,19
breakfast-zero.text.1,171,my,2,6.830122048692404,1,5,0.5,poss,PRON,my,6,20
breakfast-zero.text.1,172,plate.,5,4.409087369447835,2,4,1.0,pobj,NOUN,plate,6,21
breakfast-zero.text.1,173,"Curious,",7,4.418632687354066,13,1,2.1,punct,PUNCT,.,6,22
breakfast-zero.text.1,174,I,1,7.6017467520701825,2,1,0.2,punct,PUNCT,",",7,1
breakfast-zero.text.1,175,picked,6,5.297519777423643,0,0,0.0,ROOT,VERB,pick,7,3
breakfast-zero.text.1,176,it,2,7.276377005067547,1,1,1.0,dobj,PRON,it,7,4
breakfast-zero.text.1,177,"up,",2,6.564666064252089,2,1,1.0,prt,ADP,up,7,5
breakfast-zero.text.1,178,and,3,7.126710513400982,3,1,0.30000000000000004,punct,PUNCT,",",7,6
breakfast-zero.text.1,179,my,2,6.830122048692404,1,3,0.5,poss,PRON,my,7,8
breakfast-zero.text.1,180,heart,5,5.387710089398605,1,2,1.0,nsubj,NOUN,heart,7,9
breakfast-zero.text.1,181,skipped,7,4.324282455297693,7,1,3.7,conj,VERB,skip,7,10
breakfast-zero.text.1,182,a,1,7.3099551280128585,1,3,0.3,det,DET,a,7,11
breakfast-zero.text.1,183,beat,4,5.119552797667117,2,2,2.0,dobj,NOUN,beat,7,12
breakfast-zero.text.1,184,as,2,6.345769610954118,2,3,1.0,mark,SCONJ,as,7,13
breakfast-zero.text.1,185,I,1,7.6017467520701825,1,3,1.0,nsubj,PRON,I,7,14
breakfast-zero.text.1,186,read,4,5.382413313126266,5,2,2.5,advcl,VERB,read,7,15
breakfast-zero.text.1,187,the,3,7.469073206544746,2,4,0.6,det,DET,the,7,16
breakfast-zero.text.1,188,simple,6,4.950900089366387,1,4,0.6,amod,ADJ,simple,7,17
breakfast-zero.text.1,189,message,7,4.961468555350786,3,3,3.0,dobj,NOUN,message,7,18
goldfish-pos.text.4,301,"""Attention,",9,4.994185128202317,1,1,0.1,punct,PUNCT,"""",0,0
goldfish-pos.text.4,302,patients,8,4.4717316514800505,1,1,0.1,punct,PUNCT,",",0,2
goldfish-pos.text.4,303,and,3,7.126710513400982,1,2,0.5,cc,CCONJ,and,0,4
goldfish-pos.text.4,304,staff.,5,4.505149978319906,2,2,1.0,conj,NOUN,staff,0,5
goldfish-pos.text.4,305,Due,3,4.649432223241616,5,1,0.5,punct,PUNCT,.,0,6
goldfish-pos.text.4,306,to,2,7.355601686871925,1,2,0.5,pcomp,ADP,to,1,1
goldfish-pos.text.4,307,unforeseen,10,2.7558748556724915,1,3,0.6,amod,ADJ,unforeseen,1,2
goldfish-pos.text.4,308,"circumstances,",13,3.3138672203691533,3,2,1.5,pobj,NOUN,circumstance,1,3
goldfish-pos.text.4,309,the,3,7.469073206544746,8,1,1.1,punct,PUNCT,",",1,4
goldfish-pos.text.4,310,hospital's,9,5.094121595840561,4,2,2.0,poss,NOUN,hospital,1,6
goldfish-pos.text.4,311,weather,7,4.534533756005116,1,3,0.5,compound,NOUN,weather,1,8
goldfish-pos.text.4,312,control,7,5.116042926849206,1,2,0.5,compound,NOUN,control,1,9
goldfish-pos.text.4,313,system,6,4.961468555350786,2,1,2.0,nsubj,NOUN,system,1,10
goldfish-pos.text.4,314,has,3,6.789680109103924,1,1,0.3,aux,AUX,have,1,11
goldfish-pos.text.4,315,"malfunctioned,",13,3.4593924877592306,0,0,0.0,ROOT,VERB,malfunction,1,12
goldfish-pos.text.4,316,clearing,8,3.812244696800369,1,1,0.1,punct,PUNCT,",",1,13
goldfish-pos.text.4,317,the,3,7.469073206544746,1,3,0.3,det,DET,the,1,15
goldfish-pos.text.4,318,skies,5,4.651278013998144,2,2,2.0,dobj,NOUN,sky,1,16
goldfish-pos.text.4,319,and,3,7.126710513400982,3,2,1.5,cc,CCONJ,and,1,17
goldfish-pos.text.4,320,ushering,8,3.374748346010104,4,2,2.0,conj,VERB,usher,1,18
goldfish-pos.text.4,321,in,2,6.990046118048168,1,3,0.5,prt,ADP,in,1,19
goldfish-pos.text.4,322,a,1,7.3099551280128585,4,4,1.2,det,DET,a,1,20
goldfish-pos.text.4,323,"beautiful,",9,5.446739045333934,3,4,1.7999999999999998,amod,ADJ,beautiful,1,21
goldfish-pos.text.4,324,sunny,5,3.8847953639489807,2,4,0.2,punct,PUNCT,",",1,22
goldfish-pos.text.4,325,"day.""",3,5.904076884767221,6,3,3.1,npadvmod,NOUN,day,1,24
goldfish-pos.text.4,326,Emma's,5,4.196176185039973,2,2,1.0,poss,PROPN,Emma,2,0
goldfish-pos.text.4,327,jaw,3,3.8536982117761744,1,1,1.0,nsubj,NOUN,jaw,2,2
goldfish-pos.text.4,328,dropped.,7,5.115976429454817,0,0,0.0,ROOT,VERB,drop,2,3
goldfish-pos.text.4,329,"Finley,",6,3.06,1,1,0.1,punct,PUNCT,.,2,4
goldfish-pos.text.4,330,sensing,7,3.278753600952829,5,2,0.5,punct,PUNCT,",",3,1
goldfish-pos.text.4,331,her,3,6.452678661106354,1,4,0.5,poss,PRON,her,3,3
goldfish-pos.text.4,332,"excitement,",10,4.090258052931317,2,3,2.0,dobj,NOUN,excitement,3,4
goldfish-pos.text.4,333,swam,4,3.3820170425748683,1,2,0.1,punct,PUNCT,",",3,5
goldfish-pos.text.4,334,triumphantly,12,2.079181246047625,1,2,0.6,advmod,ADV,triumphantly,3,7
goldfish-pos.text.4,335,around,6,5.867308354895176,2,2,1.6,prep,ADP,around,3,8
goldfish-pos.text.4,336,his,3,6.327313969806467,1,4,0.5,poss,PRON,his,3,9
goldfish-pos.text.4,337,"container,",9,3.632457292184724,2,3,1.0,pobj,NOUN,container,3,10
goldfish-pos.text.4,338,his,3,6.327313969806467,3,1,0.30000000000000004,punct,PUNCT,",",3,11
goldfish-pos.text.4,339,scales,6,3.978180516937414,1,1,1.0,nsubj,NOUN,scale,3,13
goldfish-pos.text.4,340,shimmering,10,2.740362689494244,0,0,0.0,ROOT,VERB,shimmer,3,14
goldfish-pos.text.4,341,in,2,6.990046118048168,1,1,0.8,prep,ADP,in,3,15
goldfish-pos.text.4,342,the,3,7.469073206544746,1,3,0.3,det,DET,the,3,16
goldfish-pos.text.4,343,sunlight,8,3.6655809910179533,2,2,1.0,pobj,NOUN,sunlight,3,17
goldfish-pos.text.4,344,streaming,9,3.905256048748451,1,3,0.5,acl,VERB,stream,3,18
goldfish-pos.text.4,345,through,7,5.739991406457079,1,4,0.8,prep,ADP,through,3,19
goldfish-pos.text.4,346,the,3,7.469073206544746,1,6,0.3,det,DET,the,3,20
goldfish-pos.text.4,347,window.,6,4.9344984512435675,2,5,1.0,pobj,NOUN,window,3,21
goldfish-pos.text.4,348,Emma's,5,4.196176185039973,2,3,1.0,poss,PROPN,Emma,4,0
goldfish-pos.text.4,349,grandmother's,12,4.443732241401596,2,2,1.0,poss,NOUN,grandmother,4,2
goldfish-pos.text.4,350,eyes,4,5.0483641052798855,1,1,1.0,nsubj,NOUN,eye,4,4
goldfish-pos.text.4,351,"sparkled,",8,3.2227164711475833,0,0,0.0,ROOT,VERB,sparkle,4,5
goldfish-pos.text.4,352,a,1,7.3099551280128585,1,1,0.1,punct,PUNCT,",",4,6
goldfish-pos.text.4,353,knowing,7,6.757485611771434,1,2,0.6,amod,VERB,know,4,8
goldfish-pos.text.4,354,glint,5,2.4913616938342726,4,1,4.0,dobj,NOUN,glint,4,9
goldfish-pos.text.4,355,in,2,6.990046118048168,1,2,0.8,prep,ADP,in,4,10
goldfish-pos.text.4,356,her,3,6.452678661106354,1,4,0.5,poss,PRON,her,4,11
goldfish-pos.text.4,357,gaze.,4,3.403120521175818,2,3,1.0,pobj,NOUN,gaze,4,12
goldfish-pos.text.4,358,"""Looks",5,5.493444108733453,1,1,0.1,punct,PUNCT,"""",5,0
goldfish-pos.text.4,359,like,4,6.601947060080969,1,1,0.8,prep,ADP,like,5,2
goldfish-pos.text.4,360,Finley's,7,3.06,2,2,2.0,nsubj,PROPN,Finley,5,3
goldfish-pos.text.4,361,got,3,6.6612218704330886,4,1,2.0,ccomp,VERB,get,5,5
goldfish-pos.text.4,362,one,3,6.48745513929058,2,3,1.0,nummod,NUM,one,5,6
goldfish-pos.text.4,363,last,4,5.859198361533878,1,3,0.6,amod,ADJ,last,5,7
goldfish-pos.text.4,364,trick,5,4.674585602302914,3,2,3.0,dobj,NOUN,trick,5,8
goldfish-pos.text.4,365,up,2,6.564666064252089,4,2,2.0,prt,ADP,up,5,9
goldfish-pos.text.4,366,his,3,6.327313969806467,1,3,0.5,poss,PRON,his,5,10
goldfish-pos.text.4,367,"fin,""",3,3.5327543789924976,6,2,6.1,dobj,NOUN,fin,5,11
goldfish-pos.text.4,368,she,3,6.572044028989929,2,3,0.2,punct,PUNCT,"""",5,13
goldfish-pos.text.4,369,"whispered,",9,3.8976270912904414,5,2,2.5,parataxis,VERB,whisper,5,15
goldfish-pos.text.4,370,her,3,6.452678661106354,1,3,0.1,punct,PUNCT,",",5,16
goldfish-pos.text.4,371,voice,5,4.935305690289924,2,2,2.0,nsubj,NOUN,voice,5,18
goldfish-pos.text.4,372,barely,6,4.463295609962003,1,2,0.6,advmod,ADV,barely,5,19
goldfish-pos.text.4,373,audible,7,2.8512583487190755,19,1,10.9,acomp,ADJ,audible,5,20
goldfish-pos.text.4,374,over,4,6.12165503058072,1,2,0.8,prep,ADP,over,5,21
goldfish-pos.text.4,375,Emma's,5,4.196176185039973,2,4,1.0,poss,PROPN,Emma,5,22
goldfish-pos.text.4,376,squeals,7,3.426511261364575,3,3,1.5,pobj,NOUN,squeal,5,24
goldfish-pos.text.4,377,of,2,7.063605036452092,1,4,0.8,prep,ADP,of,5,25
goldfish-pos.text.4,378,delight.,7,3.7520484478194387,1,5,0.5,pobj,NOUN,delight,5,26
breakfast-neg.interest,0,How,3,6.485184613433453,1,2,0.6,advmod,SCONJ,how,0,0
breakfast-neg.interest,1,interesting,11,4.937969002951452,3,1,1.5,acomp,ADJ,interesting,0,1
breakfast-neg.interest,2,did,3,6.787856330946344,2,1,0.6,aux,AUX,do,0,2
breakfast-neg.interest,3,you,3,7.621769343182391,1,1,1.0,nsubj,PRON,you,0,3
breakfast-neg.interest,4,find,4,5.919580118612771,0,0,0.0,ROOT,VERB,find,0,4
breakfast-neg.interest,5,this,4,6.9019337688086235,1,2,0.3,det,DET,this,0,5
breakfast-neg.interest,6,text?,4,3.7193312869837265,2,1,2.0,dobj,NOUN,text,0,6
breakfast-neg.interest,7,4,0,5.78,3,1,0.30000000000000004,punct,PUNCT,?,0,7
breakfast-neg.interest,8,–,0,,1,2,0.1,punct,PUNCT,–,1,1
breakfast-neg.interest,9,very,4,6.093859261503438,1,3,0.6,advmod,ADV,very,1,2
breakfast-neg.interest,10,interesting,11,4.937969002951452,3,2,1.7999999999999998,amod,ADJ,interesting,1,3
breakfast-neg.interest,11,3,0,5.91,1,3,0.5,nummod,NUM,3,1,4
breakfast-neg.interest,12,–,0,,5,2,0.5,punct,PUNCT,–,1,5
breakfast-neg.interest,13,rather,6,5.057742155828753,1,1,0.6,advmod,ADV,rather,1,6
breakfast-neg.interest,14,interesting,11,4.937969002951452,0,0,0.0,ROOT,ADJ,interesting,1,7
breakfast-neg.interest,15,2,0,6.0,1,1,0.5,nummod,NUM,2,1,8
breakfast-neg.interest,16,–,0,,1,2,0.1,punct,PUNCT,–,1,9
breakfast-neg.interest,17,rather,6,5.057742155828753,1,3,0.6,advmod,ADV,rather,1,10
breakfast-neg.interest,18,boring,6,4.437909035539498,3,2,1.7999999999999998,amod,ADJ,boring,1,11
breakfast-neg.interest,19,1,0,6.0,1,3,0.5,nummod,NUM,1,1,12
breakfast-neg.interest,20,–,0,,1,4,0.1,punct,PUNCT,–,1,13
breakfast-neg.interest,21,very,4,6.093859261503438,1,3,0.6,advmod,ADV,very,1,14
breakfast-neg.interest,22,boring,6,4.437909035539498,7,2,4.4,amod,ADJ,boring,1,15
voicemail-pos.text.1,94,for,3,6.838540569153386,6,1,4.9,prep,ADP,for,0,0
voicemail-pos.text.1,95,any,3,6.041143881608951,1,3,0.3,det,DET,any,0,1
voicemail-pos.text.1,96,"clues,",5,4.245759355967277,2,2,1.0,pobj,NOUN,clue,0,2
voicemail-pos.text.1,97,but,3,6.645173608800489,3,2,0.30000000000000004,punct,PUNCT,",",0,3
voicemail-pos.text.1,98,there,5,6.638301521297118,1,1,0.5,expl,PRON,there,0,5
voicemail-pos.text.1,99,was,3,6.7594230602184195,0,0,0.0,ROOT,VERB,be,0,6
voicemail-pos.text.1,100,nothing.,7,5.931259494185134,1,1,0.5,attr,PRON,nothing,0,7
voicemail-pos.text.1,101,No,2,6.7760870730181075,2,1,0.2,punct,PUNCT,.,0,8
voicemail-pos.text.1,102,"context,",7,3.505149978319906,0,0,0.0,ROOT,NOUN,context,1,1
voicemail-pos.text.1,103,no,2,6.7760870730181075,1,1,0.1,punct,PUNCT,",",1,2
voicemail-pos.text.1,104,explanation.,11,4.302330928684399,3,1,1.5,appos,NOUN,explanation,1,4
voicemail-pos.text.1,105,Just,4,6.67661497234708,4,1,0.4,punct,PUNCT,.,1,5
voicemail-pos.text.1,106,the,3,7.469073206544746,2,1,0.6,det,DET,the,2,1
voicemail-pos.text.1,107,ominous,7,3.123851640967086,1,1,0.6,amod,ADJ,ominous,2,2
voicemail-pos.text.1,108,warning.,7,4.504606770641954,0,0,0.0,ROOT,NOUN,warning,2,3
voicemail-pos.text.1,109,I,1,7.6017467520701825,1,1,0.1,punct,PUNCT,.,2,4
voicemail-pos.text.1,110,shook,5,4.59802407233419,0,0,0.0,ROOT,VERB,shake,3,1
voicemail-pos.text.1,111,my,2,6.830122048692404,1,2,0.5,poss,PRON,my,3,2
voicemail-pos.text.1,112,"head,",4,5.569970508234867,2,1,2.0,dobj,NOUN,head,3,3
voicemail-pos.text.1,113,chuckling,9,3.681241237375587,3,1,0.30000000000000004,punct,PUNCT,",",3,4
voicemail-pos.text.1,114,at,2,6.507464560676047,1,2,0.8,prep,ADP,at,3,6
voicemail-pos.text.1,115,my,2,6.830122048692404,2,4,1.0,poss,PRON,my,3,7
voicemail-pos.text.1,116,own,3,5.6620018793899165,1,4,0.6,amod,ADJ,own,3,8
voicemail-pos.text.1,117,foolishness.,11,3.3180633349627615,3,3,1.5,pobj,NOUN,foolishness,3,9
voicemail-pos.text.1,118,Some,4,6.237352686979094,9,1,1.3,punct,PUNCT,.,3,10
voicemail-pos.text.1,119,"prankster,",9,2.342422680822206,0,0,0.0,ROOT,NOUN,prankster,4,1
voicemail-pos.text.1,120,probably.,8,5.448458964362637,1,1,0.1,punct,PUNCT,",",4,2
voicemail-pos.text.1,121,But,3,6.645173608800489,3,1,0.30000000000000004,punct,PUNCT,.,4,4
voicemail-pos.text.1,122,the,3,7.469073206544746,1,2,0.3,det,DET,the,5,1
voicemail-pos.text.1,123,words,5,5.372083108574252,1,1,1.0,nsubj,NOUN,word,5,2
voicemail-pos.text.1,124,"lingered,",8,3.161368002234975,0,0,0.0,ROOT,VERB,linger,5,3
voicemail-pos.text.1,125,echoing,7,3.4099331233312946,1,1,0.1,punct,PUNCT,",",5,4
voicemail-pos.text.1,126,in,2,6.990046118048168,1,2,0.8,prep,ADP,in,5,6
voicemail-pos.text.1,127,my,2,6.830122048692404,1,4,0.5,poss,PRON,my,5,7
voicemail-pos.text.1,128,mind.,4,5.685392371625693,2,3,1.0,pobj,NOUN,mind,5,8
voicemail-pos.text.1,129,Watching.,8,4.998390130318048,6,1,0.7000000000000001,punct,PUNCT,.,5,9
voicemail-pos.text.1,130,Don't,4,6.787856330946344,2,1,0.6,aux,AUX,do,7,0
voicemail-pos.text.1,131,trust,5,5.250858954599295,0,0,0.0,ROOT,VERB,trust,7,2
voicemail-pos.text.1,132,anyone.,6,5.406965750758948,1,1,1.0,dobj,PRON,anyone,7,3
voicemail-pos.text.1,133,I,1,7.6017467520701825,2,1,0.2,punct,PUNCT,.,7,4
voicemail-pos.text.1,134,tried,5,5.678290701718043,0,0,0.0,ROOT,VERB,try,8,1
voicemail-pos.text.1,135,to,2,7.355601686871925,1,2,0.3,aux,PART,to,8,2
voicemail-pos.text.1,136,shake,5,4.59802407233419,2,1,1.0,xcomp,VERB,shake,8,3
voicemail-pos.text.1,137,off,3,6.071701627227895,1,2,0.5,prt,ADP,off,8,4
voicemail-pos.text.1,138,the,3,7.469073206544746,1,3,0.3,det,DET,the,8,5
voicemail-pos.text.1,139,"feeling,",7,5.225774348143929,3,2,3.0,dobj,NOUN,feeling,8,6
voicemail-pos.text.1,140,attributing,11,1.7781512503836436,6,1,0.7000000000000001,punct,PUNCT,",",8,7
voicemail-pos.text.1,141,it,2,7.276377005067547,1,2,1.0,dobj,PRON,it,8,9
voicemail-pos.text.1,142,to,2,7.355601686871925,2,2,1.6,prep,ADP,to,8,10
voicemail-pos.text.1,143,my,2,6.830122048692404,2,4,1.0,poss,PRON,my,8,11
voicemail-pos.text.1,144,own,3,5.6620018793899165,1,4,0.6,amod,ADJ,own,8,12
voicemail-pos.text.1,145,paranoia.,8,3.426511261364575,3,3,1.5,pobj,NOUN,paranoia,8,13
voicemail-pos.text.1,146,But,3,6.645173608800489,13,1,2.1,punct,PUNCT,.,8,14
voicemail-pos.text.1,147,the,3,7.469073206544746,1,2,0.3,det,DET,the,9,1
voicemail-pos.text.1,148,message,7,4.961468555350786,1,1,1.0,nsubj,NOUN,message,9,2
voicemail-pos.text.1,149,"lingered,",8,3.161368002234975,0,0,0.0,ROOT,VERB,linger,9,3
voicemail-pos.text.1,150,refusing,8,3.514547752660286,1,1,0.1,punct,PUNCT,",",9,4
voicemail-pos.text.1,151,to,2,7.355601686871925,2,3,0.6,aux,PART,to,9,6
voicemail-pos.text.1,152,be,2,6.7594230602184195,1,3,0.5,auxpass,AUX,be,9,7
voicemail-pos.text.1,153,dismissed.,9,3.737987326333431,3,2,1.5,xcomp,VERB,dismiss,9,8
voicemail-pos.text.1,154,I,1,7.6017467520701825,6,1,0.7000000000000001,punct,PUNCT,.,9,9
voicemail-pos.text.1,155,found,5,5.919580118612771,0,0,0.0,ROOT,VERB,find,10,1
voicemail-pos.text.1,156,myself,6,5.534723971855402,1,2,1.0,nsubj,PRON,myself,10,2
voicemail-pos.text.1,157,scanning,8,3.973589623427257,2,1,1.0,ccomp,VERB,scan,10,3
voicemail-pos.text.1,158,my,2,6.830122048692404,1,3,0.5,poss,PRON,my,10,4
voicemail-pos.text.1,159,"surroundings,",12,3.575187844927661,2,2,2.0,dobj,NOUN,surrounding,10,5
voicemail-pos.text.1,160,glancing,8,2.6127838567197355,3,2,0.30000000000000004,punct,PUNCT,",",10,6
voicemail-pos.text.1,161,over,4,6.12165503058072,1,3,0.8,prep,ADP,over,10,8
voicemail-pos.text.1,162,my,2,6.830122048692404,1,5,0.5,poss,PRON,my,10,9
voicemail-pos.text.1,163,"shoulder,",8,4.418301291319745,2,4,1.0,pobj,NOUN,shoulder,10,10
voicemail-pos.text.1,164,half-expecting,13,,,,,,,,,
voicemail-pos.text.1,165,to,2,7.355601686871925,1,5,0.3,aux,PART,to,10,15
voicemail-pos.text.1,166,see,3,6.407684867368763,2,4,1.0,xcomp,VERB,see,10,16
voicemail-pos.text.1,167,someone,7,5.649451693528405,1,5,1.0,dobj,PRON,someone,10,17
voicemail-pos.text.1,168,lurking,7,2.6127838567197355,1,6,0.5,acl,VERB,lurk,10,18
voicemail-pos.text.1,169,in,2,6.990046118048168,1,7,0.8,prep,ADP,in,10,19
voicemail-pos.text.1,170,the,3,7.469073206544746,1,9,0.3,det,DET,the,10,20
voicemail-pos.text.1,171,shadows.,7,4.325925955771466,2,8,1.0,pobj,NOUN,shadow,10,21
voicemail-pos.text.1,172,Days,4,5.485338056309352,21,1,3.7,punct,PUNCT,.,10,22
voicemail-pos.text.1,173,"passed,",6,5.0339060370266875,0,0,0.0,ROOT,VERB,pass,11,1
voicemail-pos.text.1,174,and,3,7.126710513400982,1,1,0.1,punct,PUNCT,",",11,2
voicemail-pos.text.1,175,the,3,7.469073206544746,1,3,0.3,det,DET,the,11,4
voicemail-pos.text.1,176,feeling,7,5.225774348143929,2,2,2.0,nsubj,NOUN,feeling,11,5
voicemail-pos.text.1,177,only,4,6.034913080865008,1,2,0.6,advmod,ADV,only,11,6
voicemail-pos.text.1,178,intensified.,11,2.380211241711606,6,1,3.1,conj,VERB,intensify,11,7
voicemail-pos.text.1,179,I,1,7.6017467520701825,1,2,0.1,punct,PUNCT,.,11,8
voicemail-pos.text.1,180,became,6,5.06284511327705,0,0,0.0,ROOT,VERB,become,12,1
voicemail-pos.text.1,181,increasingly,12,3.250420002308894,1,2,0.6,advmod,ADV,increasingly,12,2
voicemail-pos.text.1,182,"paranoid,",8,4.027349607774756,2,1,1.0,acomp,ADJ,paranoid,12,3
goldfish-zero.text.4,504,was,3,6.7594230602184195,0,0,0.0,ROOT,AUX,be,0,0
goldfish-zero.text.4,505,different.,9,5.321246212990591,1,1,0.5,acomp,ADJ,different,0,1
goldfish-zero.text.4,506,He,2,6.882934163885178,2,1,0.2,punct,PUNCT,.,0,2
goldfish-zero.text.4,507,was,3,6.7594230602184195,8,1,4.3,ccomp,AUX,be,1,1
goldfish-zero.text.4,508,no,2,6.7760870730181075,1,3,0.5,neg,ADV,no,1,2
goldfish-zero.text.4,509,longer,6,5.829406704509388,2,2,1.2,advmod,ADV,long,1,3
goldfish-zero.text.4,510,just,4,6.67661497234708,2,2,1.2,advmod,ADV,just,1,4
goldfish-zero.text.4,511,a,1,7.3099551280128585,1,2,0.3,det,DET,a,1,5
goldfish-zero.text.4,512,pet,3,4.304921161900891,3,1,1.5,npadvmod,NOUN,pet,1,6
goldfish-zero.text.4,513,-,0,,2,1,0.2,punct,PUNCT,-,1,7
goldfish-zero.text.4,514,he,2,6.882934163885178,1,1,1.0,nsubj,PRON,he,1,8
goldfish-zero.text.4,515,was,3,6.7594230602184195,0,0,0.0,ROOT,AUX,be,1,9
goldfish-zero.text.4,516,a,1,7.3099551280128585,1,2,0.3,det,DET,a,1,10
goldfish-zero.text.4,517,part,4,5.417488300705328,2,1,1.0,attr,NOUN,part,1,11
goldfish-zero.text.4,518,of,2,7.063605036452092,1,2,0.8,prep,ADP,of,1,12
goldfish-zero.text.4,519,her.,3,6.572044028989929,1,3,0.5,pobj,PRON,she,1,13
goldfish-zero.text.4,520,From,4,6.309430005221755,5,1,0.5,punct,PUNCT,.,1,14
goldfish-zero.text.4,521,that,4,7.14956733263194,1,3,0.3,det,DET,that,2,1
goldfish-zero.text.4,522,day,3,5.904076884767221,2,2,1.0,pobj,NOUN,day,2,2
goldfish-zero.text.4,523,"on,",2,6.842342715684627,1,3,0.6,advmod,ADV,on,2,3
goldfish-zero.text.4,524,Emma,4,4.196176185039973,4,1,0.4,punct,PUNCT,",",2,4
goldfish-zero.text.4,525,and,3,7.126710513400982,1,2,0.5,cc,CCONJ,and,2,6
goldfish-zero.text.4,526,Finley,6,3.06,2,2,1.0,conj,PROPN,Finley,2,7
goldfish-zero.text.4,527,were,4,6.7594230602184195,0,0,0.0,ROOT,AUX,be,2,8
goldfish-zero.text.4,528,inseparable.,11,3.0,1,1,0.5,acomp,ADJ,inseparable,2,9
goldfish-zero.text.4,529,They,4,6.613095166038459,2,1,0.2,punct,PUNCT,.,2,10
goldfish-zero.text.4,530,went,4,6.578987422636267,0,0,0.0,ROOT,VERB,go,3,1
goldfish-zero.text.4,531,on,2,6.842342715684627,1,1,0.8,prep,ADP,on,3,2
goldfish-zero.text.4,532,adventures,10,4.128076012668715,1,2,0.5,pobj,NOUN,adventure,3,3
goldfish-zero.text.4,533,"together,",8,5.583640780943042,3,1,1.7999999999999998,advmod,ADV,together,3,4
goldfish-zero.text.4,534,explored,8,3.103803720955957,4,1,0.4,punct,PUNCT,",",3,5
goldfish-zero.text.4,535,the,3,7.469073206544746,1,3,0.3,det,DET,the,3,7
goldfish-zero.text.4,536,"world,",5,5.658221334447711,2,2,2.0,dobj,NOUN,world,3,8
goldfish-zero.text.4,537,and,3,7.126710513400982,3,2,0.30000000000000004,punct,PUNCT,",",3,9
goldfish-zero.text.4,538,lived,5,5.537302670071282,5,2,2.5,conj,VERB,live,3,11
goldfish-zero.text.4,539,a,1,7.3099551280128585,1,4,0.3,det,DET,a,3,12
goldfish-zero.text.4,540,life,4,5.901267560474818,2,3,2.0,dobj,NOUN,life,3,13
goldfish-zero.text.4,541,filled,6,4.642860052584491,1,4,0.5,acl,VERB,fill,3,14
goldfish-zero.text.4,542,with,4,6.703147736191453,1,5,0.8,prep,ADP,with,3,15
goldfish-zero.text.4,543,wonder,6,5.068111617027303,1,6,0.5,pobj,NOUN,wonder,3,16
goldfish-zero.text.4,544,and,3,7.126710513400982,1,7,0.5,cc,CCONJ,and,3,17
goldfish-zero.text.4,545,magic.,5,4.721728198572788,2,7,1.0,conj,NOUN,magic,3,18
goldfish-zero.text.4,546,And,3,7.126710513400982,18,1,3.1,punct,PUNCT,.,3,19
goldfish-zero.text.4,547,Emma,4,4.196176185039973,1,1,1.0,nsubj,PROPN,Emma,4,1
goldfish-zero.text.4,548,knew,4,6.757485611771434,0,0,0.0,ROOT,VERB,know,4,2
goldfish-zero.text.4,549,that,4,7.14956733263194,4,2,2.0,mark,SCONJ,that,4,3
goldfish-zero.text.4,550,she,3,6.572044028989929,3,2,3.0,nsubj,PRON,she,4,4
goldfish-zero.text.4,551,would,5,6.247452782675624,2,2,0.6,aux,AUX,would,4,5
goldfish-zero.text.4,552,never,5,6.134352448068437,1,2,0.5,neg,ADV,never,4,6
goldfish-zero.text.4,553,let,3,6.3836789545567525,5,1,2.5,ccomp,VERB,let,4,7
goldfish-zero.text.4,554,Finley,6,3.06,1,3,1.0,nsubj,PROPN,Finley,4,8
goldfish-zero.text.4,555,go,2,6.578987422636267,2,2,1.0,ccomp,VERB,go,4,9
goldfish-zero.text.4,556,again.,5,5.899114336832765,1,3,0.6,advmod,ADV,again,4,10
prize-zero.question,0,What,4,6.993103217236282,2,2,0.6,det,DET,what,0,0
prize-zero.question,1,special,7,5.171931123355966,1,2,0.6,amod,ADJ,special,0,1
prize-zero.question,2,ability,7,4.2837533833325265,3,1,3.0,dobj,NOUN,ability,0,2
prize-zero.question,3,does,4,6.787856330946344,2,1,0.6,aux,AUX,do,0,3
prize-zero.question,4,Emily,5,4.568670978009896,1,1,0.6,advmod,PROPN,Emily,0,4
prize-zero.question,5,discover,8,4.080626486921806,0,0,0.0,ROOT,VERB,discover,0,5
prize-zero.question,6,she,3,6.572044028989929,1,2,1.0,nsubj,PRON,she,0,6
prize-zero.question,7,has?,3,6.789680109103924,2,1,1.0,ccomp,VERB,have,0,7
prize-zero.question,8,She,3,6.572044028989929,3,1,0.30000000000000004,punct,PUNCT,?,0,8
prize-zero.question,9,can,3,6.719948309126272,1,1,0.3,aux,AUX,can,1,1
prize-zero.question,10,read,4,5.382413313126266,0,0,0.0,ROOT,VERB,read,1,2
prize-zero.question,11,people's,7,6.042567637582179,2,2,1.0,poss,NOUN,people,1,3
prize-zero.question,12,minds.,5,5.685392371625693,3,1,3.0,dobj,NOUN,mind,1,5
prize-zero.question,13,She,3,6.572044028989929,4,1,0.4,punct,PUNCT,.,1,6
prize-zero.question,14,can,3,6.719948309126272,1,1,0.3,aux,AUX,can,2,1
prize-zero.question,15,predict,7,3.5998830720736876,0,0,0.0,ROOT,VERB,predict,2,2
prize-zero.question,16,the,3,7.469073206544746,1,2,0.3,det,DET,the,2,3
prize-zero.question,17,future.,6,5.014898386946205,2,1,2.0,dobj,NOUN,future,2,4
prize-zero.question,18,Her,3,6.452678661106354,3,1,0.30000000000000004,punct,PUNCT,.,2,5
prize-zero.question,19,writing,7,4.747567162737624,2,1,2.0,nsubj,NOUN,writing,3,1
prize-zero.question,20,can,3,6.719948309126272,1,1,0.3,aux,AUX,can,3,2
prize-zero.question,21,shape,5,4.480581786829169,0,0,0.0,ROOT,VERB,shape,3,3
prize-zero.question,22,reality.,7,4.480725378988487,1,1,1.0,dobj,NOUN,reality,3,4
prize-zero.question,23,Her,3,6.452678661106354,2,1,0.2,punct,PUNCT,.,3,5
prize-zero.question,24,speeches,8,4.580240508265376,1,1,1.0,nsubj,NOUN,speech,4,1
prize-zero.question,25,inspire,7,3.5888317255942073,0,0,0.0,ROOT,VERB,inspire,4,2
prize-zero.question,26,superhuman,10,2.9030899869919438,1,2,0.6,amod,ADJ,superhuman,4,3
prize-zero.question,27,strength.,8,4.567261692353874,2,1,2.0,dobj,NOUN,strength,4,4
prize-neg.interest,0,How,3,6.485184613433453,1,2,0.6,advmod,SCONJ,how,0,0
prize-neg.interest,1,interesting,11,4.937969002951452,3,1,1.5,acomp,ADJ,interesting,0,1
prize-neg.interest,2,did,3,6.787856330946344,2,1,0.6,aux,AUX,do,0,2
prize-neg.interest,3,you,3,7.621769343182391,1,1,1.0,nsubj,PRON,you,0,3
prize-neg.interest,4,find,4,5.919580118612771,0,0,0.0,ROOT,VERB,find,0,4
prize-neg.interest,5,this,4,6.9019337688086235,1,2,0.3,det,DET,this,0,5
prize-neg.interest,6,text?,4,3.7193312869837265,2,1,2.0,dobj,NOUN,text,0,6
prize-neg.interest,7,4,0,5.78,3,1,0.30000000000000004,punct,PUNCT,?,0,7
prize-neg.interest,8,–,0,,1,2,0.1,punct,PUNCT,–,1,1
prize-neg.interest,9,very,4,6.093859261503438,1,3,0.6,advmod,ADV,very,1,2
prize-neg.interest,10,interesting,11,4.937969002951452,3,2,1.7999999999999998,amod,ADJ,interesting,1,3
prize-neg.interest,11,3,0,5.91,1,3,0.5,nummod,NUM,3,1,4
prize-neg.interest,12,–,0,,5,2,0.5,punct,PUNCT,–,1,5
prize-neg.interest,13,rather,6,5.057742155828753,1,1,0.6,advmod,ADV,rather,1,6
prize-neg.interest,14,interesting,11,4.937969002951452,0,0,0.0,ROOT,ADJ,interesting,1,7
prize-neg.interest,15,2,0,6.0,1,1,0.5,nummod,NUM,2,1,8
prize-neg.interest,16,–,0,,1,2,0.1,punct,PUNCT,–,1,9
prize-neg.interest,17,rather,6,5.057742155828753,1,3,0.6,advmod,ADV,rather,1,10
prize-neg.interest,18,boring,6,4.437909035539498,3,2,1.7999999999999998,amod,ADJ,boring,1,11
prize-neg.interest,19,1,0,6.0,1,3,0.5,nummod,NUM,1,1,12
prize-neg.interest,20,–,0,,1,4,0.1,punct,PUNCT,–,1,13
prize-neg.interest,21,very,4,6.093859261503438,1,3,0.6,advmod,ADV,very,1,14
prize-neg.interest,22,boring,6,4.437909035539498,7,2,4.4,amod,ADJ,boring,1,15
goldfish-neg.difficulty,0,How,3,6.485184613433453,1,2,0.6,advmod,SCONJ,how,0,0
goldfish-neg.difficulty,1,difficult,9,4.779307827583586,1,1,0.5,acomp,ADJ,difficult,0,1
goldfish-neg.difficulty,2,was,3,6.7594230602184195,0,0,0.0,ROOT,AUX,be,0,2
goldfish-neg.difficulty,3,this,4,6.9019337688086235,1,2,0.3,det,DET,this,0,3
goldfish-neg.difficulty,4,text,4,3.7193312869837265,2,1,2.0,nsubj,NOUN,text,0,4
goldfish-neg.difficulty,5,for,3,6.838540569153386,3,2,1.5,mark,SCONJ,for,0,5
goldfish-neg.difficulty,6,you,3,7.621769343182391,2,2,2.0,nsubj,PRON,you,0,6
goldfish-neg.difficulty,7,to,2,7.355601686871925,1,2,0.3,aux,PART,to,0,7
goldfish-neg.difficulty,8,read,4,5.382413313126266,6,1,3.1,advcl,VERB,read,0,8
goldfish-neg.difficulty,9,and,3,7.126710513400982,1,2,0.5,cc,CCONJ,and,0,9
goldfish-neg.difficulty,10,understand?,10,5.683452310738281,2,2,1.0,conj,VERB,understand,0,10
goldfish-neg.difficulty,11,4,0,5.78,9,1,1.3,punct,PUNCT,?,0,11
goldfish-neg.difficulty,12,–,0,,1,2,0.1,punct,PUNCT,–,1,1
goldfish-neg.difficulty,13,very,4,6.093859261503438,1,2,0.6,advmod,ADV,very,1,2
goldfish-neg.difficulty,14,difficult,9,4.779307827583586,9,1,5.8,amod,ADJ,difficult,1,3
goldfish-neg.difficulty,15,3,0,5.91,8,1,4.3,nummod,NUM,3,1,4
goldfish-neg.difficulty,16,–,0,,1,2,0.1,punct,PUNCT,–,1,5
goldfish-neg.difficulty,17,rather,6,5.057742155828753,1,4,0.6,advmod,ADV,rather,1,6
goldfish-neg.difficulty,18,difficult,9,4.779307827583586,1,3,0.6,amod,ADJ,difficult,1,7
goldfish-neg.difficulty,19,2,0,6.0,4,2,2.0,appos,NUM,2,1,8
goldfish-neg.difficulty,20,–,0,,1,3,0.1,punct,PUNCT,–,1,9
goldfish-neg.difficulty,21,rather,6,5.057742155828753,1,4,0.6,advmod,ADV,rather,1,10
goldfish-neg.difficulty,22,easy,4,5.42440789939746,3,3,1.7999999999999998,amod,ADJ,easy,1,11
goldfish-neg.difficulty,23,1,0,6.0,0,0,0.0,ROOT,NUM,1,1,12
goldfish-neg.difficulty,24,–,0,,1,1,0.1,punct,PUNCT,–,1,13
goldfish-neg.difficulty,25,very,4,6.093859261503438,1,2,0.6,advmod,ADV,very,1,14
goldfish-neg.difficulty,26,easy,4,5.42440789939746,3,1,1.7999999999999998,amod,ADJ,easy,1,15
goldfish-neg.text.2,251,Lily's,5,4.429106008332696,2,2,1.0,poss,PROPN,Lily,0,0
goldfish-neg.text.2,252,heart,5,5.387710089398605,1,1,1.0,nsubj,NOUN,heart,0,2
goldfish-neg.text.2,253,skipped,7,4.324282455297693,0,0,0.0,ROOT,VERB,skip,0,3
goldfish-neg.text.2,254,a,1,7.3099551280128585,1,2,0.3,det,DET,a,0,4
goldfish-neg.text.2,255,beat,4,5.119552797667117,2,1,2.0,dobj,NOUN,beat,0,5
goldfish-neg.text.2,256,as,2,6.345769610954118,2,2,1.0,mark,SCONJ,as,0,6
goldfish-neg.text.2,257,she,3,6.572044028989929,1,2,1.0,nsubj,PRON,she,0,7
goldfish-neg.text.2,258,read,4,5.382413313126266,5,1,2.5,advcl,VERB,read,0,8
goldfish-neg.text.2,259,the,3,7.469073206544746,1,3,0.3,det,DET,the,0,9
goldfish-neg.text.2,260,note.,4,4.728759475167874,2,2,2.0,dobj,NOUN,note,0,10
goldfish-neg.text.2,261,She,3,6.572044028989929,8,1,1.1,punct,PUNCT,.,0,11
goldfish-neg.text.2,262,thought,7,6.429976634432498,0,0,0.0,ROOT,VERB,think,1,1
goldfish-neg.text.2,263,about,5,6.560084852586414,1,1,0.8,prep,ADP,about,1,2
goldfish-neg.text.2,264,all,3,6.71280622142986,2,3,1.0,predet,DET,all,1,3
goldfish-neg.text.2,265,the,3,7.469073206544746,1,3,0.3,det,DET,the,1,4
goldfish-neg.text.2,266,things,6,6.0368962554232315,3,2,1.5,pobj,NOUN,thing,1,5
goldfish-neg.text.2,267,she,3,6.572044028989929,2,4,2.0,nsubj,PRON,she,1,6
goldfish-neg.text.2,268,could,5,6.212078350946609,1,4,0.3,aux,AUX,could,1,7
goldfish-neg.text.2,269,wish,4,5.371289573064556,3,3,1.5,relcl,VERB,wish,1,8
goldfish-neg.text.2,270,for,3,6.838540569153386,1,4,0.8,prep,ADP,for,1,9
goldfish-neg.text.2,271,-,0,,1,5,0.1,punct,PUNCT,-,1,10
goldfish-neg.text.2,272,a,1,7.3099551280128585,2,6,0.6,det,DET,a,1,11
goldfish-neg.text.2,273,new,3,5.8596065782062166,1,6,0.6,amod,ADJ,new,1,12
goldfish-neg.text.2,274,"bike,",4,4.412964271996662,4,5,2.0,pobj,NOUN,bike,1,13
goldfish-neg.text.2,275,a,1,7.3099551280128585,1,6,0.1,punct,PUNCT,",",1,14
goldfish-neg.text.2,276,trip,4,4.915874502857692,3,6,1.5,appos,NOUN,trip,1,16
goldfish-neg.text.2,277,to,2,7.355601686871925,1,7,0.8,prep,ADP,to,1,17
goldfish-neg.text.2,278,the,3,7.469073206544746,1,9,0.3,det,DET,the,1,18
goldfish-neg.text.2,279,"beach,",5,4.75304656162653,2,8,1.0,pobj,NOUN,beach,1,19
goldfish-neg.text.2,280,a,1,7.3099551280128585,7,6,0.9000000000000001,punct,PUNCT,",",1,20
goldfish-neg.text.2,281,new,3,5.8596065782062166,1,7,0.6,amod,ADJ,new,1,22
goldfish-neg.text.2,282,pet,3,4.304921161900891,10,6,5.5,appos,NOUN,pet,1,23
goldfish-neg.text.2,283,of,2,7.063605036452092,1,7,0.8,prep,ADP,of,1,24
goldfish-neg.text.2,284,her,3,6.452678661106354,1,9,0.5,poss,PRON,her,1,25
goldfish-neg.text.2,285,own.,3,5.6620018793899165,2,8,1.0,pobj,ADJ,own,1,26
goldfish-neg.text.2,286,But,3,6.645173608800489,26,1,4.7,punct,PUNCT,.,1,27
goldfish-neg.text.2,287,as,2,6.345769610954118,2,2,1.0,mark,SCONJ,as,2,1
goldfish-neg.text.2,288,she,3,6.572044028989929,1,2,1.0,nsubj,PRON,she,2,2
goldfish-neg.text.2,289,looked,6,6.289426173081608,5,1,2.5,advcl,VERB,look,2,3
goldfish-neg.text.2,290,at,2,6.507464560676047,1,2,0.8,prep,ADP,at,2,4
goldfish-neg.text.2,291,"Finley,",6,3.06,1,3,0.5,pobj,PROPN,Finley,2,5
goldfish-neg.text.2,292,she,3,6.572044028989929,2,1,0.2,punct,PUNCT,",",2,6
goldfish-neg.text.2,293,knew,4,6.757485611771434,0,0,0.0,ROOT,VERB,know,2,8
goldfish-neg.text.2,294,exactly,7,5.3930484664167775,1,4,0.6,advmod,ADV,exactly,2,9
goldfish-neg.text.2,295,what,4,6.993103217236282,4,3,4.0,dobj,PRON,what,2,10
goldfish-neg.text.2,296,she,3,6.572044028989929,1,2,1.0,nsubj,PRON,she,2,11
goldfish-neg.text.2,297,wanted,6,6.440780033374006,4,1,2.0,ccomp,VERB,want,2,12
goldfish-neg.text.2,298,to,2,7.355601686871925,1,3,0.3,aux,PART,to,2,13
goldfish-neg.text.2,299,wish,4,5.371289573064556,2,2,1.0,xcomp,VERB,wish,2,14
goldfish-neg.text.2,300,for.,3,6.838540569153386,1,3,0.8,prep,ADP,for,2,15
goldfish-neg.text.2,301,"""I",1,7.6017467520701825,2,1,0.2,punct,PUNCT,"""",3,0
goldfish-neg.text.2,302,wish,4,5.371289573064556,0,0,0.0,ROOT,VERB,wish,3,2
goldfish-neg.text.2,303,for,3,6.838540569153386,3,2,1.5,mark,SCONJ,for,3,3
goldfish-neg.text.2,304,you,3,7.621769343182391,2,2,2.0,nsubj,PRON,you,3,4
goldfish-neg.text.2,305,to,2,7.355601686871925,1,2,0.3,aux,PART,to,3,5
goldfish-neg.text.2,306,come,4,6.497065171063486,4,1,2.0,advcl,VERB,come,3,6
goldfish-neg.text.2,307,back,4,6.303014523283947,1,2,0.6,advmod,ADV,back,3,7
goldfish-neg.text.2,308,to,2,7.355601686871925,1,3,0.8,prep,ADP,to,3,8
goldfish-neg.text.2,309,"life,""",4,5.901267560474818,1,4,0.5,pobj,NOUN,life,3,9
goldfish-neg.text.2,310,she,3,6.572044028989929,2,3,0.2,punct,PUNCT,"""",3,11
goldfish-neg.text.2,311,"said,",4,6.214785585123866,3,2,1.5,parataxis,VERB,say,3,13
goldfish-neg.text.2,312,her,3,6.452678661106354,1,3,0.1,punct,PUNCT,",",3,14
goldfish-neg.text.2,313,voice,5,4.935305690289924,14,1,14.9,dobj,NOUN,voice,3,16
goldfish-neg.text.2,314,barely,6,4.463295609962003,1,3,0.6,advmod,ADV,barely,3,17
goldfish-neg.text.2,315,above,5,4.689131197234498,2,2,1.6,prep,ADP,above,3,18
goldfish-neg.text.2,316,a,1,7.3099551280128585,1,4,0.3,det,DET,a,3,19
goldfish-neg.text.2,317,whisper.,7,3.8976270912904414,2,3,1.0,pobj,NOUN,whisper,3,20
goldfish-neg.text.2,318,As,2,6.345769610954118,19,1,3.3000000000000003,punct,PUNCT,.,3,21
goldfish-neg.text.2,319,soon,4,5.411030146797094,9,1,5.8,advmod,ADV,soon,4,1
goldfish-neg.text.2,320,as,2,6.345769610954118,2,3,1.0,mark,SCONJ,as,4,2
goldfish-neg.text.2,321,she,3,6.572044028989929,1,3,1.0,nsubj,PRON,she,4,3
goldfish-neg.text.2,322,spoke,5,5.272259442940222,3,2,1.5,advcl,VERB,speak,4,4
goldfish-neg.text.2,323,the,3,7.469073206544746,1,4,0.3,det,DET,the,4,5
goldfish-neg.text.2,324,"words,",5,5.372083108574252,2,3,2.0,dobj,NOUN,word,4,6
goldfish-neg.text.2,325,the,3,7.469073206544746,3,1,0.30000000000000004,punct,PUNCT,",",4,7
goldfish-neg.text.2,326,room,4,5.642968760855551,1,1,1.0,nsubj,NOUN,room,4,9
goldfish-neg.text.2,327,seemed,6,5.1455692977929886,0,0,0.0,ROOT,VERB,seem,4,10
goldfish-neg.text.2,328,to,2,7.355601686871925,1,2,0.3,aux,PART,to,4,11
goldfish-neg.text.2,329,fade,4,3.748962861256161,2,1,1.0,xcomp,VERB,fade,4,12
goldfish-neg.text.2,330,"away,",4,5.863857961883973,1,2,0.6,advmod,ADV,away,4,13
goldfish-neg.text.2,331,and,3,7.126710513400982,4,1,0.4,punct,PUNCT,",",4,14
goldfish-neg.text.2,332,Lily,4,4.429106008332696,1,2,1.0,nsubj,PROPN,Lily,4,16
goldfish-neg.text.2,333,felt,4,5.797433746145375,7,1,3.7,conj,VERB,feel,4,17
goldfish-neg.text.2,334,a,1,7.3099551280128585,3,3,0.8999999999999999,det,DET,a,4,18
goldfish-neg.text.2,335,strange,7,4.936664513000075,2,3,1.2,amod,ADJ,strange,4,19
goldfish-neg.text.2,336,sensation,9,3.6884198220027105,1,3,0.5,compound,NOUN,sensation,4,20
goldfish-neg.text.2,337,wash,4,4.609914410085997,4,2,4.0,dobj,NOUN,wash,4,21
goldfish-neg.text.2,338,over,4,6.12165503058072,1,3,0.8,prep,ADP,over,4,22
goldfish-neg.text.2,339,her.,3,6.572044028989929,1,4,0.5,pobj,PRON,she,4,23
goldfish-neg.text.2,340,She,3,6.572044028989929,7,2,0.9000000000000001,punct,PUNCT,.,4,24
goldfish-neg.text.2,341,looked,6,6.289426173081608,0,0,0.0,ROOT,VERB,look,5,1
goldfish-neg.text.2,342,back,4,6.303014523283947,1,1,0.6,advmod,ADV,back,5,2
goldfish-neg.text.2,343,at,2,6.507464560676047,2,1,1.6,prep,ADP,at,5,3
goldfish-neg.text.2,344,the,3,7.469073206544746,1,3,0.3,det,DET,the,5,4
goldfish-neg.text.2,345,"tank,",4,4.408409578468429,2,2,1.0,pobj,NOUN,tank,5,5
goldfish-neg.text.2,346,and,3,7.126710513400982,5,1,0.5,punct,PUNCT,",",5,6
goldfish-neg.text.2,347,to,2,7.355601686871925,6,2,4.9,prep,ADP,to,5,8
goldfish-neg.text.2,348,her,3,6.452678661106354,1,4,0.5,poss,PRON,her,5,9
goldfish-neg.text.2,349,"amazement,",9,2.8512583487190755,2,3,1.0,pobj,NOUN,amazement,5,10
goldfish-neg.text.2,350,Finley,6,3.06,3,2,0.30000000000000004,punct,PUNCT,",",5,11
goldfish-neg.text.2,351,was,3,6.7594230602184195,1,2,0.3,aux,AUX,be,5,13
goldfish-neg.text.2,352,swimming,8,4.502427119984432,13,1,7.3,conj,VERB,swim,5,14
goldfish-neg.text.2,353,around,6,5.867308354895176,1,2,0.6,advmod,ADV,around,5,15
goldfish-neg.text.2,354,as,2,6.345769610954118,4,3,2.0,mark,SCONJ,as,5,16
goldfish-neg.text.2,355,if,2,6.549171303929439,3,3,1.5,mark,SCONJ,if,5,17
goldfish-neg.text.2,356,nothing,7,5.931259494185134,2,3,2.0,nsubj,PRON,nothing,5,18
goldfish-neg.text.2,357,had,3,6.789680109103924,1,3,0.3,aux,AUX,have,5,19
goldfish-neg.text.2,358,happened.,8,5.405295123042286,6,2,3.1,advcl,VERB,happen,5,20
goldfish-neg.text.2,359,But,3,6.645173608800489,7,2,0.9000000000000001,punct,PUNCT,.,5,21
goldfish-neg.text.2,360,as,2,6.345769610954118,3,2,1.5,mark,SCONJ,as,6,1
goldfish-neg.text.2,361,the,3,7.469073206544746,1,3,0.3,det,DET,the,6,2
goldfish-neg.text.2,362,days,4,5.904076884767221,1,2,1.0,nsubj,NOUN,day,6,3
goldfish-neg.text.2,363,went,4,6.578987422636267,4,1,2.0,advcl,VERB,go,6,4
goldfish-neg.text.2,364,"by,",2,6.127257098825985,1,2,0.6,advmod,ADP,by,6,5
goldfish-neg.text.2,365,Lily,4,4.429106008332696,2,1,0.2,punct,PUNCT,",",6,6
goldfish-neg.text.2,366,began,5,4.7557224449034585,0,0,0.0,ROOT,VERB,begin,6,8
goldfish-neg.text.2,367,to,2,7.355601686871925,1,2,0.3,aux,PART,to,6,9
goldfish-neg.text.2,368,notice,6,4.772688354682142,2,1,1.0,xcomp,VERB,notice,6,10
goldfish-neg.text.2,369,that,4,7.14956733263194,2,3,1.0,mark,SCONJ,that,6,11
goldfish-neg.text.2,370,something,9,6.1761375813299395,1,3,1.0,nsubj,PRON,something,6,12
goldfish-neg.text.2,371,was,3,6.7594230602184195,3,2,1.5,ccomp,AUX,be,6,13
goldfish-neg.text.2,372,off.,3,6.071701627227895,1,3,0.6,advmod,ADV,off,6,14
goldfish-neg.text.2,373,The,3,7.469073206544746,7,1,0.9000000000000001,punct,PUNCT,.,6,15
goldfish-neg.text.2,374,plants,6,4.441066406639263,0,0,0.0,ROOT,NOUN,plant,7,1
goldfish-neg.text.2,375,in,2,6.990046118048168,1,1,0.8,prep,ADP,in,7,2
blackout-pos.naturalness,0,How,3,6.485184613433453,1,2,0.6,advmod,SCONJ,how,0,0
blackout-pos.naturalness,1,natural,7,4.6268534146667255,3,1,1.5,acomp,ADJ,natural,0,1
blackout-pos.naturalness,2,and,3,7.126710513400982,1,2,0.5,cc,CCONJ,and,0,2
blackout-pos.naturalness,3,fluent,6,3.0644579892269186,2,2,1.0,conj,ADJ,fluent,0,3
blackout-pos.naturalness,4,was,3,6.7594230602184195,0,0,0.0,ROOT,AUX,be,0,4
blackout-pos.naturalness,5,the,3,7.469073206544746,2,2,0.6,det,DET,the,0,5
blackout-pos.naturalness,6,writing,7,5.103119253545714,1,2,0.5,compound,VERB,write,0,6
blackout-pos.naturalness,7,style,5,4.478277831919605,3,1,1.5,attr,NOUN,style,0,7
blackout-pos.naturalness,8,in,2,6.990046118048168,1,2,0.8,prep,ADP,in,0,8
blackout-pos.naturalness,9,this,4,6.9019337688086235,1,4,0.3,det,DET,this,0,9
blackout-pos.naturalness,10,text?,4,3.7193312869837265,2,3,1.0,pobj,NOUN,text,0,10
blackout-pos.naturalness,11,4,0,5.78,7,1,0.9000000000000001,punct,PUNCT,?,0,11
blackout-pos.naturalness,12,–,0,,1,1,0.1,punct,PUNCT,–,1,1
blackout-pos.naturalness,13,very,4,6.093859261503438,1,3,0.6,advmod,ADV,very,1,2
blackout-pos.naturalness,14,natural,7,4.6268534146667255,1,2,0.6,amod,ADJ,natural,1,3
blackout-pos.naturalness,15,3,0,5.91,4,1,2.0,appos,NUM,3,1,4
blackout-pos.naturalness,16,–,0,,1,2,0.1,punct,PUNCT,–,1,5
blackout-pos.naturalness,17,rather,6,5.057742155828753,1,4,0.6,advmod,ADV,rather,1,6
blackout-pos.naturalness,18,natural,7,4.6268534146667255,1,3,0.6,amod,ADJ,natural,1,7
blackout-pos.naturalness,19,2,0,6.0,4,2,2.0,appos,NUM,2,1,8
blackout-pos.naturalness,20,–,0,,1,3,0.1,punct,PUNCT,–,1,9
blackout-pos.naturalness,21,rather,6,5.057742155828753,1,3,0.6,advmod,ADV,rather,1,10
blackout-pos.naturalness,22,unnatural,9,3.4393326938302624,1,2,0.6,amod,ADJ,unnatural,1,11
blackout-pos.naturalness,23,1,0,6.0,12,1,6.7,appos,NUM,1,1,12
blackout-pos.naturalness,24,–,0,,1,2,0.1,punct,PUNCT,–,1,13
blackout-pos.naturalness,25,very,4,6.093859261503438,1,3,0.6,advmod,ADV,very,1,14
blackout-pos.naturalness,26,unnatural,9,3.4393326938302624,3,2,1.7999999999999998,amod,ADJ,unnatural,1,15
delayed-neg.text.2,213,on,2,6.842342715684627,0,0,0.0,ROOT,ADP,on,0,0
delayed-neg.text.2,214,her,3,6.452678661106354,1,2,0.5,poss,PRON,her,0,1
delayed-neg.text.2,215,way,3,6.153732569172379,2,1,1.0,pobj,NOUN,way,0,2
delayed-neg.text.2,216,to,2,7.355601686871925,1,3,0.3,aux,PART,to,0,3
delayed-neg.text.2,217,visit,5,4.768564109513573,2,2,1.0,relcl,VERB,visit,0,4
delayed-neg.text.2,218,her,3,6.452678661106354,1,4,0.5,poss,PRON,her,0,5
delayed-neg.text.2,219,sister,6,5.256549382152194,2,3,2.0,dobj,NOUN,sister,0,6
delayed-neg.text.2,220,who,3,6.346927740692434,1,5,1.0,nsubj,PRON,who,0,7
delayed-neg.text.2,221,lived,5,5.537302670071282,2,4,1.0,relcl,VERB,live,0,8
delayed-neg.text.2,222,on,2,6.842342715684627,1,5,0.8,prep,ADP,on,0,9
delayed-neg.text.2,223,the,3,7.469073206544746,2,7,0.6,det,DET,the,0,10
delayed-neg.text.2,224,other,5,5.866517719938137,1,7,0.6,amod,ADJ,other,0,11
delayed-neg.text.2,225,side,4,5.303023169487512,3,6,1.5,pobj,NOUN,side,0,12
delayed-neg.text.2,226,of,2,7.063605036452092,1,7,0.8,prep,ADP,of,0,13
delayed-neg.text.2,227,the,3,7.469073206544746,1,9,0.3,det,DET,the,0,14
delayed-neg.text.2,228,country.,7,5.209085869762748,2,8,1.0,pobj,NOUN,country,0,15
delayed-neg.text.2,229,As,2,6.345769610954118,16,1,2.7,punct,PUNCT,.,0,16
delayed-neg.text.2,230,they,4,6.613095166038459,1,2,1.0,nsubj,PRON,they,1,1
delayed-neg.text.2,231,"chatted,",7,4.211387552936859,3,1,1.5,advcl,VERB,chat,1,2
delayed-neg.text.2,232,Sarah,5,4.634880140766526,2,1,0.2,punct,PUNCT,",",1,3
delayed-neg.text.2,233,found,5,5.919580118612771,0,0,0.0,ROOT,VERB,find,1,5
delayed-neg.text.2,234,herself,7,4.719745492529577,1,2,1.0,nsubj,PRON,herself,1,6
delayed-neg.text.2,235,opening,7,5.505706061959787,2,1,1.0,ccomp,VERB,open,1,7
delayed-neg.text.2,236,up,2,6.564666064252089,1,2,0.5,prt,ADP,up,1,8
delayed-neg.text.2,237,to,2,7.355601686871925,2,2,1.6,prep,ADP,to,1,9
delayed-neg.text.2,238,Alex,4,4.62,1,3,0.5,pobj,PROPN,Alex,1,10
delayed-neg.text.2,239,in,2,6.990046118048168,4,2,3.2,prep,ADP,in,1,11
delayed-neg.text.2,240,a,1,7.3099551280128585,1,4,0.3,det,DET,a,1,12
delayed-neg.text.2,241,way,3,6.153732569172379,2,3,1.0,pobj,NOUN,way,1,13
delayed-neg.text.2,242,she,3,6.572044028989929,2,5,2.0,nsubj,PRON,she,1,14
delayed-neg.text.2,243,never,5,6.134352448068437,1,5,0.5,neg,ADV,never,1,15
delayed-neg.text.2,244,had,3,6.789680109103924,3,4,1.5,relcl,VERB,have,1,16
delayed-neg.text.2,245,with,4,6.703147736191453,1,5,0.8,prep,ADP,with,1,17
delayed-neg.text.2,246,anyone,6,5.406965750758948,1,6,0.5,pobj,PRON,anyone,1,18
delayed-neg.text.2,247,before.,6,5.899897071530102,3,5,1.7999999999999998,advmod,ADV,before,1,19
delayed-neg.text.2,248,He,2,6.882934163885178,15,1,2.5,punct,PUNCT,.,1,20
delayed-neg.text.2,249,was,3,6.7594230602184195,0,0,0.0,ROOT,AUX,be,2,1
delayed-neg.text.2,250,easy,4,5.42440789939746,1,1,0.5,acomp,ADJ,easy,2,2
delayed-neg.text.2,251,to,2,7.355601686871925,1,3,0.3,aux,PART,to,2,3
delayed-neg.text.2,252,talk,4,5.931966114728173,2,2,1.0,xcomp,VERB,talk,2,4
delayed-neg.text.2,253,"to,",2,7.355601686871925,1,3,0.8,prep,ADP,to,2,5
delayed-neg.text.2,254,and,3,7.126710513400982,5,1,0.5,punct,PUNCT,",",2,6
delayed-neg.text.2,255,she,3,6.572044028989929,1,2,1.0,nsubj,PRON,she,2,8
delayed-neg.text.2,256,felt,4,5.797433746145375,8,1,4.3,conj,VERB,feel,2,9
delayed-neg.text.2,257,like,4,6.601947060080969,3,3,1.5,mark,SCONJ,like,2,10
delayed-neg.text.2,258,she,3,6.572044028989929,2,3,2.0,nsubj,PRON,she,2,11
delayed-neg.text.2,259,had,3,6.789680109103924,1,3,0.3,aux,AUX,have,2,12
delayed-neg.text.2,260,known,5,6.757485611771434,4,2,2.0,advcl,VERB,know,2,13
delayed-neg.text.2,261,him,3,6.882934163885178,1,3,1.0,dobj,PRON,he,2,14
delayed-neg.text.2,262,for,3,6.838540569153386,2,3,1.6,prep,ADP,for,2,15
delayed-neg.text.2,263,years.,5,5.443919801103023,1,4,0.5,pobj,NOUN,year,2,16
delayed-neg.text.2,264,They,4,6.613095166038459,8,2,1.1,punct,PUNCT,.,2,17
delayed-neg.text.2,265,talked,6,5.931966114728173,0,0,0.0,ROOT,VERB,talk,3,1
delayed-neg.text.2,266,about,5,6.560084852586414,1,1,0.8,prep,ADP,about,3,2
delayed-neg.text.2,267,everything,10,5.8161617273011945,1,2,0.5,pobj,PRON,everything,3,3
delayed-neg.text.2,268,from,4,6.309430005221755,1,3,0.8,prep,ADP,from,3,4
delayed-neg.text.2,269,their,5,5.816347374238363,1,5,0.5,poss,PRON,their,3,5
delayed-neg.text.2,270,jobs,4,5.615950051656402,2,4,1.0,pobj,NOUN,job,3,6
delayed-neg.text.2,271,to,2,7.355601686871925,4,3,3.2,prep,ADP,to,3,7
delayed-neg.text.2,272,their,5,5.816347374238363,1,5,0.5,poss,PRON,their,3,8
delayed-neg.text.2,273,families,8,5.549309858919498,2,4,1.0,pobj,NOUN,family,3,9
delayed-neg.text.2,274,to,2,7.355601686871925,7,3,5.800000000000001,prep,ADP,to,3,10
delayed-neg.text.2,275,their,5,5.816347374238363,2,5,1.0,poss,PRON,their,3,11
delayed-neg.text.2,276,favorite,8,4.774151858954711,1,5,0.6,amod,ADJ,favorite,3,12
delayed-neg.text.2,277,books,5,5.247924190766308,3,4,1.5,pobj,NOUN,book,3,13
delayed-neg.text.2,278,and,3,7.126710513400982,1,5,0.5,cc,CCONJ,and,3,14
delayed-neg.text.2,279,movies.,6,5.0897638544916886,2,5,1.0,conj,NOUN,movie,3,15
delayed-neg.text.2,280,As,2,6.345769610954118,15,1,2.5,punct,PUNCT,.,3,16
delayed-neg.text.2,281,the,3,7.469073206544746,1,3,0.3,det,DET,the,4,1
delayed-neg.text.2,282,hours,5,5.210291760253723,1,2,1.0,nsubj,NOUN,hour,4,2
delayed-neg.text.2,283,"passed,",6,5.0339060370266875,4,1,2.0,advcl,VERB,pass,4,3
delayed-neg.text.2,284,the,3,7.469073206544746,3,1,0.30000000000000004,punct,PUNCT,",",4,4
delayed-neg.text.2,285,storm,5,4.489395921727129,1,1,1.0,nsubj,NOUN,storm,4,6
delayed-neg.text.2,286,showed,6,5.688731192054797,0,0,0.0,ROOT,VERB,show,4,7
delayed-neg.text.2,287,no,2,6.7760870730181075,1,2,0.3,det,DET,no,4,8
delayed-neg.text.2,288,signs,5,5.124732397720029,2,1,2.0,dobj,NOUN,sign,4,9
delayed-neg.text.2,289,of,2,7.063605036452092,1,2,0.8,prep,ADP,of,4,10
delayed-neg.text.2,290,letting,7,6.3836789545567525,1,3,0.5,pcomp,VERB,let,4,11
delayed-neg.text.2,291,up.,2,6.564666064252089,1,4,0.5,prt,ADP,up,4,12
delayed-neg.text.2,292,But,3,6.645173608800489,6,1,0.7000000000000001,punct,PUNCT,.,4,13
delayed-neg.text.2,293,Sarah,5,4.634880140766526,5,1,5.0,nsubj,PROPN,Sarah,5,1
delayed-neg.text.2,294,and,3,7.126710513400982,1,2,0.5,cc,CCONJ,and,5,2
delayed-neg.text.2,295,Alex,4,4.62,2,2,1.0,conj,PROPN,Alex,5,3
delayed-neg.text.2,296,didn't,5,6.787856330946344,2,1,0.6,aux,AUX,do,5,4
delayed-neg.text.2,297,care.,4,5.6859655440604,0,0,0.0,ROOT,VERB,care,5,6
delayed-neg.text.2,298,They,4,6.613095166038459,1,1,0.1,punct,PUNCT,.,5,7
delayed-neg.text.2,299,were,4,6.7594230602184195,0,0,0.0,ROOT,AUX,be,6,1
delayed-neg.text.2,300,too,3,6.137217977334606,1,2,0.6,advmod,ADV,too,6,2
delayed-neg.text.2,301,busy,4,5.027471927021278,2,1,1.0,acomp,ADJ,busy,6,3
delayed-neg.text.2,302,getting,7,6.6612218704330886,1,2,0.5,xcomp,VERB,get,6,4
delayed-neg.text.2,303,to,2,7.355601686871925,1,4,0.3,aux,PART,to,6,5
delayed-neg.text.2,304,know,4,6.757485611771434,2,3,1.0,xcomp,VERB,know,6,6
delayed-neg.text.2,305,each,4,5.4035494540323175,1,5,0.3,det,DET,each,6,7
delayed-neg.text.2,306,other.,5,5.866517719938137,2,4,2.0,dobj,ADJ,other,6,8
delayed-neg.text.2,307,As,2,6.345769610954118,8,1,1.1,punct,PUNCT,.,6,9
delayed-neg.text.2,308,they,4,6.613095166038459,1,2,1.0,nsubj,PRON,they,7,1
delayed-neg.text.2,309,"talked,",6,5.931966114728173,3,1,1.5,advcl,VERB,talk,7,2
delayed-neg.text.2,310,Sarah,5,4.634880140766526,2,1,0.2,punct,PUNCT,",",7,3
delayed-neg.text.2,311,realized,8,4.897956810006952,0,0,0.0,ROOT,VERB,realize,7,5
delayed-neg.text.2,312,that,4,7.14956733263194,3,2,1.5,mark,SCONJ,that,7,6
delayed-neg.text.2,313,she,3,6.572044028989929,2,2,2.0,nsubj,PRON,she,7,7
delayed-neg.text.2,314,was,3,6.7594230602184195,1,2,0.3,aux,AUX,be,7,8
delayed-neg.text.2,315,having,6,6.789680109103924,4,1,2.0,ccomp,VERB,have,7,9
delayed-neg.text.2,316,the,3,7.469073206544746,1,3,0.3,det,DET,the,7,10
delayed-neg.text.2,317,time,4,6.29195240223515,2,2,2.0,dobj,NOUN,time,7,11
delayed-neg.text.2,318,of,2,7.063605036452092,1,3,0.8,prep,ADP,of,7,12
delayed-neg.text.2,319,her,3,6.452678661106354,1,5,0.5,poss,PRON,her,7,13
delayed-neg.text.2,320,life.,4,5.901267560474818,2,4,1.0,pobj,NOUN,life,7,14
delayed-neg.text.2,321,For,3,6.838540569153386,10,1,1.5,punct,PUNCT,.,7,15
delayed-neg.text.2,322,the,3,7.469073206544746,1,2,0.3,det,DET,the,8,1
delayed-neg.text.2,323,first,5,5.924573885946655,2,1,1.0,pobj,ADJ,first,8,2
goldfish-zero.interest,0,How,3,6.485184613433453,1,2,0.6,advmod,SCONJ,how,0,0
goldfish-zero.interest,1,interesting,11,4.937969002951452,3,1,1.5,acomp,ADJ,interesting,0,1
goldfish-zero.interest,2,did,3,6.787856330946344,2,1,0.6,aux,AUX,do,0,2
goldfish-zero.interest,3,you,3,7.621769343182391,1,1,1.0,nsubj,PRON,you,0,3
goldfish-zero.interest,4,find,4,5.919580118612771,0,0,0.0,ROOT,VERB,find,0,4
goldfish-zero.interest,5,this,4,6.9019337688086235,1,2,0.3,det,DET,this,0,5
goldfish-zero.interest,6,text?,4,3.7193312869837265,2,1,2.0,dobj,NOUN,text,0,6
goldfish-zero.interest,7,4,0,5.78,3,1,0.30000000000000004,punct,PUNCT,?,0,7
goldfish-zero.interest,8,–,0,,1,2,0.1,punct,PUNCT,–,1,1
goldfish-zero.interest,9,very,4,6.093859261503438,1,3,0.6,advmod,ADV,very,1,2
goldfish-zero.interest,10,interesting,11,4.937969002951452,3,2,1.7999999999999998,amod,ADJ,interesting,1,3
goldfish-zero.interest,11,3,0,5.91,1,3,0.5,nummod,NUM,3,1,4
goldfish-zero.interest,12,–,0,,5,2,0.5,punct,PUNCT,–,1,5
goldfish-zero.interest,13,rather,6,5.057742155828753,1,1,0.6,advmod,ADV,rather,1,6
goldfish-zero.interest,14,interesting,11,4.937969002951452,0,0,0.0,ROOT,ADJ,interesting,1,7
goldfish-zero.interest,15,2,0,6.0,1,1,0.5,nummod,NUM,2,1,8
goldfish-zero.interest,16,–,0,,1,2,0.1,punct,PUNCT,–,1,9
goldfish-zero.interest,17,rather,6,5.057742155828753,1,3,0.6,advmod,ADV,rather,1,10
goldfish-zero.interest,18,boring,6,4.437909035539498,3,2,1.7999999999999998,amod,ADJ,boring,1,11
goldfish-zero.interest,19,1,0,6.0,1,3,0.5,nummod,NUM,1,1,12
goldfish-zero.interest,20,–,0,,1,4,0.1,punct,PUNCT,–,1,13
goldfish-zero.interest,21,very,4,6.093859261503438,1,3,0.6,advmod,ADV,very,1,14
goldfish-zero.interest,22,boring,6,4.437909035539498,7,2,4.4,amod,ADJ,boring,1,15
blackout-neg.naturalness,0,How,3,6.485184613433453,1,2,0.6,advmod,SCONJ,how,0,0
blackout-neg.naturalness,1,natural,7,4.6268534146667255,3,1,1.5,acomp,ADJ,natural,0,1
blackout-neg.naturalness,2,and,3,7.126710513400982,1,2,0.5,cc,CCONJ,and,0,2
blackout-neg.naturalness,3,fluent,6,3.0644579892269186,2,2,1.0,conj,ADJ,fluent,0,3
blackout-neg.naturalness,4,was,3,6.7594230602184195,0,0,0.0,ROOT,AUX,be,0,4
blackout-neg.naturalness,5,the,3,7.469073206544746,2,2,0.6,det,DET,the,0,5
blackout-neg.naturalness,6,writing,7,5.103119253545714,1,2,0.5,compound,VERB,write,0,6
blackout-neg.naturalness,7,style,5,4.478277831919605,3,1,1.5,attr,NOUN,style,0,7
blackout-neg.naturalness,8,in,2,6.990046118048168,1,2,0.8,prep,ADP,in,0,8
blackout-neg.naturalness,9,this,4,6.9019337688086235,1,4,0.3,det,DET,this,0,9
blackout-neg.naturalness,10,text?,4,3.7193312869837265,2,3,1.0,pobj,NOUN,text,0,10
blackout-neg.naturalness,11,4,0,5.78,7,1,0.9000000000000001,punct,PUNCT,?,0,11
blackout-neg.naturalness,12,–,0,,1,1,0.1,punct,PUNCT,–,1,1
blackout-neg.naturalness,13,very,4,6.093859261503438,1,3,0.6,advmod,ADV,very,1,2
blackout-neg.naturalness,14,natural,7,4.6268534146667255,1,2,0.6,amod,ADJ,natural,1,3
blackout-neg.naturalness,15,3,0,5.91,4,1,2.0,appos,NUM,3,1,4
blackout-neg.naturalness,16,–,0,,1,2,0.1,punct,PUNCT,–,1,5
blackout-neg.naturalness,17,rather,6,5.057742155828753,1,4,0.6,advmod,ADV,rather,1,6
blackout-neg.naturalness,18,natural,7,4.6268534146667255,1,3,0.6,amod,ADJ,natural,1,7
blackout-neg.naturalness,19,2,0,6.0,4,2,2.0,appos,NUM,2,1,8
blackout-neg.naturalness,20,–,0,,1,3,0.1,punct,PUNCT,–,1,9
blackout-neg.naturalness,21,rather,6,5.057742155828753,1,3,0.6,advmod,ADV,rather,1,10
blackout-neg.naturalness,22,unnatural,9,3.4393326938302624,1,2,0.6,amod,ADJ,unnatural,1,11
blackout-neg.naturalness,23,1,0,6.0,12,1,6.7,appos,NUM,1,1,12
blackout-neg.naturalness,24,–,0,,1,2,0.1,punct,PUNCT,–,1,13
blackout-neg.naturalness,25,very,4,6.093859261503438,1,3,0.6,advmod,ADV,very,1,14
blackout-neg.naturalness,26,unnatural,9,3.4393326938302624,3,2,1.7999999999999998,amod,ADJ,unnatural,1,15
breakfast-neg.difficulty,0,How,3,6.485184613433453,1,2,0.6,advmod,SCONJ,how,0,0
breakfast-neg.difficulty,1,difficult,9,4.779307827583586,1,1,0.5,acomp,ADJ,difficult,0,1
breakfast-neg.difficulty,2,was,3,6.7594230602184195,0,0,0.0,ROOT,AUX,be,0,2
breakfast-neg.difficulty,3,this,4,6.9019337688086235,1,2,0.3,det,DET,this,0,3
breakfast-neg.difficulty,4,text,4,3.7193312869837265,2,1,2.0,nsubj,NOUN,text,0,4
breakfast-neg.difficulty,5,for,3,6.838540569153386,3,2,1.5,mark,SCONJ,for,0,5
breakfast-neg.difficulty,6,you,3,7.621769343182391,2,2,2.0,nsubj,PRON,you,0,6
breakfast-neg.difficulty,7,to,2,7.355601686871925,1,2,0.3,aux,PART,to,0,7
breakfast-neg.difficulty,8,read,4,5.382413313126266,6,1,3.1,advcl,VERB,read,0,8
breakfast-neg.difficulty,9,and,3,7.126710513400982,1,2,0.5,cc,CCONJ,and,0,9
breakfast-neg.difficulty,10,understand?,10,5.683452310738281,2,2,1.0,conj,VERB,understand,0,10
breakfast-neg.difficulty,11,4,0,5.78,9,1,1.3,punct,PUNCT,?,0,11
breakfast-neg.difficulty,12,–,0,,1,2,0.1,punct,PUNCT,–,1,1
breakfast-neg.difficulty,13,very,4,6.093859261503438,1,2,0.6,advmod,ADV,very,1,2
breakfast-neg.difficulty,14,difficult,9,4.779307827583586,9,1,5.8,amod,ADJ,difficult,1,3
breakfast-neg.difficulty,15,3,0,5.91,8,1,4.3,nummod,NUM,3,1,4
breakfast-neg.difficulty,16,–,0,,1,2,0.1,punct,PUNCT,–,1,5
breakfast-neg.difficulty,17,rather,6,5.057742155828753,1,4,0.6,advmod,ADV,rather,1,6
breakfast-neg.difficulty,18,difficult,9,4.779307827583586,1,3,0.6,amod,ADJ,difficult,1,7
breakfast-neg.difficulty,19,2,0,6.0,4,2,2.0,appos,NUM,2,1,8
breakfast-neg.difficulty,20,–,0,,1,3,0.1,punct,PUNCT,–,1,9
breakfast-neg.difficulty,21,rather,6,5.057742155828753,1,4,0.6,advmod,ADV,rather,1,10
breakfast-neg.difficulty,22,easy,4,5.42440789939746,3,3,1.7999999999999998,amod,ADJ,easy,1,11
breakfast-neg.difficulty,23,1,0,6.0,0,0,0.0,ROOT,NUM,1,1,12
breakfast-neg.difficulty,24,–,0,,1,1,0.1,punct,PUNCT,–,1,13
breakfast-neg.difficulty,25,very,4,6.093859261503438,1,2,0.6,advmod,ADV,very,1,14
breakfast-neg.difficulty,26,easy,4,5.42440789939746,3,1,1.7999999999999998,amod,ADJ,easy,1,15
breakfast-zero.naturalness,0,How,3,6.485184613433453,1,2,0.6,advmod,SCONJ,how,0,0
breakfast-zero.naturalness,1,natural,7,4.6268534146667255,3,1,1.5,acomp,ADJ,natural,0,1
breakfast-zero.naturalness,2,and,3,7.126710513400982,1,2,0.5,cc,CCONJ,and,0,2
breakfast-zero.naturalness,3,fluent,6,3.0644579892269186,2,2,1.0,conj,ADJ,fluent,0,3
breakfast-zero.naturalness,4,was,3,6.7594230602184195,0,0,0.0,ROOT,AUX,be,0,4
breakfast-zero.naturalness,5,the,3,7.469073206544746,2,2,0.6,det,DET,the,0,5
breakfast-zero.naturalness,6,writing,7,5.103119253545714,1,2,0.5,compound,VERB,write,0,6
breakfast-zero.naturalness,7,style,5,4.478277831919605,3,1,1.5,attr,NOUN,style,0,7
breakfast-zero.naturalness,8,in,2,6.990046118048168,1,2,0.8,prep,ADP,in,0,8
breakfast-zero.naturalness,9,this,4,6.9019337688086235,1,4,0.3,det,DET,this,0,9
breakfast-zero.naturalness,10,text?,4,3.7193312869837265,2,3,1.0,pobj,NOUN,text,0,10
breakfast-zero.naturalness,11,4,0,5.78,7,1,0.9000000000000001,punct,PUNCT,?,0,11
breakfast-zero.naturalness,12,–,0,,1,1,0.1,punct,PUNCT,–,1,1
breakfast-zero.naturalness,13,very,4,6.093859261503438,1,3,0.6,advmod,ADV,very,1,2
breakfast-zero.naturalness,14,natural,7,4.6268534146667255,1,2,0.6,amod,ADJ,natural,1,3
breakfast-zero.naturalness,15,3,0,5.91,4,1,2.0,appos,NUM,3,1,4
breakfast-zero.naturalness,16,–,0,,1,2,0.1,punct,PUNCT,–,1,5
breakfast-zero.naturalness,17,rather,6,5.057742155828753,1,4,0.6,advmod,ADV,rather,1,6
breakfast-zero.naturalness,18,natural,7,4.6268534146667255,1,3,0.6,amod,ADJ,natural,1,7
breakfast-zero.naturalness,19,2,0,6.0,4,2,2.0,appos,NUM,2,1,8
breakfast-zero.naturalness,20,–,0,,1,3,0.1,punct,PUNCT,–,1,9
breakfast-zero.naturalness,21,rather,6,5.057742155828753,1,3,0.6,advmod,ADV,rather,1,10
breakfast-zero.naturalness,22,unnatural,9,3.4393326938302624,1,2,0.6,amod,ADJ,unnatural,1,11
breakfast-zero.naturalness,23,1,0,6.0,12,1,6.7,appos,NUM,1,1,12
breakfast-zero.naturalness,24,–,0,,1,2,0.1,punct,PUNCT,–,1,13
breakfast-zero.naturalness,25,very,4,6.093859261503438,1,3,0.6,advmod,ADV,very,1,14
breakfast-zero.naturalness,26,unnatural,9,3.4393326938302624,3,2,1.7999999999999998,amod,ADJ,unnatural,1,15
goldfish-zero.text.0,0,One,3,6.48745513929058,5,2,2.5,nummod,NUM,one,0,0
goldfish-zero.text.0,1,Last,4,5.859198361533878,2,3,1.2,amod,ADJ,last,0,1
goldfish-zero.text.0,2,Wish,4,5.371289573064556,1,3,0.5,compound,PROPN,Wish,0,2
goldfish-zero.text.0,3,Emma's,5,4.196176185039973,2,2,1.0,poss,PROPN,Emma,0,3
goldfish-zero.text.0,4,eyes,4,5.0483641052798855,1,1,1.0,nsubj,NOUN,eye,0,5
goldfish-zero.text.0,5,welled,6,6.475765589907652,0,0,0.0,ROOT,VERB,well,0,6
goldfish-zero.text.0,6,up,2,6.564666064252089,1,1,0.5,prt,ADP,up,0,7
goldfish-zero.text.0,7,with,4,6.703147736191453,2,1,1.6,prep,ADP,with,0,8
goldfish-zero.text.0,8,tears,5,4.431363764158987,1,2,0.5,pobj,NOUN,tear,0,9
goldfish-zero.text.0,9,as,2,6.345769610954118,2,2,1.0,mark,SCONJ,as,0,10
goldfish-zero.text.0,10,she,3,6.572044028989929,1,2,1.0,nsubj,PRON,she,0,11
goldfish-zero.text.0,11,stared,6,3.998259338423699,6,1,3.1,advcl,VERB,stare,0,12
goldfish-zero.text.0,12,at,2,6.507464560676047,1,2,0.8,prep,ADP,at,0,13
goldfish-zero.text.0,13,the,3,7.469073206544746,2,4,0.6,det,DET,the,0,14
goldfish-zero.text.0,14,lifeless,8,3.0969100130080562,1,4,0.6,amod,ADJ,lifeless,0,15
goldfish-zero.text.0,15,body,4,5.291213400273596,3,3,1.5,pobj,NOUN,body,0,16
goldfish-zero.text.0,16,of,2,7.063605036452092,1,4,0.8,prep,ADP,of,0,17
goldfish-zero.text.0,17,her,3,6.452678661106354,2,6,1.0,poss,PRON,her,0,18
goldfish-zero.text.0,18,beloved,7,4.1058506743851435,1,6,0.6,amod,ADJ,beloved,0,19
goldfish-zero.text.0,19,"goldfish,",8,3.482873583608754,3,5,1.5,pobj,NOUN,goldfish,0,20
goldfish-zero.text.0,20,Finley.,6,3.06,1,6,0.1,punct,PUNCT,",",0,21
goldfish-zero.text.0,21,She,3,6.572044028989929,17,1,2.9000000000000004,punct,PUNCT,.,0,23
goldfish-zero.text.0,22,had,3,6.789680109103924,1,1,0.3,aux,AUX,have,1,1
goldfish-zero.text.0,23,taken,5,6.276700715304874,0,0,0.0,ROOT,VERB,take,1,2
goldfish-zero.text.0,24,care,4,5.6859655440604,1,1,1.0,dobj,NOUN,care,1,3
goldfish-zero.text.0,25,of,2,7.063605036452092,2,1,1.6,prep,ADP,of,1,4
goldfish-zero.text.0,26,him,3,6.882934163885178,1,2,0.5,pobj,PRON,he,1,5
goldfish-zero.text.0,27,for,3,6.838540569153386,4,1,3.2,prep,ADP,for,1,6
goldfish-zero.text.0,28,as,2,6.345769610954118,1,3,0.6,advmod,ADV,as,1,7
goldfish-zero.text.0,29,long,4,5.829406704509388,2,2,1.0,pcomp,ADV,long,1,8
goldfish-zero.text.0,30,as,2,6.345769610954118,3,4,1.5,mark,SCONJ,as,1,9
goldfish-zero.text.0,31,she,3,6.572044028989929,2,4,2.0,nsubj,PRON,she,1,10
goldfish-zero.text.0,32,could,5,6.212078350946609,1,4,0.3,aux,AUX,could,1,11
goldfish-zero.text.0,33,"remember,",8,5.734375725571784,4,3,2.0,advcl,VERB,remember,1,12
goldfish-zero.text.0,34,feeding,7,4.0700378666077555,11,1,1.7000000000000002,punct,PUNCT,",",1,13
goldfish-zero.text.0,35,"him,",3,6.882934163885178,1,2,1.0,dobj,PRON,he,1,15
goldfish-zero.text.0,36,cleaning,8,4.3558344958849355,2,2,0.2,punct,PUNCT,",",1,16
goldfish-zero.text.0,37,his,3,6.327313969806467,1,4,0.5,poss,PRON,his,1,18
goldfish-zero.text.0,38,"tank,",4,4.408409578468429,2,3,2.0,dobj,NOUN,tank,1,19
goldfish-zero.text.0,39,and,3,7.126710513400982,3,3,0.30000000000000004,punct,PUNCT,",",1,20
goldfish-zero.text.0,40,talking,7,5.931966114728173,5,3,2.5,conj,VERB,talk,1,22
goldfish-zero.text.0,41,to,2,7.355601686871925,1,4,0.8,prep,ADP,to,1,23
goldfish-zero.text.0,42,him,3,6.882934163885178,1,5,0.5,pobj,PRON,he,1,24
goldfish-zero.text.0,43,every,5,5.739698896350719,1,5,0.3,det,DET,every,1,25
goldfish-zero.text.0,44,day.,3,5.904076884767221,4,4,2.0,npadvmod,NOUN,day,1,26
goldfish-zero.text.0,45,Finley,6,3.06,25,1,4.5,punct,PUNCT,.,1,27
goldfish-zero.text.0,46,had,3,6.789680109103924,1,2,0.3,aux,AUX,have,2,1
goldfish-zero.text.0,47,been,4,6.7594230602184195,10,1,5.5,ccomp,AUX,be,2,2
goldfish-zero.text.0,48,more,4,6.113472054195492,1,2,0.5,acomp,ADJ,more,2,3
goldfish-zero.text.0,49,than,4,5.868526886768203,1,3,0.8,prep,ADP,than,2,4
goldfish-zero.text.0,50,just,4,6.67661497234708,2,5,1.2,advmod,ADV,just,2,5
goldfish-zero.text.0,51,a,1,7.3099551280128585,1,5,0.3,det,DET,a,2,6
goldfish-zero.text.0,52,pet,3,4.304921161900891,3,4,1.5,pobj,NOUN,pet,2,7
goldfish-zero.text.0,53,to,2,7.355601686871925,6,2,4.9,prep,ADP,to,2,8
goldfish-zero.text.0,54,Emma;,4,4.196176185039973,1,3,0.5,pobj,PROPN,Emma,2,9
goldfish-zero.text.0,55,he,2,6.882934163885178,2,1,0.2,punct,PUNCT,;,2,10
goldfish-zero.text.0,56,was,3,6.7594230602184195,0,0,0.0,ROOT,AUX,be,2,12
goldfish-zero.text.0,57,her,3,6.452678661106354,1,2,0.5,poss,PRON,her,2,13
goldfish-zero.text.0,58,"confidant,",9,2.785329835010767,2,1,1.0,attr,NOUN,confidant,2,14
goldfish-zero.text.0,59,her,3,6.452678661106354,1,2,0.1,punct,PUNCT,",",2,15
goldfish-zero.text.0,60,"friend,",6,5.622514504672569,3,2,1.5,appos,NOUN,friend,2,17
goldfish-zero.text.0,61,and,3,7.126710513400982,1,3,0.1,punct,PUNCT,",",2,18
goldfish-zero.text.0,62,her,3,6.452678661106354,2,4,1.0,poss,PRON,her,2,20
goldfish-zero.text.0,63,constant,8,3.9965116721541785,1,4,0.6,amod,ADJ,constant,2,21
goldfish-zero.text.0,64,companion.,9,3.8014037100173548,5,3,2.5,conj,NOUN,companion,2,22
goldfish-zero.text.0,65,As,2,6.345769610954118,11,1,1.7000000000000002,punct,PUNCT,.,2,23
goldfish-zero.text.0,66,she,3,6.572044028989929,1,2,1.0,nsubj,PRON,she,3,1
goldfish-zero.text.0,67,held,4,5.64021302564462,12,1,6.7,advcl,VERB,hold,3,2
goldfish-zero.text.0,68,Finley's,7,3.06,3,3,1.5,poss,PROPN,Finley,3,3
goldfish-zero.text.0,69,limp,4,3.5646660642520893,1,3,0.6,amod,ADJ,limp,3,5
goldfish-zero.text.0,70,body,4,5.291213400273596,4,2,4.0,dobj,NOUN,body,3,6
goldfish-zero.text.0,71,in,2,6.990046118048168,5,2,4.0,prep,ADP,in,3,7
goldfish-zero.text.0,72,her,3,6.452678661106354,1,4,0.5,poss,PRON,her,3,8
goldfish-zero.text.0,73,"hands,",5,5.446614823664267,2,3,1.0,pobj,NOUN,hand,3,9
goldfish-zero.text.0,74,Emma,4,4.196176185039973,4,1,0.4,punct,PUNCT,",",3,10
goldfish-zero.text.0,75,couldn't,7,6.212078350946609,2,1,0.6,aux,AUX,could,3,12
goldfish-zero.text.0,76,help,4,5.964316212111059,0,0,0.0,ROOT,VERB,help,3,14
goldfish-zero.text.0,77,but,3,6.645173608800489,1,1,0.5,cc,CCONJ,but,3,15
goldfish-zero.text.0,78,think,5,6.429976634432498,2,1,1.0,conj,VERB,think,3,16
goldfish-zero.text.0,79,of,2,7.063605036452092,1,2,0.8,prep,ADP,of,3,17
goldfish-zero.text.0,80,all,3,6.71280622142986,3,4,1.5,predet,DET,all,3,18
goldfish-zero.text.0,81,the,3,7.469073206544746,2,4,0.6,det,DET,the,3,19
goldfish-zero.text.0,82,good,4,6.4166638022029705,1,4,0.6,amod,ADJ,good,3,20
goldfish-zero.text.0,83,times,5,6.29195240223515,4,3,2.0,pobj,NOUN,time,3,21
goldfish-zero.text.0,84,they,4,6.613095166038459,2,5,2.0,nsubj,PRON,they,3,22
goldfish-zero.text.0,85,had,3,6.789680109103924,1,5,0.3,aux,AUX,have,3,23
goldfish-zero.text.0,86,shared.,6,4.8420472885096375,3,4,1.5,relcl,VERB,share,3,24
goldfish-zero.text.0,87,She,3,6.572044028989929,11,1,1.7000000000000002,punct,PUNCT,.,3,25
goldfish-zero.text.0,88,remembered,10,5.734375725571784,0,0,0.0,ROOT,VERB,remember,4,1
goldfish-zero.text.0,89,the,3,7.469073206544746,1,2,0.3,det,DET,the,4,2
goldfish-zero.text.0,90,way,3,6.153732569172379,2,1,2.0,dobj,NOUN,way,4,3
goldfish-zero.text.0,91,Finley,6,3.06,2,3,2.0,nsubj,PROPN,Finley,4,4
goldfish-zero.text.0,92,would,5,6.247452782675624,1,3,0.3,aux,AUX,would,4,5
goldfish-zero.text.0,93,swim,4,4.502427119984432,3,2,1.5,relcl,VERB,swim,4,6
goldfish-zero.text.0,94,up,2,6.564666064252089,1,3,0.5,prt,ADP,up,4,7
goldfish-zero.text.0,95,to,2,7.355601686871925,2,3,1.6,prep,ADP,to,4,8
goldfish-zero.text.0,96,the,3,7.469073206544746,1,5,0.3,det,DET,the,4,9
goldfish-zero.text.0,97,glass,5,4.783260232872949,2,4,1.0,pobj,NOUN,glass,4,10
goldfish-zero.text.0,98,to,2,7.355601686871925,1,4,0.3,aux,PART,to,4,11
goldfish-zero.text.0,99,greet,5,3.720159303405957,6,3,3.1,advcl,VERB,greet,4,12
goldfish-zero.text.0,100,her,3,6.572044028989929,1,4,1.0,dobj,PRON,she,4,13
goldfish-zero.text.0,101,when,4,6.308372299806312,2,4,1.2,advmod,SCONJ,when,4,14
goldfish-zero.text.0,102,she,3,6.572044028989929,1,4,1.0,nsubj,PRON,she,4,15
goldfish-zero.text.0,103,came,4,6.497065171063486,10,3,5.5,advcl,VERB,come,4,16
goldfish-zero.text.0,104,home,4,5.888926085535086,1,4,0.6,advmod,ADV,home,4,17
goldfish-zero.text.0,105,from,4,6.309430005221755,2,4,1.6,prep,ADP,from,4,18
goldfish-zero.text.0,106,"school,",6,5.522600707830442,1,5,0.5,pobj,NOUN,school,4,19
goldfish-zero.text.0,107,the,3,7.469073206544746,17,2,2.9000000000000004,punct,PUNCT,",",4,20
goldfish-zero.text.0,108,way,3,6.153732569172379,19,2,10.9,appos,NOUN,way,4,22
goldfish-zero.text.0,109,he,2,6.882934163885178,2,4,2.0,nsubj,PRON,he,4,23
goldfish-zero.text.0,110,would,5,6.247452782675624,1,4,0.3,aux,AUX,would,4,24
goldfish-zero.text.0,111,dart,4,3.2833012287035497,3,3,1.5,relcl,VERB,dart,4,25
goldfish-zero.text.0,112,back,4,6.303014523283947,1,4,0.6,advmod,ADV,back,4,26
breakfast-zero.difficulty,0,How,3,6.485184613433453,1,2,0.6,advmod,SCONJ,how,0,0
breakfast-zero.difficulty,1,difficult,9,4.779307827583586,1,1,0.5,acomp,ADJ,difficult,0,1
breakfast-zero.difficulty,2,was,3,6.7594230602184195,0,0,0.0,ROOT,AUX,be,0,2
breakfast-zero.difficulty,3,this,4,6.9019337688086235,1,2,0.3,det,DET,this,0,3
breakfast-zero.difficulty,4,text,4,3.7193312869837265,2,1,2.0,nsubj,NOUN,text,0,4
breakfast-zero.difficulty,5,for,3,6.838540569153386,3,2,1.5,mark,SCONJ,for,0,5
breakfast-zero.difficulty,6,you,3,7.621769343182391,2,2,2.0,nsubj,PRON,you,0,6
breakfast-zero.difficulty,7,to,2,7.355601686871925,1,2,0.3,aux,PART,to,0,7
breakfast-zero.difficulty,8,read,4,5.382413313126266,6,1,3.1,advcl,VERB,read,0,8
breakfast-zero.difficulty,9,and,3,7.126710513400982,1,2,0.5,cc,CCONJ,and,0,9
breakfast-zero.difficulty,10,understand?,10,5.683452310738281,2,2,1.0,conj,VERB,understand,0,10
breakfast-zero.difficulty,11,4,0,5.78,9,1,1.3,punct,PUNCT,?,0,11
breakfast-zero.difficulty,12,–,0,,1,2,0.1,punct,PUNCT,–,1,1
breakfast-zero.difficulty,13,very,4,6.093859261503438,1,2,0.6,advmod,ADV,very,1,2
breakfast-zero.difficulty,14,difficult,9,4.779307827583586,9,1,5.8,amod,ADJ,difficult,1,3
breakfast-zero.difficulty,15,3,0,5.91,8,1,4.3,nummod,NUM,3,1,4
breakfast-zero.difficulty,16,–,0,,1,2,0.1,punct,PUNCT,–,1,5
breakfast-zero.difficulty,17,rather,6,5.057742155828753,1,4,0.6,advmod,ADV,rather,1,6
breakfast-zero.difficulty,18,difficult,9,4.779307827583586,1,3,0.6,amod,ADJ,difficult,1,7
breakfast-zero.difficulty,19,2,0,6.0,4,2,2.0,appos,NUM,2,1,8
breakfast-zero.difficulty,20,–,0,,1,3,0.1,punct,PUNCT,–,1,9
breakfast-zero.difficulty,21,rather,6,5.057742155828753,1,4,0.6,advmod,ADV,rather,1,10
breakfast-zero.difficulty,22,easy,4,5.42440789939746,3,3,1.7999999999999998,amod,ADJ,easy,1,11
breakfast-zero.difficulty,23,1,0,6.0,0,0,0.0,ROOT,NUM,1,1,12
breakfast-zero.difficulty,24,–,0,,1,1,0.1,punct,PUNCT,–,1,13
breakfast-zero.difficulty,25,very,4,6.093859261503438,1,2,0.6,advmod,ADV,very,1,14
breakfast-zero.difficulty,26,easy,4,5.42440789939746,3,1,1.7999999999999998,amod,ADJ,easy,1,15
breakfast-pos.text.2,202,the,3,7.469073206544746,2,1,0.6,det,DET,the,0,0
breakfast-pos.text.2,203,mysterious,10,4.176091259055681,1,1,0.6,amod,ADJ,mysterious,0,1
breakfast-pos.text.2,204,note.,4,4.728759475167874,0,0,0.0,ROOT,NOUN,note,0,2
breakfast-pos.text.2,205,Rachel's,7,4.15,2,2,1.0,poss,PROPN,Rachel,1,0
breakfast-pos.text.2,206,mind,4,5.685392371625693,1,1,1.0,nsubj,NOUN,mind,1,2
breakfast-pos.text.2,207,whirled,7,3.2430380486862944,0,0,0.0,ROOT,VERB,whirl,1,3
breakfast-pos.text.2,208,with,4,6.703147736191453,1,1,0.8,prep,ADP,with,1,4
breakfast-pos.text.2,209,"questions,",9,5.297432204810169,1,2,0.5,pobj,NOUN,question,1,5
breakfast-pos.text.2,210,but,3,6.645173608800489,3,1,0.30000000000000004,punct,PUNCT,",",1,6
breakfast-pos.text.2,211,before,6,5.899897071530102,3,3,1.5,mark,SCONJ,before,1,8
breakfast-pos.text.2,212,she,3,6.572044028989929,2,3,2.0,nsubj,PRON,she,1,9
breakfast-pos.text.2,213,could,5,6.212078350946609,1,3,0.3,aux,AUX,could,1,10
breakfast-pos.text.2,214,ponder,6,3.041392685158225,4,2,2.0,advcl,VERB,ponder,1,11
breakfast-pos.text.2,215,"further,",7,5.343920385393226,1,3,0.6,advmod,ADV,far,1,12
breakfast-pos.text.2,216,Darla,5,2.58,2,2,0.2,punct,PUNCT,",",1,13
breakfast-pos.text.2,217,swooped,7,3.184691430817599,12,1,6.7,conj,VERB,swoop,1,15
breakfast-pos.text.2,218,"back,",4,6.303014523283947,1,2,0.5,prt,ADP,back,1,16
breakfast-pos.text.2,219,refilling,9,2.342422680822206,2,2,0.2,punct,PUNCT,",",1,17
breakfast-pos.text.2,220,coffee,6,5.159958002678518,1,4,0.5,compound,NOUN,coffee,1,19
breakfast-pos.text.2,221,cups,4,4.7130703258556395,2,3,2.0,dobj,NOUN,cup,1,20
breakfast-pos.text.2,222,and,3,7.126710513400982,1,4,0.5,cc,CCONJ,and,1,21
breakfast-pos.text.2,223,clearing,8,3.812244696800369,1,5,0.5,compound,NOUN,clearing,1,22
breakfast-pos.text.2,224,plates,6,4.409087369447835,3,4,1.5,conj,NOUN,plate,1,23
breakfast-pos.text.2,225,with,4,6.703147736191453,6,3,4.9,prep,ADP,with,1,24
breakfast-pos.text.2,226,practiced,9,3.5224442335063197,1,5,0.6,amod,ADJ,practiced,1,25
breakfast-pos.text.2,227,efficiency.,10,3.436162647040756,2,4,1.0,pobj,NOUN,efficiency,1,26
breakfast-pos.text.2,228,Rachel,6,4.15,24,1,4.300000000000001,punct,PUNCT,.,1,27
breakfast-pos.text.2,229,"hesitated,",9,3.737987326333431,0,0,0.0,ROOT,VERB,hesitate,2,1
breakfast-pos.text.2,230,torn,4,4.035029282202368,1,1,0.1,punct,PUNCT,",",2,2
breakfast-pos.text.2,231,between,7,5.243385345371658,1,2,0.8,prep,ADP,between,2,4
breakfast-pos.text.2,232,ignoring,8,4.270678836144707,1,3,0.5,pcomp,VERB,ignore,2,5
breakfast-pos.text.2,233,the,3,7.469073206544746,1,5,0.3,det,DET,the,2,6
breakfast-pos.text.2,234,note,4,4.728759475167874,2,4,2.0,dobj,NOUN,note,2,7
breakfast-pos.text.2,235,and,3,7.126710513400982,3,4,1.5,cc,CCONJ,and,2,8
breakfast-pos.text.2,236,confronting,11,3.6304278750250236,4,4,2.0,conj,VERB,confront,2,9
breakfast-pos.text.2,237,Darla.,5,2.58,1,5,1.0,dobj,PROPN,Darla,2,10
breakfast-pos.text.2,238,Something,9,6.1761375813299395,10,1,1.5,punct,PUNCT,.,2,11
breakfast-pos.text.2,239,about,5,6.560084852586414,1,2,0.8,prep,ADP,about,3,1
breakfast-pos.text.2,240,the,3,7.469073206544746,1,4,0.3,det,DET,the,3,2
breakfast-pos.text.2,241,message,7,4.961468555350786,2,3,1.0,pobj,NOUN,message,3,3
breakfast-pos.text.2,242,resonated,9,2.4913616938342726,0,0,0.0,ROOT,VERB,resonate,3,4
breakfast-pos.text.2,243,deep,4,4.883036510027679,1,2,0.6,advmod,ADV,deep,3,5
breakfast-pos.text.2,244,within,6,4.772028165324855,2,1,1.6,prep,ADP,within,3,6
breakfast-pos.text.2,245,"her,",3,6.572044028989929,1,2,0.5,pobj,PRON,she,3,7
breakfast-pos.text.2,246,urging,6,3.041392685158225,4,1,0.4,punct,PUNCT,",",3,8
breakfast-pos.text.2,247,her,3,6.572044028989929,1,2,1.0,dobj,PRON,she,3,10
breakfast-pos.text.2,248,to,2,7.355601686871925,1,3,0.3,aux,PART,to,3,11
breakfast-pos.text.2,249,investigate,11,3.9763499790032735,3,2,1.5,xcomp,VERB,investigate,3,12
breakfast-pos.text.2,250,further.,7,5.343920385393226,1,3,0.6,advmod,ADV,far,3,13
breakfast-pos.text.2,251,She,3,6.572044028989929,10,1,1.5,punct,PUNCT,.,3,14
breakfast-pos.text.2,252,discreetly,10,2.9030899869919438,1,1,0.6,advmod,ADV,discreetly,4,1
breakfast-pos.text.2,253,tucked,6,3.900913067737669,0,0,0.0,ROOT,VERB,tuck,4,2
breakfast-pos.text.2,254,the,3,7.469073206544746,1,2,0.3,det,DET,the,4,3
breakfast-pos.text.2,255,note,4,4.728759475167874,2,1,2.0,dobj,NOUN,note,4,4
breakfast-pos.text.2,256,into,4,5.926645935044691,3,1,2.4000000000000004,prep,ADP,into,4,5
breakfast-pos.text.2,257,her,3,6.452678661106354,2,3,1.0,poss,PRON,her,4,6
breakfast-pos.text.2,258,apron,5,3.426511261364575,1,3,0.5,compound,NOUN,apron,4,7
breakfast-pos.text.2,259,"pocket,",6,4.552789850192782,3,2,1.5,pobj,NOUN,pocket,4,8
breakfast-pos.text.2,260,watching,8,4.998390130318048,7,1,0.9000000000000001,punct,PUNCT,",",4,9
breakfast-pos.text.2,261,as,2,6.345769610954118,3,3,1.5,mark,SCONJ,as,4,11
breakfast-pos.text.2,262,Darla,5,2.58,2,3,2.0,nsubj,PROPN,Darla,4,12
breakfast-pos.text.2,263,expertly,8,2.342422680822206,1,3,0.6,advmod,ADV,expertly,4,13
breakfast-pos.text.2,264,juggled,7,3.161368002234975,4,2,2.0,advcl,VERB,juggle,4,14
breakfast-pos.text.2,265,multiple,8,4.024895960107485,1,4,0.6,amod,ADJ,multiple,4,15
breakfast-pos.text.2,266,"tables,",6,5.023787279789847,2,3,2.0,dobj,NOUN,table,4,16
breakfast-pos.text.2,267,exchanging,10,3.0492180226701815,3,3,0.30000000000000004,punct,PUNCT,",",4,17
breakfast-pos.text.2,268,pleasantries,12,1.6020599913279625,1,4,1.0,dobj,NOUN,pleasantry,4,19
breakfast-pos.text.2,269,and,3,7.126710513400982,2,4,1.0,cc,CCONJ,and,4,20
breakfast-pos.text.2,270,refilling,9,3.444044795918076,3,4,1.5,conj,VERB,refill,4,21
breakfast-pos.text.2,271,coffee,6,5.159958002678518,1,6,0.5,compound,NOUN,coffee,4,22
breakfast-pos.text.2,272,cups.,4,4.7130703258556395,2,5,2.0,dobj,NOUN,cup,4,23
breakfast-pos.text.2,273,As,2,6.345769610954118,22,1,3.9000000000000004,punct,PUNCT,.,4,24
breakfast-pos.text.2,274,the,3,7.469073206544746,2,3,0.6,det,DET,the,5,1
breakfast-pos.text.2,275,morning,7,5.642464520242122,1,3,0.5,compound,NOUN,morning,5,2
breakfast-pos.text.2,276,rush,4,4.497067936398505,1,2,1.0,nsubj,NOUN,rush,5,3
breakfast-pos.text.2,277,"dissipated,",10,2.342422680822206,3,1,1.5,advcl,VERB,dissipate,5,4
breakfast-pos.text.2,278,Darla,5,2.58,2,1,0.2,punct,PUNCT,",",5,5
breakfast-pos.text.2,279,returned,8,4.962321972729584,0,0,0.0,ROOT,VERB,return,5,7
breakfast-pos.text.2,280,to,2,7.355601686871925,1,1,0.8,prep,ADP,to,5,8
breakfast-pos.text.2,281,Rachel's,7,4.15,2,3,1.0,poss,PROPN,Rachel,5,9
breakfast-pos.text.2,282,"booth,",5,4.308991029000164,3,2,1.5,pobj,NOUN,booth,5,11
breakfast-pos.text.2,283,wiping,6,3.338456493604605,5,1,0.5,punct,PUNCT,",",5,12
breakfast-pos.text.2,284,down,4,6.173264958940605,1,2,0.5,prt,ADP,down,5,14
breakfast-pos.text.2,285,the,3,7.469073206544746,1,3,0.3,det,DET,the,5,15
breakfast-pos.text.2,286,counter,7,4.143014800254095,3,2,3.0,dobj,NOUN,counter,5,16
breakfast-pos.text.2,287,with,4,6.703147736191453,1,3,0.8,prep,ADP,with,5,17
breakfast-pos.text.2,288,a,1,7.3099551280128585,2,5,0.6,det,DET,a,5,18
breakfast-pos.text.2,289,dirty,5,4.822494985278751,1,5,0.6,amod,ADJ,dirty,5,19
breakfast-pos.text.2,290,rag.,3,3.6794278966121188,3,4,1.5,pobj,NOUN,rag,5,20
breakfast-pos.text.2,291,"""You",3,7.621769343182391,2,1,0.2,punct,PUNCT,"""",6,0
breakfast-pos.text.2,292,"okay,",4,6.302389379142763,0,0,0.0,ROOT,INTJ,okay,6,2
breakfast-pos.text.2,293,"hon?""",3,4.215108581053093,1,2,0.1,punct,PUNCT,",",6,3
breakfast-pos.text.2,294,she,3,6.572044028989929,4,1,0.4,punct,PUNCT,"""",6,6
breakfast-pos.text.2,295,"asked,",5,5.684072994969725,0,0,0.0,ROOT,VERB,ask,7,1
breakfast-pos.text.2,296,eyeing,6,2.9030899869919438,1,1,0.1,punct,PUNCT,",",7,2
breakfast-pos.text.2,297,Rachel's,7,4.15,1,2,1.0,dobj,PROPN,Rachel,7,4
breakfast-pos.text.2,298,puzzled,7,3.8651039746411278,5,1,2.5,ccomp,VERB,puzzle,7,6
delayed-zero.text.3,300,But,3,6.645173608800489,3,1,1.5,cc,CCONJ,but,0,0
delayed-zero.text.3,301,then,4,6.17304925458245,2,1,1.2,advmod,ADV,then,0,1
delayed-zero.text.3,302,Max,3,4.851135995011574,1,1,1.0,nsubj,PROPN,Max,0,2
delayed-zero.text.3,303,grinned,7,3.432969290874406,0,0,0.0,ROOT,VERB,grin,0,3
delayed-zero.text.3,304,mischievously.,13,2.18,1,1,0.6,advmod,ADV,mischievously,0,4
delayed-zero.text.3,305,"""You",3,7.621769343182391,2,1,0.2,punct,PUNCT,"""",1,0
delayed-zero.text.3,306,know,4,6.757485611771434,0,0,0.0,ROOT,VERB,know,1,2
delayed-zero.text.3,307,what?,4,6.993103217236282,1,1,0.5,ccomp,PRON,what,1,3
delayed-zero.text.3,308,I,1,7.6017467520701825,2,1,0.2,punct,PUNCT,?,1,4
delayed-zero.text.3,309,have,4,6.789680109103924,0,0,0.0,ROOT,VERB,have,2,1
delayed-zero.text.3,310,an,2,6.270478525477336,1,2,0.3,det,DET,an,2,2
delayed-zero.text.3,311,idea.,4,5.555142835240048,2,1,2.0,dobj,NOUN,idea,2,3
delayed-zero.text.3,312,Why,3,6.351943107619938,3,1,0.30000000000000004,punct,PUNCT,.,2,4
delayed-zero.text.3,313,don't,4,6.787856330946344,3,1,0.8999999999999999,aux,AUX,do,3,1
delayed-zero.text.3,314,we,2,6.954816363956238,1,1,1.0,nsubj,PRON,we,3,3
delayed-zero.text.3,315,make,4,6.142311236003898,0,0,0.0,ROOT,VERB,make,3,4
delayed-zero.text.3,316,the,3,7.469073206544746,1,2,0.3,det,DET,the,3,5
delayed-zero.text.3,317,most,4,5.545010061405061,2,1,2.0,dobj,ADJ,most,3,6
delayed-zero.text.3,318,of,2,7.063605036452092,1,2,0.8,prep,ADP,of,3,7
delayed-zero.text.3,319,this,4,6.9019337688086235,1,4,0.3,det,DET,this,3,8
delayed-zero.text.3,320,"situation?""",9,4.916401303603875,2,3,1.0,pobj,NOUN,situation,3,9
delayed-zero.text.3,321,Rachel,6,4.15,7,1,0.9000000000000001,punct,PUNCT,"""",3,11
delayed-zero.text.3,322,raised,6,4.741939077729199,0,0,0.0,ROOT,VERB,raise,4,1
delayed-zero.text.3,323,an,2,6.270478525477336,1,2,0.3,det,DET,an,4,2
delayed-zero.text.3,324,eyebrow.,7,3.143014800254095,2,1,2.0,dobj,NOUN,eyebrow,4,3
delayed-zero.text.3,325,"""What",4,6.993103217236282,4,1,0.4,punct,PUNCT,"""",5,0
delayed-zero.text.3,326,did,3,6.787856330946344,2,1,0.6,aux,AUX,do,5,2
delayed-zero.text.3,327,you,3,7.621769343182391,1,1,1.0,nsubj,PRON,you,5,3
delayed-zero.text.3,328,have,4,6.789680109103924,0,0,0.0,ROOT,VERB,have,5,4
delayed-zero.text.3,329,in,2,6.990046118048168,1,1,0.8,prep,ADP,in,5,5
delayed-zero.text.3,330,"mind?""",4,5.685392371625693,1,2,0.5,pobj,NOUN,mind,5,6
delayed-zero.text.3,331,"""We",2,6.954816363956238,10,1,1.5,punct,PUNCT,"""",6,0
delayed-zero.text.3,332,can,3,6.719948309126272,1,2,0.3,aux,AUX,can,6,2
delayed-zero.text.3,333,write,5,5.103119253545714,7,1,3.7,ccomp,VERB,write,6,3
delayed-zero.text.3,334,a,1,7.3099551280128585,1,3,0.3,det,DET,a,6,4
delayed-zero.text.3,335,story,5,5.343959729007141,2,2,2.0,dobj,NOUN,story,6,5
delayed-zero.text.3,336,"together,""",8,5.583640780943042,3,2,1.7999999999999998,advmod,ADV,together,6,6
delayed-zero.text.3,337,Max,3,4.851135995011574,2,1,0.2,punct,PUNCT,"""",6,8
delayed-zero.text.3,338,"said,",4,6.214785585123866,0,0,0.0,ROOT,VERB,say,6,10
delayed-zero.text.3,339,his,3,6.327313969806467,1,1,0.1,punct,PUNCT,",",6,11
delayed-zero.text.3,340,eyes,4,5.0483641052798855,3,1,3.0,dobj,NOUN,eye,6,13
delayed-zero.text.3,341,sparkling,9,3.2227164711475833,1,2,0.5,acl,VERB,sparkle,6,14
delayed-zero.text.3,342,with,4,6.703147736191453,1,3,0.8,prep,ADP,with,6,15
delayed-zero.text.3,343,excitement.,10,4.090258052931317,1,4,0.5,pobj,NOUN,excitement,6,16
delayed-zero.text.3,344,"""We",2,6.954816363956238,3,1,0.30000000000000004,punct,PUNCT,"""",7,0
delayed-zero.text.3,345,can,3,6.719948309126272,1,1,0.3,aux,AUX,can,7,2
delayed-zero.text.3,346,take,4,6.276700715304874,0,0,0.0,ROOT,VERB,take,7,3
delayed-zero.text.3,347,turns,5,5.48638796834179,1,1,1.0,dobj,NOUN,turn,7,4
delayed-zero.text.3,348,adding,6,4.519302849235428,2,1,1.0,advcl,VERB,add,7,5
delayed-zero.text.3,349,to,2,7.355601686871925,1,2,0.8,prep,ADP,to,7,6
delayed-zero.text.3,350,"it,",2,7.276377005067547,1,3,0.5,pobj,PRON,it,7,7
delayed-zero.text.3,351,and,3,7.126710513400982,5,1,0.5,punct,PUNCT,",",7,8
delayed-zero.text.3,352,see,3,6.407684867368763,7,1,3.7,conj,VERB,see,7,10
delayed-zero.text.3,353,where,5,6.262503296857943,2,3,1.2,advmod,SCONJ,where,7,11
delayed-zero.text.3,354,it,2,7.276377005067547,1,3,1.0,nsubj,PRON,it,7,12
delayed-zero.text.3,355,takes,5,6.276700715304874,3,2,1.5,ccomp,VERB,take,7,13
delayed-zero.text.3,356,"us.""",2,6.954816363956238,1,3,1.0,dobj,PRON,we,7,14
delayed-zero.text.3,357,Rachel,6,4.15,13,1,2.1,punct,PUNCT,"""",7,16
delayed-zero.text.3,358,hesitated,9,3.737987326333431,0,0,0.0,ROOT,VERB,hesitate,8,1
delayed-zero.text.3,359,for,3,6.838540569153386,1,1,0.8,prep,ADP,for,8,2
delayed-zero.text.3,360,a,1,7.3099551280128585,1,3,0.3,det,DET,a,8,3
delayed-zero.text.3,361,"moment,",6,5.271934493817765,2,2,1.0,pobj,NOUN,moment,8,4
delayed-zero.text.3,362,but,3,6.645173608800489,4,1,0.4,punct,PUNCT,",",8,5
delayed-zero.text.3,363,something,9,6.1761375813299395,5,2,5.0,nsubj,PRON,something,8,7
delayed-zero.text.3,364,about,5,6.560084852586414,1,3,0.8,prep,ADP,about,8,8
delayed-zero.text.3,365,Max's,4,4.851135995011574,2,5,1.0,poss,PROPN,Max,8,9
delayed-zero.text.3,366,enthusiasm,10,3.6522463410033232,3,4,1.5,pobj,NOUN,enthusiasm,8,11
delayed-zero.text.3,367,was,3,6.7594230602184195,11,1,6.1,conj,AUX,be,8,12
delayed-zero.text.3,368,infectious.,10,3.103803720955957,1,2,0.5,acomp,ADJ,infectious,8,13
delayed-zero.text.3,369,"""Okay,",4,6.302389379142763,4,2,0.4,punct,PUNCT,"""",9,0
delayed-zero.text.3,370,why,3,6.351943107619938,2,2,0.2,punct,PUNCT,",",9,2
delayed-zero.text.3,371,"not?""",3,6.734396540337466,4,1,2.0,neg,PART,not,9,4
delayed-zero.text.3,372,she,3,6.572044028989929,2,1,0.2,punct,PUNCT,"""",9,6
delayed-zero.text.3,373,"said,",4,6.214785585123866,0,0,0.0,ROOT,VERB,say,9,8
delayed-zero.text.3,374,a,1,7.3099551280128585,1,1,0.1,punct,PUNCT,",",9,9
delayed-zero.text.3,375,smile,5,4.763427993562937,3,1,1.5,npadvmod,NOUN,smile,9,11
delayed-zero.text.3,376,spreading,9,4.495405563146193,1,2,0.5,acl,VERB,spread,9,12
delayed-zero.text.3,377,across,6,4.97377419397058,1,3,0.8,prep,ADP,across,9,13
delayed-zero.text.3,378,her,3,6.452678661106354,1,5,0.5,poss,PRON,her,9,14
delayed-zero.text.3,379,face.,4,5.461138216074931,2,4,1.0,pobj,NOUN,face,9,15
blackout-neg.text.1,113,As,2,6.345769610954118,3,2,1.5,mark,SCONJ,as,0,0
blackout-neg.text.1,114,the,3,7.469073206544746,1,3,0.3,det,DET,the,0,1
blackout-neg.text.1,115,night,5,5.937537951345398,1,2,1.0,nsubj,NOUN,night,0,2
blackout-neg.text.1,116,wore,4,5.038739348104748,4,1,2.0,advcl,VERB,wear,0,3
blackout-neg.text.1,117,"on,",2,6.842342715684627,1,2,0.5,prt,ADP,on,0,4
blackout-neg.text.1,118,people,6,6.042567637582179,2,1,0.2,punct,PUNCT,",",0,5
blackout-neg.text.1,119,began,5,4.7557224449034585,0,0,0.0,ROOT,VERB,begin,0,7
blackout-neg.text.1,120,to,2,7.355601686871925,1,2,0.3,aux,PART,to,0,8
blackout-neg.text.1,121,gather,6,4.19506899646859,2,1,1.0,xcomp,VERB,gather,0,9
blackout-neg.text.1,122,on,2,6.842342715684627,1,2,0.8,prep,ADP,on,0,10
blackout-neg.text.1,123,the,3,7.469073206544746,1,4,0.3,det,DET,the,0,11
blackout-neg.text.1,124,"street,",6,5.170789590446391,2,3,1.0,pobj,NOUN,street,0,12
blackout-neg.text.1,125,drawn,5,4.026533264523296,4,2,0.4,punct,PUNCT,",",0,13
blackout-neg.text.1,126,by,2,6.127257098825985,1,3,0.5,agent,ADP,by,0,15
blackout-neg.text.1,127,the,3,7.469073206544746,1,5,0.3,det,DET,the,0,16
blackout-neg.text.1,128,light,5,5.218010042984363,2,4,1.0,pobj,NOUN,light,0,17
blackout-neg.text.1,129,like,4,6.601947060080969,4,3,3.2,prep,ADP,like,0,18
blackout-neg.text.1,130,moths,5,3.3560258571931225,1,4,0.5,pobj,NOUN,moth,0,19
blackout-neg.text.1,131,to,2,7.355601686871925,6,3,4.9,prep,ADP,to,0,20
blackout-neg.text.1,132,a,1,7.3099551280128585,1,5,0.3,det,DET,a,0,21
blackout-neg.text.1,133,flame.,5,3.9561684304753633,2,4,1.0,pobj,NOUN,flame,0,22
blackout-neg.text.1,134,They,4,6.613095166038459,16,1,2.7,punct,PUNCT,.,0,23
blackout-neg.text.1,135,stood,5,5.354492600589436,0,0,0.0,ROOT,VERB,stand,1,1
blackout-neg.text.1,136,at,2,6.507464560676047,1,1,0.8,prep,ADP,at,1,2
blackout-neg.text.1,137,the,3,7.469073206544746,1,3,0.3,det,DET,the,1,3
blackout-neg.text.1,138,edge,4,4.371252629124939,2,2,1.0,pobj,NOUN,edge,1,4
blackout-neg.text.1,139,of,2,7.063605036452092,1,3,0.8,prep,ADP,of,1,5
blackout-neg.text.1,140,the,3,7.469073206544746,1,5,0.3,det,DET,the,1,6
blackout-neg.text.1,141,"lawn,",4,4.0916669575956846,2,4,1.0,pobj,NOUN,lawn,1,7
blackout-neg.text.1,142,peering,7,2.5185139398778875,7,1,0.9000000000000001,punct,PUNCT,",",1,8
blackout-neg.text.1,143,up,2,6.564666064252089,1,2,0.5,prt,ADP,up,1,10
blackout-neg.text.1,144,at,2,6.507464560676047,2,2,1.6,prep,ADP,at,1,11
blackout-neg.text.1,145,the,3,7.469073206544746,1,4,0.3,det,DET,the,1,12
blackout-neg.text.1,146,house,5,5.710963118995275,2,3,1.0,pobj,NOUN,house,1,13
blackout-neg.text.1,147,with,4,6.703147736191453,5,2,4.0,prep,ADP,with,1,14
blackout-neg.text.1,148,a,1,7.3099551280128585,1,4,0.3,det,DET,a,1,15
blackout-neg.text.1,149,mix,3,4.213517756996305,2,3,1.0,pobj,NOUN,mix,1,16
blackout-neg.text.1,150,of,2,7.063605036452092,1,4,0.8,prep,ADP,of,1,17
blackout-neg.text.1,151,curiosity,9,3.930949031167523,1,5,0.5,pobj,NOUN,curiosity,1,18
blackout-neg.text.1,152,and,3,7.126710513400982,1,6,0.5,cc,CCONJ,and,1,19
blackout-neg.text.1,153,longing.,7,3.4533183400470375,2,6,1.0,conj,NOUN,longing,1,20
blackout-neg.text.1,154,Some,4,6.237352686979094,20,1,3.5,punct,PUNCT,.,1,21
blackout-neg.text.1,155,tried,5,5.678290701718043,0,0,0.0,ROOT,VERB,try,2,1
blackout-neg.text.1,156,to,2,7.355601686871925,1,2,0.3,aux,PART,to,2,2
blackout-neg.text.1,157,knock,5,4.810837151140488,2,1,1.0,xcomp,VERB,knock,2,3
blackout-neg.text.1,158,on,2,6.842342715684627,1,2,0.8,prep,ADP,on,2,4
blackout-neg.text.1,159,the,3,7.469073206544746,1,4,0.3,det,DET,the,2,5
blackout-neg.text.1,160,"door,",4,5.465472080873497,2,3,1.0,pobj,NOUN,door,2,6
blackout-neg.text.1,161,but,3,6.645173608800489,6,1,0.7000000000000001,punct,PUNCT,",",2,7
blackout-neg.text.1,162,it,2,7.276377005067547,1,2,1.0,nsubj,PRON,it,2,9
blackout-neg.text.1,163,was,3,6.7594230602184195,9,1,4.9,conj,AUX,be,2,10
blackout-neg.text.1,164,as,2,6.345769610954118,4,3,2.0,mark,SCONJ,as,2,11
blackout-neg.text.1,165,if,2,6.549171303929439,3,3,1.5,mark,SCONJ,if,2,12
blackout-neg.text.1,166,no,2,6.7760870730181075,1,4,0.3,det,DET,no,2,13
blackout-neg.text.1,167,one,3,6.48745513929058,1,3,1.0,nsubj,NOUN,one,2,14
blackout-neg.text.1,168,was,3,6.7594230602184195,5,2,2.5,advcl,AUX,be,2,15
blackout-neg.text.1,169,home.,4,5.888926085535086,1,3,0.5,attr,NOUN,home,2,16
blackout-neg.text.1,170,The,3,7.469073206544746,7,2,0.9000000000000001,punct,PUNCT,.,2,17
blackout-neg.text.1,171,light,5,5.218010042984363,1,1,1.0,nsubj,NOUN,light,3,1
blackout-neg.text.1,172,seemed,6,5.1455692977929886,0,0,0.0,ROOT,VERB,seem,3,2
blackout-neg.text.1,173,to,2,7.355601686871925,1,2,0.3,aux,PART,to,3,3
blackout-neg.text.1,174,pulse,5,4.371621927176021,2,1,1.0,xcomp,VERB,pulse,3,4
blackout-neg.text.1,175,with,4,6.703147736191453,1,2,0.8,prep,ADP,with,3,5
blackout-neg.text.1,176,a,1,7.3099551280128585,1,4,0.3,det,DET,a,3,6
blackout-neg.text.1,177,life,4,5.901267560474818,2,3,1.0,pobj,NOUN,life,3,7
blackout-neg.text.1,178,of,2,7.063605036452092,1,4,0.8,prep,ADP,of,3,8
blackout-neg.text.1,179,its,3,5.234795588220642,1,6,0.5,poss,PRON,its,3,9
blackout-neg.text.1,180,"own,",3,5.6620018793899165,2,5,1.0,pobj,ADJ,own,3,10
blackout-neg.text.1,181,as,2,6.345769610954118,9,1,1.3,punct,PUNCT,",",3,11
blackout-neg.text.1,182,if,2,6.549171303929439,3,2,1.5,mark,SCONJ,if,3,13
blackout-neg.text.1,183,it,2,7.276377005067547,2,2,2.0,nsubj,PRON,it,3,14
blackout-neg.text.1,184,was,3,6.7594230602184195,1,2,0.3,aux,AUX,be,3,15
blackout-neg.text.1,185,waiting,7,5.919208884270423,14,1,7.9,advcl,VERB,wait,3,16
blackout-neg.text.1,186,for,3,6.838540569153386,1,2,0.8,prep,ADP,for,3,17
blackout-neg.text.1,187,something,9,6.1761375813299395,1,3,0.5,pobj,PRON,something,3,18
blackout-neg.text.1,188,–,0,,1,4,0.1,punct,PUNCT,–,3,19
blackout-neg.text.1,189,or,2,6.231798245316826,2,4,1.0,cc,CCONJ,or,3,20
blackout-neg.text.1,190,someone.,7,5.649451693528405,3,4,1.5,conj,PRON,someone,3,21
blackout-neg.text.1,191,And,3,7.126710513400982,20,1,3.5,punct,PUNCT,.,3,22
blackout-neg.text.1,192,"then,",4,6.17304925458245,11,1,7.199999999999999,advmod,ADV,then,4,1
blackout-neg.text.1,193,just,4,6.67661497234708,10,1,1.5,punct,PUNCT,",",4,2
blackout-neg.text.1,194,as,2,6.345769610954118,1,2,0.6,advmod,ADV,as,4,4
blackout-neg.text.1,195,suddenly,8,4.74787770581979,7,1,4.4,advmod,ADV,suddenly,4,5
blackout-neg.text.1,196,as,2,6.345769610954118,3,3,1.5,mark,SCONJ,as,4,6
blackout-neg.text.1,197,it,2,7.276377005067547,2,3,2.0,nsubj,PRON,it,4,7
blackout-neg.text.1,198,had,3,6.789680109103924,1,3,0.3,aux,AUX,have,4,8
blackout-neg.text.1,199,"appeared,",8,4.368658712392227,4,2,2.0,advcl,VERB,appear,4,9
blackout-neg.text.1,200,it,2,7.276377005067547,2,1,0.2,punct,PUNCT,",",4,10
blackout-neg.text.1,201,went,4,6.578987422636267,0,0,0.0,ROOT,VERB,go,4,12
blackout-neg.text.1,202,out.,3,6.587184330308805,1,1,0.5,prt,ADP,out,4,13
blackout-neg.text.1,203,The,3,7.469073206544746,2,1,0.2,punct,PUNCT,.,4,14
blackout-neg.text.1,204,house,5,5.710963118995275,2,1,1.0,nsubjpass,NOUN,house,5,1
blackout-neg.text.1,205,was,3,6.7594230602184195,1,1,0.5,auxpass,AUX,be,5,2
blackout-neg.text.1,206,plunged,7,3.3502480183341627,0,0,0.0,ROOT,VERB,plunge,5,3
blackout-neg.text.1,207,back,4,6.303014523283947,1,1,0.6,advmod,ADV,back,5,4
blackout-neg.text.1,208,into,4,5.926645935044691,2,1,1.6,prep,ADP,into,5,5
blackout-neg.text.1,209,"darkness,",8,4.242789809478676,1,2,0.5,pobj,NOUN,darkness,5,6
blackout-neg.text.1,210,leaving,7,5.150418694479298,4,1,0.4,punct,PUNCT,",",5,7
blackout-neg.text.1,211,the,3,7.469073206544746,1,3,0.3,det,DET,the,5,9
blackout-neg.text.1,212,crowd,5,4.572523097849637,2,2,2.0,dobj,NOUN,crowd,5,10
blackout-neg.text.1,213,to,2,7.355601686871925,1,3,0.3,aux,PART,to,5,11
blackout-neg.text.1,214,wonder,6,5.068111617027303,4,2,2.0,xcomp,VERB,wonder,5,12
blackout-neg.text.1,215,if,2,6.549171303929439,4,4,2.0,mark,SCONJ,if,5,13
blackout-neg.text.1,216,it,2,7.276377005067547,3,4,3.0,nsubj,PRON,it,5,14
blackout-neg.text.1,217,had,3,6.789680109103924,2,4,0.6,aux,AUX,have,5,15
blackout-neg.text.1,218,all,3,6.71280622142986,1,4,0.5,dep,PRON,all,5,16
blackout-neg.text.1,219,been,4,6.7594230602184195,5,3,2.5,ccomp,AUX,be,5,17
blackout-neg.text.1,220,just,4,6.67661497234708,2,5,1.2,advmod,ADV,just,5,18
blackout-neg.text.1,221,a,1,7.3099551280128585,1,5,0.3,det,DET,a,5,19
blackout-neg.text.1,222,trick,5,4.674585602302914,3,4,1.5,attr,NOUN,trick,5,20
blackout-neg.text.1,223,of,2,7.063605036452092,1,5,0.8,prep,ADP,of,5,21
blackout-neg.text.1,224,the,3,7.469073206544746,1,7,0.3,det,DET,the,5,22
blackout-neg.text.1,225,light.,5,5.218010042984363,2,6,1.0,pobj,NOUN,light,5,23
blackout-neg.text.1,226,But,3,6.645173608800489,21,1,3.7,punct,PUNCT,.,5,24
blackout-neg.text.1,227,as,2,6.345769610954118,2,2,1.0,mark,SCONJ,as,6,1
blackout-neg.text.1,228,they,4,6.613095166038459,1,2,1.0,nsubj,PRON,they,6,2
blackout-neg.text.1,229,turned,6,5.48638796834179,5,1,2.5,advcl,VERB,turn,6,3
blackout-neg.text.1,230,to,2,7.355601686871925,1,3,0.3,aux,PART,to,6,4
blackout-neg.text.1,231,"leave,",5,5.748738301606059,2,2,1.0,xcomp,VERB,leave,6,5
blackout-neg.text.1,232,they,4,6.613095166038459,2,1,0.2,punct,PUNCT,",",6,6
blackout-neg.text.1,233,noticed,7,4.772688354682142,0,0,0.0,ROOT,VERB,notice,6,8
blackout-neg.text.1,234,something,9,6.1761375813299395,1,1,1.0,dobj,PRON,something,6,9
blackout-neg.text.1,235,strange.,7,4.936664513000075,1,2,0.6,amod,ADJ,strange,6,10
blackout-neg.text.1,236,The,3,7.469073206544746,3,1,0.30000000000000004,punct,PUNCT,.,6,11
blackout-neg.text.1,237,front,5,5.258996253248911,1,2,0.6,amod,ADJ,front,7,1
blackout-neg.text.1,238,door,4,5.465472080873497,1,1,1.0,nsubj,NOUN,door,7,2
blackout-neg.text.1,239,was,3,6.7594230602184195,0,0,0.0,ROOT,AUX,be,7,3
breakfast-zero.text.2,190,scrawled,8,2.380211241711606,0,0,0.0,ROOT,VERB,scrawl,0,0
breakfast-zero.text.2,191,on,2,6.842342715684627,1,1,0.8,prep,ADP,on,0,1
breakfast-zero.text.2,192,it:,2,7.276377005067547,1,2,0.5,pobj,PRON,it,0,2
breakfast-zero.text.2,193,"""It's",3,7.276377005067547,1,2,1.0,nsubj,PRON,it,0,5
breakfast-zero.text.2,194,"time.""",4,6.29195240223515,1,2,0.5,attr,NOUN,time,0,7
breakfast-zero.text.2,195,I,1,7.6017467520701825,9,1,1.3,punct,PUNCT,"""",0,9
breakfast-zero.text.2,196,felt,4,5.797433746145375,0,0,0.0,ROOT,VERB,feel,1,1
breakfast-zero.text.2,197,a,1,7.3099551280128585,1,3,0.3,det,DET,a,1,2
breakfast-zero.text.2,198,shiver,6,3.184691430817599,1,2,1.0,nsubj,NOUN,shiver,1,3
breakfast-zero.text.2,199,run,3,5.544749971447908,3,1,1.5,ccomp,NOUN,run,1,4
breakfast-zero.text.2,200,down,4,6.173264958940605,1,2,0.5,prt,ADP,down,1,5
breakfast-zero.text.2,201,my,2,6.830122048692404,1,3,0.5,poss,PRON,my,1,6
breakfast-zero.text.2,202,spine.,5,3.7596678446896306,3,2,3.0,dobj,NOUN,spine,1,7
breakfast-zero.text.2,203,Who,3,6.346927740692434,7,1,0.9000000000000001,punct,PUNCT,.,1,8
breakfast-zero.text.2,204,could,5,6.212078350946609,2,1,0.6,aux,AUX,could,2,1
breakfast-zero.text.2,205,have,4,6.789680109103924,1,1,0.3,aux,AUX,have,2,2
breakfast-zero.text.2,206,written,7,5.103119253545714,0,0,0.0,ROOT,VERB,write,2,3
breakfast-zero.text.2,207,this?,4,6.9019337688086235,1,1,1.0,dobj,PRON,this,2,4
breakfast-zero.text.2,208,And,3,7.126710513400982,2,1,0.2,punct,PUNCT,?,2,5
breakfast-zero.text.2,209,what,4,6.993103217236282,3,1,3.0,dobj,PRON,what,3,1
breakfast-zero.text.2,210,did,3,6.787856330946344,2,1,0.6,aux,AUX,do,3,2
breakfast-zero.text.2,211,they,4,6.613095166038459,1,1,1.0,nsubj,PRON,they,3,3
breakfast-zero.text.2,212,mean,4,6.094813398072274,0,0,0.0,ROOT,VERB,mean,3,4
breakfast-zero.text.2,213,by,2,6.127257098825985,3,2,1.5,mark,SCONJ,by,3,5
breakfast-zero.text.2,214,"""it's",3,7.276377005067547,1,2,1.0,nsubj,PRON,it,3,7
breakfast-zero.text.2,215,"time""?",4,6.29195240223515,1,2,0.5,attr,NOUN,time,3,9
breakfast-zero.text.2,216,I,1,7.6017467520701825,7,1,0.9000000000000001,punct,PUNCT,?,3,11
breakfast-zero.text.2,217,looked,6,6.289426173081608,0,0,0.0,ROOT,VERB,look,4,1
breakfast-zero.text.2,218,around,6,5.867308354895176,1,1,0.8,prep,ADP,around,4,2
breakfast-zero.text.2,219,the,3,7.469073206544746,1,3,0.3,det,DET,the,4,3
breakfast-zero.text.2,220,"diner,",5,4.093071306376063,2,2,1.0,pobj,NOUN,diner,4,4
breakfast-zero.text.2,221,but,3,6.645173608800489,4,1,0.4,punct,PUNCT,",",4,5
breakfast-zero.text.2,222,no,2,6.7760870730181075,1,3,0.3,det,DET,no,4,7
breakfast-zero.text.2,223,one,3,6.48745513929058,1,2,1.0,nsubj,NOUN,one,4,8
breakfast-zero.text.2,224,seemed,6,5.1455692977929886,8,1,4.3,conj,VERB,seem,4,9
breakfast-zero.text.2,225,to,2,7.355601686871925,2,3,0.6,aux,PART,to,4,10
breakfast-zero.text.2,226,be,2,6.7594230602184195,1,3,0.3,aux,AUX,be,4,11
breakfast-zero.text.2,227,paying,6,5.405875456896315,3,2,1.5,xcomp,VERB,pay,4,12
breakfast-zero.text.2,228,attention,9,4.994185128202317,1,3,1.0,dobj,NOUN,attention,4,13
breakfast-zero.text.2,229,to,2,7.355601686871925,2,3,1.6,prep,ADP,to,4,14
breakfast-zero.text.2,230,me.,2,7.6017467520701825,1,4,0.5,pobj,PRON,I,4,15
breakfast-zero.text.2,231,The,3,7.469073206544746,7,2,0.9000000000000001,punct,PUNCT,.,4,16
breakfast-zero.text.2,232,waitress,8,4.061829307294699,1,1,1.0,nsubj,NOUN,waitress,5,1
breakfast-zero.text.2,233,was,3,6.7594230602184195,0,0,0.0,ROOT,AUX,be,5,2
breakfast-zero.text.2,234,busy,4,5.027471927021278,1,1,0.5,acomp,ADJ,busy,5,3
breakfast-zero.text.2,235,wiping,6,4.227372442289636,1,2,0.5,xcomp,VERB,wipe,5,4
breakfast-zero.text.2,236,down,4,6.173264958940605,1,3,0.5,prt,ADP,down,5,5
breakfast-zero.text.2,237,the,3,7.469073206544746,1,4,0.3,det,DET,the,5,6
breakfast-zero.text.2,238,"counter,",7,4.143014800254095,3,3,3.0,dobj,NOUN,counter,5,7
breakfast-zero.text.2,239,and,3,7.126710513400982,6,1,0.7000000000000001,punct,PUNCT,",",5,8
breakfast-zero.text.2,240,the,3,7.469073206544746,2,3,0.6,det,DET,the,5,10
breakfast-zero.text.2,241,other,5,5.866517719938137,1,3,0.6,amod,ADJ,other,5,11
breakfast-zero.text.2,242,patrons,7,3.4913616938342726,2,2,1.0,nsubjpass,NOUN,patron,5,12
breakfast-zero.text.2,243,were,4,6.7594230602184195,1,2,0.5,auxpass,AUX,be,5,13
breakfast-zero.text.2,244,engrossed,9,1.3010299956639815,12,1,6.7,conj,VERB,engross,5,14
breakfast-zero.text.2,245,in,2,6.990046118048168,1,2,0.8,prep,ADP,in,5,15
breakfast-zero.text.2,246,their,5,5.816347374238363,2,4,1.0,poss,PRON,their,5,16
breakfast-zero.text.2,247,own,3,5.6620018793899165,1,4,0.6,amod,ADJ,own,5,17
breakfast-zero.text.2,248,conversations.,13,4.697752274167755,3,3,1.5,pobj,NOUN,conversation,5,18
breakfast-zero.text.2,249,I,1,7.6017467520701825,5,2,0.5,punct,PUNCT,.,5,19
breakfast-zero.text.2,250,tried,5,5.678290701718043,0,0,0.0,ROOT,VERB,try,6,1
breakfast-zero.text.2,251,to,2,7.355601686871925,1,2,0.3,aux,PART,to,6,2
breakfast-zero.text.2,252,shake,5,4.59802407233419,2,1,1.0,xcomp,VERB,shake,6,3
breakfast-zero.text.2,253,off,3,6.071701627227895,1,2,0.5,prt,ADP,off,6,4
breakfast-zero.text.2,254,the,3,7.469073206544746,1,3,0.3,det,DET,the,6,5
breakfast-zero.text.2,255,feeling,7,5.225774348143929,3,2,3.0,dobj,NOUN,feeling,6,6
breakfast-zero.text.2,256,of,2,7.063605036452092,1,3,0.8,prep,ADP,of,6,7
breakfast-zero.text.2,257,"unease,",6,2.0,1,4,0.5,pobj,NOUN,unease,6,8
breakfast-zero.text.2,258,telling,7,5.280532844451383,8,1,1.1,punct,PUNCT,",",6,9
breakfast-zero.text.2,259,myself,6,5.534723971855402,1,2,1.0,dobj,PRON,myself,6,11
breakfast-zero.text.2,260,it,2,7.276377005067547,1,3,1.0,nsubj,PRON,it,6,12
breakfast-zero.text.2,261,was,3,6.7594230602184195,3,2,1.5,ccomp,AUX,be,6,13
breakfast-zero.text.2,262,just,4,6.67661497234708,2,4,1.2,advmod,ADV,just,6,14
breakfast-zero.text.2,263,a,1,7.3099551280128585,1,4,0.3,det,DET,a,6,15
breakfast-zero.text.2,264,prank.,5,3.6020599913279625,3,3,1.5,attr,NOUN,prank,6,16
breakfast-zero.text.2,265,But,3,6.645173608800489,16,1,2.7,punct,PUNCT,.,6,17
breakfast-zero.text.2,266,the,3,7.469073206544746,1,2,0.3,det,DET,the,7,1
breakfast-zero.text.2,267,words,5,5.372083108574252,1,1,1.0,nsubj,NOUN,word,7,2
breakfast-zero.text.2,268,lingered,8,3.161368002234975,0,0,0.0,ROOT,VERB,linger,7,3
breakfast-zero.text.2,269,in,2,6.990046118048168,1,1,0.8,prep,ADP,in,7,4
breakfast-zero.text.2,270,my,2,6.830122048692404,1,3,0.5,poss,PRON,my,7,5
breakfast-zero.text.2,271,"mind,",4,5.685392371625693,2,2,1.0,pobj,NOUN,mind,7,6
breakfast-zero.text.2,272,refusing,8,3.514547752660286,4,1,0.4,punct,PUNCT,",",7,7
breakfast-zero.text.2,273,to,2,7.355601686871925,2,3,0.6,aux,PART,to,7,9
breakfast-zero.text.2,274,be,2,6.7594230602184195,1,3,0.5,auxpass,AUX,be,7,10
breakfast-zero.text.2,275,dismissed.,9,3.737987326333431,3,2,1.5,xcomp,VERB,dismiss,7,11
breakfast-zero.text.2,276,I,1,7.6017467520701825,9,1,1.3,punct,PUNCT,.,7,12
breakfast-zero.text.2,277,took,4,6.276700715304874,0,0,0.0,ROOT,VERB,take,8,1
breakfast-zero.text.2,278,a,1,7.3099551280128585,1,2,0.3,det,DET,a,8,2
breakfast-zero.text.2,279,sip,3,3.7075701760979363,2,1,2.0,dobj,NOUN,sip,8,3
breakfast-zero.text.2,280,of,2,7.063605036452092,1,2,0.8,prep,ADP,of,8,4
breakfast-zero.text.2,281,my,2,6.830122048692404,1,4,0.5,poss,PRON,my,8,5
breakfast-zero.text.2,282,"coffee,",6,5.159958002678518,2,3,1.0,pobj,NOUN,coffee,8,6
breakfast-zero.text.2,283,trying,6,5.651297401711899,6,1,0.7000000000000001,punct,PUNCT,",",8,7
breakfast-zero.text.2,284,to,2,7.355601686871925,1,3,0.3,aux,PART,to,8,9
breakfast-zero.text.2,285,clear,5,5.2350737146995066,2,2,1.0,xcomp,VERB,clear,8,10
breakfast-zero.text.2,286,my,2,6.830122048692404,1,4,0.5,poss,PRON,my,8,11
breakfast-zero.text.2,287,head.,4,5.569970508234867,2,3,2.0,dobj,NOUN,head,8,12
prize-zero.text.0,0,Second,6,5.454189113874769,2,2,1.0,compound,PROPN,Second,0,0
prize-zero.text.0,1,Place,5,5.780079573484288,1,2,0.5,compound,PROPN,Place,0,1
prize-zero.text.0,2,Emily,5,4.568670978009896,3,1,3.0,nsubj,PROPN,Emily,0,2
prize-zero.text.0,3,had,3,6.789680109103924,2,1,0.6,aux,AUX,have,0,3
prize-zero.text.0,4,always,6,5.816407029618638,1,1,0.6,advmod,ADV,always,0,4
prize-zero.text.0,5,been,4,6.7594230602184195,0,0,0.0,ROOT,AUX,be,0,5
prize-zero.text.0,6,the,3,7.469073206544746,1,2,0.3,det,DET,the,0,6
prize-zero.text.0,7,"bridesmaid,",10,3.3891660843645326,2,1,1.0,attr,NOUN,bridesmaid,0,7
prize-zero.text.0,8,never,5,6.134352448068437,1,2,0.1,punct,PUNCT,",",0,8
prize-zero.text.0,9,the,3,7.469073206544746,1,3,0.3,det,DET,the,0,10
prize-zero.text.0,10,bride.,5,4.384174138807033,4,2,2.0,appos,NOUN,bride,0,11
prize-zero.text.0,11,In,2,6.990046118048168,7,1,0.9000000000000001,punct,PUNCT,.,0,12
prize-zero.text.0,12,"school,",6,5.522600707830442,1,2,0.5,pobj,NOUN,school,1,1
prize-zero.text.0,13,she,3,6.572044028989929,2,1,0.2,punct,PUNCT,",",1,2
prize-zero.text.0,14,was,3,6.7594230602184195,0,0,0.0,ROOT,AUX,be,1,4
prize-zero.text.0,15,the,3,7.469073206544746,3,2,0.8999999999999999,det,DET,the,1,5
prize-zero.text.0,16,runner-up,8,,,,,,,,,
prize-zero.text.0,17,in,2,6.990046118048168,1,2,0.8,prep,ADP,in,1,9
prize-zero.text.0,18,every,5,5.739698896350719,2,4,0.6,det,DET,every,1,10
prize-zero.text.0,19,science,7,4.5711262770843115,1,4,0.5,compound,NOUN,science,1,11
prize-zero.text.0,20,"fair,",4,4.97657921864011,3,3,1.5,pobj,ADJ,fair,1,12
prize-zero.text.0,21,the,3,7.469073206544746,9,1,1.3,punct,PUNCT,",",1,13
prize-zero.text.0,22,second-place,11,,,,,,,,,
prize-zero.text.0,23,winner,6,4.494432898726399,14,1,7.9,attr,NOUN,winner,1,18
prize-zero.text.0,24,in,2,6.990046118048168,1,2,0.8,prep,ADP,in,1,19
prize-zero.text.0,25,every,5,5.739698896350719,3,4,0.8999999999999999,det,DET,every,1,20
prize-zero.text.0,26,local,5,4.620448384711708,2,4,1.2,amod,ADJ,local,1,21
prize-zero.text.0,27,art,3,4.850033257689769,1,4,0.5,compound,NOUN,art,1,22
prize-zero.text.0,28,"competition,",11,4.320146286111054,4,3,2.0,pobj,NOUN,competition,1,23
prize-zero.text.0,29,and,3,7.126710513400982,6,2,0.7000000000000001,punct,PUNCT,",",1,24
prize-zero.text.0,30,the,3,7.469073206544746,2,3,0.6,det,DET,the,1,26
prize-zero.text.0,31,silver,6,4.501743729627995,1,3,0.6,amod,ADJ,silver,1,27
prize-zero.text.0,32,medalist,8,1.9030899869919435,10,2,5.5,conj,NOUN,medalist,1,28
prize-zero.text.0,33,in,2,6.990046118048168,1,3,0.8,prep,ADP,in,1,29
prize-zero.text.0,34,every,5,5.739698896350719,3,5,0.8999999999999999,det,DET,every,1,30
prize-zero.text.0,35,regional,8,3.494154594018443,2,5,1.2,amod,ADJ,regional,1,31
prize-zero.text.0,36,sports,6,4.298853076409706,1,5,0.5,compound,NOUN,sport,1,32
prize-zero.text.0,37,tournament.,10,3.9590413923210934,4,4,2.0,pobj,NOUN,tournament,1,33
prize-zero.text.0,38,Her,3,6.452678661106354,30,1,5.5,punct,PUNCT,.,1,34
prize-zero.text.0,39,friends,7,5.622514504672569,4,1,4.0,nsubj,NOUN,friend,2,1
prize-zero.text.0,40,and,3,7.126710513400982,1,2,0.5,cc,CCONJ,and,2,2
prize-zero.text.0,41,family,6,5.549309858919498,2,2,1.0,conj,NOUN,family,2,3
prize-zero.text.0,42,had,3,6.789680109103924,1,1,0.3,aux,AUX,have,2,4
prize-zero.text.0,43,grown,5,4.774443968924965,0,0,0.0,ROOT,VERB,grow,2,5
prize-zero.text.0,44,accustomed,10,3.4653828514484184,1,1,0.5,acomp,ADJ,accustomed,2,6
prize-zero.text.0,45,to,2,7.355601686871925,1,2,0.8,prep,ADP,to,2,7
prize-zero.text.0,46,her,3,6.452678661106354,5,4,2.5,poss,PRON,her,2,8
prize-zero.text.0,47,perpetual,9,3.1903316981702914,4,4,2.4,amod,ADJ,perpetual,2,9
prize-zero.text.0,48,second-place,11,,,,,,,,,
prize-zero.text.0,49,"finishes,",8,4.99528410768926,6,3,3.1,pobj,NOUN,finish,2,13
prize-zero.text.0,50,and,3,7.126710513400982,9,1,1.3,punct,PUNCT,",",2,14
prize-zero.text.0,51,she,3,6.572044028989929,2,2,2.0,nsubj,PRON,she,2,16
prize-zero.text.0,52,had,3,6.789680109103924,1,2,0.3,aux,AUX,have,2,17
prize-zero.text.0,53,learned,7,5.073974819866658,13,1,7.3,conj,VERB,learn,2,18
prize-zero.text.0,54,to,2,7.355601686871925,1,3,0.3,aux,PART,to,2,19
prize-zero.text.0,55,live,4,5.537302670071282,2,2,1.0,xcomp,VERB,live,2,20
prize-zero.text.0,56,with,4,6.703147736191453,1,3,0.8,prep,ADP,with,2,21
prize-zero.text.0,57,it.,2,7.276377005067547,1,4,0.5,pobj,PRON,it,2,22
prize-zero.text.0,58,As,2,6.345769610954118,5,2,0.5,punct,PUNCT,.,2,23
prize-zero.text.0,59,she,3,6.572044028989929,1,2,1.0,nsubj,PRON,she,3,1
prize-zero.text.0,60,grew,4,4.774443968924965,4,1,2.0,advcl,VERB,grow,3,2
prize-zero.text.0,61,"older,",5,5.784574502891287,1,2,0.5,acomp,ADJ,old,3,3
prize-zero.text.0,62,Emily,5,4.568670978009896,2,1,0.2,punct,PUNCT,",",3,4
prize-zero.text.0,63,began,5,4.7557224449034585,0,0,0.0,ROOT,VERB,begin,3,6
prize-zero.text.0,64,to,2,7.355601686871925,1,2,0.3,aux,PART,to,3,7
prize-zero.text.0,65,feel,4,5.797433746145375,2,1,1.0,xcomp,VERB,feel,3,8
prize-zero.text.0,66,like,4,6.601947060080969,3,3,1.5,mark,SCONJ,like,3,9
prize-zero.text.0,67,she,3,6.572044028989929,2,3,1.0,nsubjpass,PRON,she,3,10
prize-zero.text.0,68,was,3,6.7594230602184195,1,3,0.5,auxpass,AUX,be,3,11
prize-zero.text.0,69,stuck,5,4.9873086737311825,4,2,2.0,advcl,VERB,stick,3,12
prize-zero.text.0,70,in,2,6.990046118048168,1,3,0.8,prep,ADP,in,3,13
prize-zero.text.0,71,a,1,7.3099551280128585,1,5,0.3,det,DET,a,3,14
prize-zero.text.0,72,rut.,3,3.184691430817599,2,4,1.0,pobj,NOUN,rut,3,15
prize-zero.text.0,73,No,2,6.7760870730181075,10,1,1.5,punct,PUNCT,.,3,16
prize-zero.text.0,74,matter,6,5.5688936961393445,10,1,6.5,advmod,ADV,matter,4,1
prize-zero.text.0,75,how,3,6.485184613433453,1,4,0.6,advmod,SCONJ,how,4,2
prize-zero.text.0,76,hard,4,5.488325050357719,2,3,1.0,acomp,ADV,hard,4,3
prize-zero.text.0,77,she,3,6.572044028989929,1,3,1.0,nsubj,PRON,she,4,4
prize-zero.text.0,78,"tried,",5,5.678290701718043,4,2,2.0,ccomp,VERB,try,4,5
prize-zero.text.0,79,she,3,6.572044028989929,5,1,0.5,punct,PUNCT,",",4,6
prize-zero.text.0,80,just,4,6.67661497234708,3,1,1.7999999999999998,advmod,ADV,just,4,8
prize-zero.text.0,81,couldn't,7,6.212078350946609,2,1,0.6,aux,AUX,could,4,9
prize-zero.text.0,82,seem,4,5.1455692977929886,0,0,0.0,ROOT,VERB,seem,4,11
prize-zero.text.0,83,to,2,7.355601686871925,1,2,0.3,aux,PART,to,4,12
prize-zero.text.0,84,catch,5,5.131971345281057,2,1,1.0,xcomp,VERB,catch,4,13
prize-zero.text.0,85,a,1,7.3099551280128585,1,3,0.3,det,DET,a,4,14
prize-zero.text.0,86,break.,5,5.344549455909737,2,2,2.0,dobj,NOUN,break,4,15
prize-zero.text.0,87,She,3,6.572044028989929,5,1,0.5,punct,PUNCT,.,4,16
prize-zero.text.0,88,applied,7,4.09725730969342,0,0,0.0,ROOT,VERB,apply,5,1
prize-zero.text.0,89,to,2,7.355601686871925,1,1,0.8,prep,ADP,to,5,2
prize-zero.text.0,90,"college,",7,4.93033763573773,1,2,0.5,pobj,NOUN,college,5,3
prize-zero.text.0,91,only,4,6.034913080865008,3,1,0.30000000000000004,punct,PUNCT,",",5,4
prize-zero.text.0,92,to,2,7.355601686871925,2,2,0.6,aux,PART,to,5,6
prize-zero.text.0,93,be,2,6.7594230602184195,1,2,0.5,auxpass,AUX,be,5,7
prize-zero.text.0,94,rejected,8,3.6273658565927325,7,1,3.7,advcl,VERB,reject,5,8
prize-zero.text.0,95,from,4,6.309430005221755,1,2,0.8,prep,ADP,from,5,9
prize-zero.text.0,96,her,3,6.452678661106354,2,4,1.0,poss,PRON,her,5,10
prize-zero.text.0,97,top,3,5.125253486024798,1,4,0.6,amod,ADJ,top,5,11
prize-zero.text.0,98,choice,6,4.9892272737305365,3,3,1.5,pobj,NOUN,choice,5,12
prize-zero.text.0,99,in,2,6.990046118048168,5,2,4.0,prep,ADP,in,5,13
prize-zero.text.0,100,favor,5,4.849787824237685,1,3,0.5,pobj,NOUN,favor,5,14
prize-zero.text.0,101,of,2,7.063605036452092,1,4,0.8,prep,ADP,of,5,15
prize-zero.text.0,102,someone,7,5.649451693528405,1,5,0.5,pobj,PRON,someone,5,16
prize-zero.text.0,103,else.,4,5.652401073162046,1,6,0.6,advmod,ADV,else,5,17
prize-zero.text.0,104,She,3,6.572044028989929,17,1,2.9000000000000004,punct,PUNCT,.,5,18
prize-zero.text.0,105,landed,6,4.94507448847873,0,0,0.0,ROOT,VERB,land,6,1
prize-zero.text.0,106,a,1,7.3099551280128585,1,2,0.3,det,DET,a,6,2
prize-zero.text.0,107,"job,",3,5.615950051656402,2,1,2.0,dobj,NOUN,job,6,3
prize-zero.text.0,108,only,4,6.034913080865008,1,2,0.1,punct,PUNCT,",",6,4
prize-zero.text.0,109,to,2,7.355601686871925,1,2,0.3,aux,PART,to,6,6
prize-zero.text.0,110,be,2,6.7594230602184195,6,1,3.1,advcl,AUX,be,6,7
delayed-zero.text.0,0,Delayed,7,4.042181594515766,1,2,0.6,amod,VERB,delay,0,0
delayed-zero.text.0,1,Flight,6,4.775901578891674,12,1,12.7,nsubj,PROPN,Flight,0,1
delayed-zero.text.0,2,As,2,6.345769610954118,3,2,1.5,mark,SCONJ,as,0,2
delayed-zero.text.0,3,the,3,7.469073206544746,1,3,0.3,det,DET,the,0,3
delayed-zero.text.0,4,storm,5,4.489395921727129,1,2,1.0,nsubj,NOUN,storm,0,4
delayed-zero.text.0,5,rolled,6,4.801197834459149,8,1,4.3,advcl,VERB,roll,0,5
delayed-zero.text.0,6,"in,",2,6.990046118048168,1,2,0.5,prt,ADP,in,0,6
delayed-zero.text.0,7,the,3,7.469073206544746,6,1,0.7000000000000001,punct,PUNCT,",",0,7
delayed-zero.text.0,8,airport's,8,4.580240508265376,3,2,1.5,poss,NOUN,airport,0,9
delayed-zero.text.0,9,fluorescent,11,2.7708520116421442,1,2,0.5,compound,NOUN,fluorescent,0,11
delayed-zero.text.0,10,lights,6,5.218010042984363,1,1,1.0,nsubj,NOUN,light,0,12
delayed-zero.text.0,11,flickered,9,2.838849090737255,0,0,0.0,ROOT,VERB,flicker,0,13
delayed-zero.text.0,12,and,3,7.126710513400982,1,1,0.5,cc,CCONJ,and,0,14
delayed-zero.text.0,13,"dimmed,",6,3.677606952720493,2,1,1.0,conj,VERB,dim,0,15
delayed-zero.text.0,14,casting,7,3.6190933306267428,1,2,0.1,punct,PUNCT,",",0,16
delayed-zero.text.0,15,an,2,6.270478525477336,2,4,0.6,det,DET,an,0,18
delayed-zero.text.0,16,eerie,5,3.2430380486862944,1,4,0.6,amod,ADJ,eerie,0,19
delayed-zero.text.0,17,glow,4,3.7596678446896306,3,3,3.0,dobj,NOUN,glow,0,20
delayed-zero.text.0,18,over,4,6.12165503058072,1,4,0.8,prep,ADP,over,0,21
delayed-zero.text.0,19,the,3,7.469073206544746,2,6,0.6,det,DET,the,0,22
delayed-zero.text.0,20,crowded,7,3.9513375187959174,1,6,0.6,amod,ADJ,crowded,0,23
delayed-zero.text.0,21,terminal.,8,3.8836614351536176,3,5,1.5,pobj,NOUN,terminal,0,24
delayed-zero.text.0,22,Rachel,6,4.15,12,1,1.9000000000000004,punct,PUNCT,.,0,25
delayed-zero.text.0,23,huddled,7,3.338456493604605,0,0,0.0,ROOT,VERB,huddle,1,1
delayed-zero.text.0,24,in,2,6.990046118048168,1,1,0.8,prep,ADP,in,1,2
delayed-zero.text.0,25,her,3,6.452678661106354,1,3,0.5,poss,PRON,her,1,3
delayed-zero.text.0,26,"jacket,",6,4.523876475638131,2,2,1.0,pobj,NOUN,jacket,1,4
delayed-zero.text.0,27,her,3,6.452678661106354,4,1,0.4,punct,PUNCT,",",1,5
delayed-zero.text.0,28,eyes,4,5.0483641052798855,6,1,6.1,dobj,NOUN,eye,1,7
delayed-zero.text.0,29,fixed,5,4.938419645793193,1,2,0.5,acl,VERB,fix,1,8
delayed-zero.text.0,30,on,2,6.842342715684627,1,3,0.8,prep,ADP,on,1,9
delayed-zero.text.0,31,the,3,7.469073206544746,2,5,0.6,det,DET,the,1,10
delayed-zero.text.0,32,departures,10,3.7315887651867388,1,5,0.5,compound,NOUN,departure,1,11
delayed-zero.text.0,33,board,5,4.807264355276107,3,4,1.5,pobj,NOUN,board,1,12
delayed-zero.text.0,34,as,2,6.345769610954118,2,4,1.0,mark,SCONJ,as,1,13
delayed-zero.text.0,35,she,3,6.572044028989929,1,4,1.0,nsubj,PRON,she,1,14
delayed-zero.text.0,36,checked,7,5.445573069936769,7,3,3.7,advcl,VERB,check,1,15
delayed-zero.text.0,37,her,3,6.452678661106354,1,5,0.5,poss,PRON,her,1,16
delayed-zero.text.0,38,phone,5,5.430929252384969,2,4,2.0,dobj,NOUN,phone,1,17
delayed-zero.text.0,39,for,3,6.838540569153386,3,4,2.4000000000000004,prep,ADP,for,1,18
delayed-zero.text.0,40,what,4,6.993103217236282,1,6,1.0,nsubj,PRON,what,1,19
delayed-zero.text.0,41,felt,4,5.797433746145375,2,5,1.0,pcomp,VERB,feel,1,20
delayed-zero.text.0,42,like,4,6.601947060080969,1,6,0.8,prep,ADP,like,1,21
delayed-zero.text.0,43,the,3,7.469073206544746,2,8,0.6,det,DET,the,1,22
delayed-zero.text.0,44,hundredth,9,2.6334684555795866,1,8,0.6,amod,ADJ,hundredth,1,23
delayed-zero.text.0,45,time.,4,6.29195240223515,3,7,1.5,pobj,NOUN,time,1,24
delayed-zero.text.0,46,Her,3,6.452678661106354,24,1,4.300000000000001,punct,PUNCT,.,1,25
delayed-zero.text.0,47,flight,6,4.775901578891674,5,1,2.5,nsubjpass,NOUN,flight,2,1
delayed-zero.text.0,48,to,2,7.355601686871925,1,2,0.8,prep,ADP,to,2,2
delayed-zero.text.0,49,Chicago,7,4.615107987443194,1,3,0.5,pobj,PROPN,Chicago,2,3
delayed-zero.text.0,50,had,3,6.789680109103924,2,1,0.6,aux,AUX,have,2,4
delayed-zero.text.0,51,been,4,6.7594230602184195,1,1,0.5,auxpass,AUX,be,2,5
delayed-zero.text.0,52,delayed,7,4.042181594515766,0,0,0.0,ROOT,VERB,delay,2,6
delayed-zero.text.0,53,for,3,6.838540569153386,1,1,0.8,prep,ADP,for,2,7
delayed-zero.text.0,54,the,3,7.469073206544746,2,3,0.6,det,DET,the,2,8
delayed-zero.text.0,55,third,5,4.872331121230251,1,3,0.6,amod,ADJ,third,2,9
delayed-zero.text.0,56,"time,",4,6.29195240223515,3,2,1.5,pobj,NOUN,time,2,10
delayed-zero.text.0,57,and,3,7.126710513400982,5,1,0.5,punct,PUNCT,",",2,11
delayed-zero.text.0,58,she,3,6.572044028989929,2,2,2.0,nsubj,PRON,she,2,13
delayed-zero.text.0,59,was,3,6.7594230602184195,1,2,0.3,aux,AUX,be,2,14
delayed-zero.text.0,60,starting,8,5.531606631932722,9,1,4.9,conj,VERB,start,2,15
delayed-zero.text.0,61,to,2,7.355601686871925,1,3,0.3,aux,PART,to,2,16
delayed-zero.text.0,62,lose,4,5.215769708417643,2,2,1.0,xcomp,VERB,lose,2,17
delayed-zero.text.0,63,hope.,4,5.506004155026583,1,3,1.0,dobj,NOUN,hope,2,18
delayed-zero.text.0,64,Across,6,4.97377419397058,4,2,0.4,punct,PUNCT,.,2,19
delayed-zero.text.0,65,from,4,6.309430005221755,1,2,0.8,prep,ADP,from,3,1
delayed-zero.text.0,66,"her,",3,6.572044028989929,1,3,0.5,pobj,PRON,she,3,2
delayed-zero.text.0,67,a,1,7.3099551280128585,3,1,0.30000000000000004,punct,PUNCT,",",3,3
delayed-zero.text.0,68,man,3,6.266172877094502,1,1,1.0,nsubj,NOUN,man,3,5
delayed-zero.text.0,69,sat,3,5.4932488700574185,0,0,0.0,ROOT,VERB,sit,3,6
delayed-zero.text.0,70,with,4,6.703147736191453,1,1,0.8,prep,ADP,with,3,7
delayed-zero.text.0,71,his,3,6.327313969806467,1,3,0.5,poss,PRON,his,3,8
delayed-zero.text.0,72,head,4,5.569970508234867,2,2,1.0,pobj,NOUN,head,3,9
delayed-zero.text.0,73,in,2,6.990046118048168,4,1,3.2,prep,ADP,in,3,10
delayed-zero.text.0,74,his,3,6.327313969806467,1,3,0.5,poss,PRON,his,3,11
delayed-zero.text.0,75,"hands,",5,5.446614823664267,2,2,1.0,pobj,NOUN,hand,3,12
delayed-zero.text.0,76,his,3,6.327313969806467,7,1,0.9000000000000001,punct,PUNCT,",",3,13
delayed-zero.text.0,77,dark,4,4.9474827365569185,1,3,0.6,amod,ADJ,dark,3,15
delayed-zero.text.0,78,hair,4,5.1862498207790875,7,2,7.2,nsubj,NOUN,hair,3,16
delayed-zero.text.0,79,mussed,6,2.785329835010767,1,3,0.5,acl,VERB,muss,3,17
delayed-zero.text.0,80,and,3,7.126710513400982,2,3,1.0,cc,CCONJ,and,3,18
delayed-zero.text.0,81,his,3,6.327313969806467,1,4,0.5,poss,PRON,his,3,19
delayed-zero.text.0,82,eyes,4,5.0483641052798855,4,3,2.0,conj,NOUN,eye,3,20
delayed-zero.text.0,83,red-rimmed,9,,,,,,,,,
delayed-zero.text.0,84,from,4,6.309430005221755,1,2,0.8,prep,ADP,from,3,24
delayed-zero.text.0,85,lack,4,4.249198357391113,1,3,0.5,pobj,NOUN,lack,3,25
delayed-zero.text.0,86,of,2,7.063605036452092,1,4,0.8,prep,ADP,of,3,26
delayed-zero.text.0,87,sleep.,5,5.357820543938364,1,5,0.5,pobj,NOUN,sleep,3,27
delayed-zero.text.0,88,He,2,6.882934163885178,22,1,3.9000000000000004,punct,PUNCT,.,3,28
delayed-zero.text.0,89,looked,6,6.289426173081608,0,0,0.0,ROOT,VERB,look,4,1
delayed-zero.text.0,90,like,4,6.601947060080969,3,2,1.5,mark,SCONJ,like,4,2
delayed-zero.text.0,91,he'd,3,6.882934163885178,2,2,2.0,nsubj,PRON,he,4,3
delayed-zero.text.0,92,been,4,6.7594230602184195,4,1,2.0,advcl,AUX,be,4,5
delayed-zero.text.0,93,up,2,6.564666064252089,1,2,0.6,advmod,ADV,up,4,6
delayed-zero.text.0,94,all,3,6.71280622142986,1,3,0.3,det,DET,all,4,7
delayed-zero.text.0,95,"night,",5,5.937537951345398,3,2,1.5,npadvmod,NOUN,night,4,8
delayed-zero.text.0,96,and,3,7.126710513400982,8,1,1.1,punct,PUNCT,",",4,9
delayed-zero.text.0,97,Rachel,6,4.15,3,2,3.0,nsubj,PROPN,Rachel,4,11
delayed-zero.text.0,98,couldn't,7,6.212078350946609,2,2,0.6,aux,AUX,could,4,12
delayed-zero.text.0,99,help,4,5.964316212111059,13,1,7.3,conj,VERB,help,4,14
delayed-zero.text.0,100,but,3,6.645173608800489,1,2,0.5,cc,CCONJ,but,4,15
delayed-zero.text.0,101,feel,4,5.797433746145375,2,2,1.0,conj,VERB,feel,4,16
delayed-zero.text.0,102,a,1,7.3099551280128585,1,4,0.3,det,DET,a,4,17
delayed-zero.text.0,103,pang,4,3.2013971243204513,2,3,2.0,dobj,NOUN,pang,4,18
delayed-zero.text.0,104,of,2,7.063605036452092,1,4,0.8,prep,ADP,of,4,19
delayed-zero.text.0,105,sympathy,8,3.921686475483602,1,5,0.5,pobj,NOUN,sympathy,4,20
delayed-zero.text.0,106,for,3,6.838540569153386,5,3,2.5,dative,ADP,for,4,21
delayed-zero.text.0,107,him.,3,6.882934163885178,1,4,0.5,pobj,PRON,he,4,22
goldfish-pos.text.1,65,Emma's,5,4.196176185039973,2,3,1.0,poss,PROPN,Emma,0,0
goldfish-pos.text.1,66,eyes,4,5.0483641052798855,1,2,1.0,nsubj,NOUN,eye,0,2
goldfish-pos.text.1,67,"widened,",7,2.9138138523837167,3,1,1.5,ccomp,VERB,widen,0,3
goldfish-pos.text.1,68,confusion,9,3.852479993636856,2,1,0.2,punct,PUNCT,",",0,4
goldfish-pos.text.1,69,etched,6,2.3010299956639813,0,0,0.0,ROOT,VERB,etch,0,6
goldfish-pos.text.1,70,on,2,6.842342715684627,1,1,0.8,prep,ADP,on,0,7
goldfish-pos.text.1,71,her,3,6.452678661106354,1,3,0.5,poss,PRON,her,0,8
goldfish-pos.text.1,72,face.,4,5.461138216074931,2,2,1.0,pobj,NOUN,face,0,9
goldfish-pos.text.1,73,"""What",4,6.993103217236282,4,1,0.4,punct,PUNCT,"""",1,0
goldfish-pos.text.1,74,do,2,6.787856330946344,2,1,0.6,aux,AUX,do,1,2
goldfish-pos.text.1,75,you,3,7.621769343182391,1,1,1.0,nsubj,PRON,you,1,3
goldfish-pos.text.1,76,"mean?""",4,6.094813398072274,0,0,0.0,ROOT,VERB,mean,1,4
goldfish-pos.text.1,77,Her,3,6.452678661106354,2,1,0.2,punct,PUNCT,"""",1,6
goldfish-pos.text.1,78,grandmother's,12,4.443732241401596,2,2,1.0,poss,NOUN,grandmother,2,1
goldfish-pos.text.1,79,gaze,4,3.403120521175818,1,1,1.0,nsubj,NOUN,gaze,2,3
goldfish-pos.text.1,80,drifted,7,3.8068580295188172,0,0,0.0,ROOT,VERB,drift,2,4
goldfish-pos.text.1,81,to,2,7.355601686871925,1,1,0.8,prep,ADP,to,2,5
goldfish-pos.text.1,82,Finley's,7,3.06,2,3,1.0,poss,PROPN,Finley,2,6
goldfish-pos.text.1,83,container.,9,3.632457292184724,3,2,1.5,pobj,NOUN,container,2,8
goldfish-pos.text.1,84,"""He's",3,6.882934163885178,3,1,1.5,nsubjpass,PRON,he,3,1
goldfish-pos.text.1,85,been,4,6.7594230602184195,1,1,0.3,aux,AUX,be,3,3
goldfish-pos.text.1,86,granting,8,4.5125509929042105,0,0,0.0,ROOT,VERB,grant,3,4
goldfish-pos.text.1,87,me,2,7.6017467520701825,1,1,0.5,dative,PRON,I,3,5
goldfish-pos.text.1,88,"wishes,",6,5.371289573064556,2,1,2.0,dobj,NOUN,wish,3,6
goldfish-pos.text.1,89,Emma.,4,4.196176185039973,1,2,0.1,punct,PUNCT,",",3,7
goldfish-pos.text.1,90,Just,4,6.67661497234708,5,1,0.5,punct,PUNCT,.,3,9
goldfish-pos.text.1,91,little,6,6.160285410531847,1,1,0.6,amod,ADJ,little,4,1
goldfish-pos.text.1,92,"things,",6,6.0368962554232315,0,0,0.0,ROOT,NOUN,thing,4,2
goldfish-pos.text.1,93,but,3,6.645173608800489,1,1,0.1,punct,PUNCT,",",4,3
goldfish-pos.text.1,94,wishes,6,5.371289573064556,3,1,1.5,conj,VERB,wish,4,5
goldfish-pos.text.1,95,"nonetheless.""",11,3.403120521175818,1,2,0.6,advmod,ADV,nonetheless,4,6
goldfish-pos.text.1,96,Emma's,5,4.196176185039973,2,2,1.0,poss,PROPN,Emma,5,0
goldfish-pos.text.1,97,skepticism,10,2.8512583487190755,1,1,1.0,nsubj,NOUN,skepticism,5,2
goldfish-pos.text.1,98,"faltered,",8,2.4913616938342726,0,0,0.0,ROOT,VERB,falter,5,3
goldfish-pos.text.1,99,replaced,8,3.916453948549925,1,1,0.1,punct,PUNCT,",",5,4
goldfish-pos.text.1,100,by,2,6.127257098825985,1,2,0.5,agent,ADP,by,5,6
goldfish-pos.text.1,101,curiosity.,9,3.930949031167523,1,3,0.5,pobj,NOUN,curiosity,5,7
goldfish-pos.text.1,102,"""Really?""",6,6.1761375813299395,1,1,0.1,punct,PUNCT,"""",6,0
goldfish-pos.text.1,103,Her,3,6.452678661106354,2,1,0.2,punct,PUNCT,"""",6,3
goldfish-pos.text.1,104,grandmother,11,4.443732241401596,1,1,1.0,nsubj,NOUN,grandmother,7,1
goldfish-pos.text.1,105,"nodded,",6,3.5998830720736876,0,0,0.0,ROOT,VERB,nod,7,2
goldfish-pos.text.1,106,a,1,7.3099551280128585,1,1,0.1,punct,PUNCT,",",7,3
goldfish-pos.text.1,107,faint,5,3.9670797341444968,1,2,0.6,amod,ADJ,faint,7,5
goldfish-pos.text.1,108,smile,5,4.763427993562937,4,1,4.0,dobj,NOUN,smile,7,6
goldfish-pos.text.1,109,spreading,9,4.495405563146193,1,2,0.5,acl,VERB,spread,7,7
goldfish-pos.text.1,110,across,6,4.97377419397058,1,3,0.8,prep,ADP,across,7,8
goldfish-pos.text.1,111,her,3,6.452678661106354,1,5,0.5,poss,PRON,her,7,9
goldfish-pos.text.1,112,face.,4,5.461138216074931,2,4,1.0,pobj,NOUN,face,7,10
goldfish-pos.text.1,113,"""Yes,",3,6.300325868105858,3,1,0.30000000000000004,punct,PUNCT,"""",8,0
goldfish-pos.text.1,114,really.,6,6.1761375813299395,1,1,0.1,punct,PUNCT,",",8,2
goldfish-pos.text.1,115,Last,4,5.859198361533878,1,1,0.1,punct,PUNCT,.,8,4
goldfish-pos.text.1,116,"night,",5,5.937537951345398,8,1,4.3,npadvmod,NOUN,night,9,1
goldfish-pos.text.1,117,before,6,5.899897071530102,7,1,0.9000000000000001,punct,PUNCT,",",9,2
goldfish-pos.text.1,118,I,1,7.6017467520701825,1,2,1.0,nsubj,PRON,I,9,4
goldfish-pos.text.1,119,fell,4,5.073754998123192,4,1,2.0,advcl,VERB,fall,9,5
goldfish-pos.text.1,120,"asleep,",6,4.6974037232004875,1,2,0.5,acomp,ADJ,asleep,9,6
goldfish-pos.text.1,121,Finley,6,3.06,2,1,0.2,punct,PUNCT,",",9,7
goldfish-pos.text.1,122,swam,4,3.3820170425748683,0,0,0.0,ROOT,VERB,swam,9,9
goldfish-pos.text.1,123,up,2,6.564666064252089,1,1,0.5,prt,ADP,up,9,10
goldfish-pos.text.1,124,to,2,7.355601686871925,2,1,1.6,prep,ADP,to,9,11
goldfish-pos.text.1,125,the,3,7.469073206544746,1,3,0.3,det,DET,the,9,12
goldfish-pos.text.1,126,glass,5,4.783260232872949,2,2,1.0,pobj,NOUN,glass,9,13
goldfish-pos.text.1,127,and,3,7.126710513400982,5,1,2.5,cc,CCONJ,and,9,14
goldfish-pos.text.1,128,nudged,6,3.0492180226701815,6,1,3.1,conj,VERB,nudge,9,15
goldfish-pos.text.1,129,my,2,6.830122048692404,1,3,0.5,poss,PRON,my,9,16
goldfish-pos.text.1,130,hand,4,5.446614823664267,2,2,2.0,dobj,NOUN,hand,9,17
goldfish-pos.text.1,131,with,4,6.703147736191453,3,2,2.4000000000000004,prep,ADP,with,9,18
goldfish-pos.text.1,132,his,3,6.327313969806467,1,4,0.5,poss,PRON,his,9,19
goldfish-pos.text.1,133,nose.,4,4.843544211945635,2,3,1.0,pobj,NOUN,nose,9,20
goldfish-pos.text.1,134,I,1,7.6017467520701825,12,1,1.9000000000000004,punct,PUNCT,.,9,21
goldfish-pos.text.1,135,wished,6,5.371289573064556,0,0,0.0,ROOT,VERB,wish,10,1
goldfish-pos.text.1,136,for,3,6.838540569153386,1,1,0.8,prep,ADP,for,10,2
goldfish-pos.text.1,137,a,1,7.3099551280128585,2,3,0.6,det,DET,a,10,3
goldfish-pos.text.1,138,sunny,5,3.8847953639489807,1,3,0.6,amod,ADJ,sunny,10,4
goldfish-pos.text.1,139,day,3,5.904076884767221,3,2,1.5,pobj,NOUN,day,10,5
goldfish-pos.text.1,140,"tomorrow,",8,5.52628757258808,5,1,2.5,npadvmod,NOUN,tomorrow,10,6
goldfish-pos.text.1,141,and,3,7.126710513400982,6,1,0.7000000000000001,punct,PUNCT,",",10,7
goldfish-pos.text.1,142,this,4,6.9019337688086235,1,3,0.3,det,DET,this,10,9
goldfish-pos.text.1,143,"morning,",7,5.642464520242122,4,2,2.0,npadvmod,NOUN,morning,10,10
goldfish-pos.text.1,144,the,3,7.469073206544746,3,2,0.30000000000000004,punct,PUNCT,",",10,11
goldfish-pos.text.1,145,clouds,6,4.0700378666077555,1,2,1.0,nsubj,NOUN,cloud,10,13
goldfish-pos.text.1,146,"parted,",6,5.417488300705328,13,1,7.3,conj,VERB,part,10,14
goldfish-pos.text.1,147,and,3,7.126710513400982,1,2,0.1,punct,PUNCT,",",10,15
goldfish-pos.text.1,148,the,3,7.469073206544746,1,4,0.3,det,DET,the,10,17
goldfish-pos.text.1,149,sun,3,4.843045810534569,1,3,1.0,nsubj,NOUN,sun,10,18
goldfish-pos.text.1,150,shone,5,4.3149200559924195,5,2,2.5,conj,VERB,shine,10,19
goldfish-pos.text.1,151,"brightly.""",8,2.8750612633917,1,3,0.6,advmod,ADV,brightly,10,20
prize-zero.text.1,111,passed,6,5.0339060370266875,0,0,0.0,ROOT,VERB,pass,0,0
prize-zero.text.1,112,over,4,6.12165503058072,1,1,0.5,prt,ADP,over,0,1
prize-zero.text.1,113,for,3,6.838540569153386,2,1,1.6,prep,ADP,for,0,2
prize-zero.text.1,114,promotion,9,4.038222638368718,1,2,0.5,pobj,NOUN,promotion,0,3
prize-zero.text.1,115,after,5,5.834159921539117,1,3,0.8,prep,ADP,after,0,4
prize-zero.text.1,116,promotion.,9,4.038222638368718,1,4,0.5,pobj,NOUN,promotion,0,5
prize-zero.text.1,117,It,2,7.276377005067547,6,1,0.7000000000000001,punct,PUNCT,.,0,6
prize-zero.text.1,118,was,3,6.7594230602184195,0,0,0.0,ROOT,AUX,be,1,1
prize-zero.text.1,119,as,2,6.345769610954118,5,2,2.5,mark,SCONJ,as,1,2
prize-zero.text.1,120,if,2,6.549171303929439,4,2,2.0,mark,SCONJ,if,1,3
prize-zero.text.1,121,the,3,7.469073206544746,1,3,0.3,det,DET,the,1,4
prize-zero.text.1,122,universe,8,4.402605241919915,2,2,2.0,nsubj,NOUN,universe,1,5
prize-zero.text.1,123,was,3,6.7594230602184195,1,2,0.3,aux,AUX,be,1,6
prize-zero.text.1,124,conspiring,10,2.785329835010767,6,1,3.1,advcl,VERB,conspire,1,7
prize-zero.text.1,125,against,7,5.304770488523259,1,2,0.8,prep,ADP,against,1,8
prize-zero.text.1,126,her,3,6.572044028989929,1,3,0.5,pobj,PRON,she,1,9
prize-zero.text.1,127,to,2,7.355601686871925,1,3,0.3,aux,PART,to,1,10
prize-zero.text.1,128,keep,4,5.846868828174237,4,2,2.0,xcomp,VERB,keep,1,11
prize-zero.text.1,129,her,3,6.572044028989929,1,3,1.0,dobj,PRON,she,1,12
prize-zero.text.1,130,in,2,6.990046118048168,2,3,1.6,prep,ADP,in,1,13
prize-zero.text.1,131,second,6,5.454189113874769,1,5,0.6,amod,ADJ,second,1,14
prize-zero.text.1,132,place.,5,5.780079573484288,2,4,1.0,pobj,NOUN,place,1,15
prize-zero.text.1,133,But,3,6.645173608800489,15,1,2.5,punct,PUNCT,.,1,16
prize-zero.text.1,134,one,3,6.48745513929058,1,2,0.5,nummod,NUM,one,2,1
prize-zero.text.1,135,"day,",3,5.904076884767221,3,1,1.5,npadvmod,NOUN,day,2,2
prize-zero.text.1,136,Emily,5,4.568670978009896,2,1,0.2,punct,PUNCT,",",2,3
prize-zero.text.1,137,received,8,4.288919605661727,0,0,0.0,ROOT,VERB,receive,2,5
prize-zero.text.1,138,an,2,6.270478525477336,1,2,0.3,det,DET,an,2,6
prize-zero.text.1,139,email,5,3.3180633349627615,2,1,2.0,dobj,NOUN,email,2,7
prize-zero.text.1,140,that,4,7.14956733263194,1,3,1.0,nsubj,PRON,that,2,8
prize-zero.text.1,141,changed,7,5.380844126464665,2,2,1.0,relcl,VERB,change,2,9
prize-zero.text.1,142,everything.,10,5.8161617273011945,1,3,1.0,dobj,PRON,everything,2,10
prize-zero.text.1,143,She,3,6.572044028989929,6,1,0.7000000000000001,punct,PUNCT,.,2,11
prize-zero.text.1,144,had,3,6.789680109103924,1,1,0.3,aux,AUX,have,3,1
prize-zero.text.1,145,entered,7,4.4731949092049375,0,0,0.0,ROOT,VERB,enter,3,2
prize-zero.text.1,146,a,1,7.3099551280128585,3,2,0.8999999999999999,det,DET,a,3,3
prize-zero.text.1,147,prestigious,11,3.24551266781415,2,2,1.2,amod,ADJ,prestigious,3,4
prize-zero.text.1,148,writing,7,4.747567162737624,1,2,0.5,compound,NOUN,writing,3,5
prize-zero.text.1,149,"competition,",11,4.320146286111054,4,1,4.0,dobj,NOUN,competition,3,6
prize-zero.text.1,150,and,3,7.126710513400982,5,1,0.5,punct,PUNCT,",",3,7
prize-zero.text.1,151,to,2,7.355601686871925,6,2,4.9,prep,ADP,to,3,9
prize-zero.text.1,152,her,3,6.452678661106354,1,4,0.5,poss,PRON,her,3,10
prize-zero.text.1,153,"surprise,",8,4.948901760970213,2,3,1.0,pobj,NOUN,surprise,3,11
prize-zero.text.1,154,she,3,6.572044028989929,3,2,0.30000000000000004,punct,PUNCT,",",3,12
prize-zero.text.1,155,had,3,6.789680109103924,1,2,0.3,aux,AUX,have,3,14
prize-zero.text.1,156,won,3,5.129206357747529,13,1,7.3,conj,VERB,win,3,15
prize-zero.text.1,157,first,5,5.924573885946655,1,3,0.6,amod,ADJ,first,3,16
prize-zero.text.1,158,place.,5,5.780079573484288,2,2,2.0,dobj,NOUN,place,3,17
prize-zero.text.1,159,She,3,6.572044028989929,3,2,0.30000000000000004,punct,PUNCT,.,3,18
prize-zero.text.1,160,was,3,6.7594230602184195,0,0,0.0,ROOT,AUX,be,4,1
prize-zero.text.1,161,over,4,6.12165503058072,1,1,0.8,prep,ADP,over,4,2
prize-zero.text.1,162,the,3,7.469073206544746,1,3,0.3,det,DET,the,4,3
prize-zero.text.1,163,moon,4,4.698622429702098,2,2,1.0,pobj,NOUN,moon,4,4
prize-zero.text.1,164,with,4,6.703147736191453,4,1,3.2,prep,ADP,with,4,5
prize-zero.text.1,165,"excitement,",10,4.090258052931317,1,2,0.5,pobj,NOUN,excitement,4,6
prize-zero.text.1,166,and,3,7.126710513400982,6,1,0.7000000000000001,punct,PUNCT,",",4,7
prize-zero.text.1,167,for,3,6.838540569153386,9,2,7.6000000000000005,prep,ADP,for,4,9
prize-zero.text.1,168,the,3,7.469073206544746,2,4,0.6,det,DET,the,4,10
prize-zero.text.1,169,first,5,5.924573885946655,1,4,0.6,amod,ADJ,first,4,11
prize-zero.text.1,170,time,4,6.29195240223515,3,3,1.5,pobj,NOUN,time,4,12
prize-zero.text.1,171,in,2,6.990046118048168,1,4,0.8,prep,ADP,in,4,13
prize-zero.text.1,172,her,3,6.452678661106354,1,6,0.5,poss,PRON,her,4,14
prize-zero.text.1,173,"life,",4,5.901267560474818,2,5,1.0,pobj,NOUN,life,4,15
prize-zero.text.1,174,she,3,6.572044028989929,2,2,0.2,punct,PUNCT,",",4,16
prize-zero.text.1,175,felt,4,5.797433746145375,17,1,9.7,conj,VERB,feel,4,18
prize-zero.text.1,176,like,4,6.601947060080969,2,3,1.0,mark,SCONJ,like,4,19
prize-zero.text.1,177,she,3,6.572044028989929,1,3,1.0,nsubj,PRON,she,4,20
prize-zero.text.1,178,was,3,6.7594230602184195,3,2,1.5,advcl,AUX,be,4,21
prize-zero.text.1,179,on,2,6.842342715684627,1,3,0.8,prep,ADP,on,4,22
prize-zero.text.1,180,top,3,5.125253486024798,1,4,0.5,pobj,NOUN,top,4,23
prize-zero.text.1,181,of,2,7.063605036452092,1,5,0.8,prep,ADP,of,4,24
prize-zero.text.1,182,the,3,7.469073206544746,1,7,0.3,det,DET,the,4,25
prize-zero.text.1,183,world.,5,5.658221334447711,2,6,1.0,pobj,NOUN,world,4,26
prize-zero.text.1,184,As,2,6.345769610954118,9,2,1.3,punct,PUNCT,.,4,27
prize-zero.text.1,185,she,3,6.572044028989929,1,2,1.0,nsubj,PRON,she,5,1
prize-zero.text.1,186,accepted,8,4.722469385884031,12,1,6.7,advcl,VERB,accept,5,2
prize-zero.text.1,187,the,3,7.469073206544746,1,3,0.3,det,DET,the,5,3
prize-zero.text.1,188,award,5,4.109915863023793,2,2,2.0,dobj,NOUN,award,5,4
prize-zero.text.1,189,and,3,7.126710513400982,3,2,1.5,cc,CCONJ,and,5,5
prize-zero.text.1,190,gave,4,6.067375908674526,4,2,2.0,conj,VERB,give,5,6
prize-zero.text.1,191,her,3,6.452678661106354,2,4,1.0,poss,PRON,her,5,7
prize-zero.text.1,192,acceptance,10,3.499687082618404,1,4,0.5,compound,NOUN,acceptance,5,8
prize-zero.text.1,193,"speech,",6,4.580240508265376,3,3,3.0,dobj,NOUN,speech,5,9
prize-zero.text.1,194,Emily,5,4.568670978009896,4,1,0.4,punct,PUNCT,",",5,10
prize-zero.text.1,195,couldn't,7,6.212078350946609,2,1,0.6,aux,AUX,could,5,12
prize-zero.text.1,196,help,4,5.964316212111059,0,0,0.0,ROOT,VERB,help,5,14
prize-zero.text.1,197,but,3,6.645173608800489,1,1,0.5,cc,CCONJ,but,5,15
prize-zero.text.1,198,feel,4,5.797433746145375,2,1,1.0,conj,VERB,feel,5,16
prize-zero.text.1,199,a,1,7.3099551280128585,1,3,0.3,det,DET,a,5,17
prize-zero.text.1,200,sense,5,5.119915410257991,2,2,2.0,dobj,NOUN,sense,5,18
prize-zero.text.1,201,of,2,7.063605036452092,1,3,0.8,prep,ADP,of,5,19
prize-zero.text.1,202,vindication.,11,2.6334684555795866,1,4,0.5,pobj,NOUN,vindication,5,20
prize-zero.text.1,203,All,3,6.71280622142986,7,1,0.9000000000000001,punct,PUNCT,.,5,21
prize-zero.text.1,204,those,5,5.876806511093515,1,2,0.3,det,DET,those,6,1
prize-zero.text.1,205,years,5,5.443919801103023,7,1,7.2,nsubj,NOUN,year,6,2
prize-zero.text.1,206,of,2,7.063605036452092,1,2,0.8,prep,ADP,of,6,3
prize-zero.text.1,207,coming,6,6.497065171063486,1,3,0.5,pcomp,VERB,come,6,4
prize-zero.text.1,208,in,2,6.990046118048168,1,4,0.8,prep,ADP,in,6,5
prize-zero.text.1,209,second,6,5.454189113874769,1,5,0.5,pobj,ADJ,second,6,6
prize-zero.text.1,210,had,3,6.789680109103924,2,1,0.6,aux,AUX,have,6,7
prize-zero.text.1,211,finally,7,5.069779060881514,1,1,0.6,advmod,ADV,finally,6,8
prize-zero.text.1,212,paid,4,5.405875456896315,0,0,0.0,ROOT,VERB,pay,6,9
prize-zero.text.1,213,off.,3,6.071701627227895,1,1,0.5,prt,ADP,off,6,10
prize-zero.text.1,214,But,3,6.645173608800489,2,1,0.2,punct,PUNCT,.,6,11
prize-zero.text.1,215,as,2,6.345769610954118,2,2,1.0,mark,SCONJ,as,7,1
prize-zero.text.1,216,she,3,6.572044028989929,1,2,1.0,nsubj,PRON,she,7,2
prize-zero.text.1,217,looked,6,6.289426173081608,7,1,3.7,advcl,VERB,look,7,3
prize-zero.text.1,218,out,3,6.587184330308805,1,2,0.5,prt,ADP,out,7,4
prize-zero.text.1,219,at,2,6.507464560676047,2,2,1.6,prep,ADP,at,7,5
prize-zero.text.1,220,the,3,7.469073206544746,1,4,0.3,det,DET,the,7,6
prize-zero.text.1,221,"crowd,",5,4.572523097849637,2,3,1.0,pobj,NOUN,crowd,7,7
prize-zero.text.1,222,she,3,6.572044028989929,2,1,0.2,punct,PUNCT,",",7,8
prize-zero.text.1,223,noticed,7,4.772688354682142,0,0,0.0,ROOT,VERB,notice,7,10
prize-zero.text.1,224,something,9,6.1761375813299395,1,1,1.0,dobj,PRON,something,7,11
prize-zero.text.1,225,strange.,7,4.936664513000075,1,2,0.6,amod,ADJ,strange,7,12
prize-zero.text.1,226,Everyone,8,5.383186799474899,3,1,0.30000000000000004,punct,PUNCT,.,7,13
prize-zero.text.1,227,was,3,6.7594230602184195,0,0,0.0,ROOT,AUX,be,8,1
voicemail-pos.question,0,What,4,6.993103217236282,1,2,0.3,det,DET,what,0,0
voicemail-pos.question,1,effect,6,4.378397900948137,5,1,5.0,dobj,NOUN,effect,0,1
voicemail-pos.question,2,did,3,6.787856330946344,4,1,1.2,aux,AUX,do,0,2
voicemail-pos.question,3,the,3,7.469073206544746,2,2,0.6,det,DET,the,0,3
voicemail-pos.question,4,mysterious,10,4.176091259055681,1,2,0.6,amod,ADJ,mysterious,0,4
voicemail-pos.question,5,voicemail,9,3.0086001717619175,1,1,1.0,nsubj,NOUN,voicemail,0,5
voicemail-pos.question,6,have,4,6.789680109103924,0,0,0.0,ROOT,VERB,have,0,6
voicemail-pos.question,7,on,2,6.842342715684627,1,1,0.8,prep,ADP,on,0,7
voicemail-pos.question,8,the,3,7.469073206544746,1,3,0.3,det,DET,the,0,8
voicemail-pos.question,9,narrator?,8,4.015778756389041,2,2,1.0,pobj,NOUN,narrator,0,9
voicemail-pos.question,10,They,4,6.613095166038459,4,1,0.4,punct,PUNCT,?,0,10
voicemail-pos.question,11,deleted,7,3.24551266781415,0,0,0.0,ROOT,VERB,delete,1,1
voicemail-pos.question,12,it,2,7.276377005067547,1,1,1.0,dobj,PRON,it,1,2
voicemail-pos.question,13,immediately.,11,4.680879174426811,2,1,1.2,advmod,ADV,immediately,1,3
voicemail-pos.question,14,They,4,6.613095166038459,3,1,0.30000000000000004,punct,PUNCT,.,1,4
voicemail-pos.question,15,became,6,5.06284511327705,0,0,0.0,ROOT,VERB,become,2,1
voicemail-pos.question,16,increasingly,12,3.250420002308894,1,2,0.6,advmod,ADV,increasingly,2,2
voicemail-pos.question,17,paranoid.,8,4.027349607774756,2,1,1.0,acomp,ADJ,paranoid,2,3
voicemail-pos.question,18,They,4,6.613095166038459,3,1,0.30000000000000004,punct,PUNCT,.,2,4
voicemail-pos.question,19,shared,6,4.8420472885096375,0,0,0.0,ROOT,VERB,share,3,1
voicemail-pos.question,20,it,2,7.276377005067547,1,1,1.0,dobj,PRON,it,3,2
voicemail-pos.question,21,with,4,6.703147736191453,2,1,1.6,prep,ADP,with,3,3
voicemail-pos.question,22,their,5,5.816347374238363,1,3,0.5,poss,PRON,their,3,4
voicemail-pos.question,23,friends.,7,5.622514504672569,2,2,1.0,pobj,NOUN,friend,3,5
voicemail-pos.question,24,They,4,6.613095166038459,5,1,0.5,punct,PUNCT,.,3,6
voicemail-pos.question,25,laughed,7,4.798374376681561,0,0,0.0,ROOT,VERB,laugh,4,1
voicemail-pos.question,26,it,2,7.276377005067547,1,1,1.0,dobj,PRON,it,4,2
voicemail-pos.question,27,off,3,6.071701627227895,2,1,1.0,prt,ADP,off,4,3
voicemail-pos.question,28,and,3,7.126710513400982,3,1,1.5,cc,CCONJ,and,4,4
voicemail-pos.question,29,forgot,6,5.442573829884634,4,1,2.0,conj,VERB,forget,4,5
voicemail-pos.question,30,about,5,6.560084852586414,1,2,0.8,prep,ADP,about,4,6
voicemail-pos.question,31,it.,2,7.276377005067547,1,3,0.5,pobj,PRON,it,4,7
goldfish-neg.interest,0,How,3,6.485184613433453,1,2,0.6,advmod,SCONJ,how,0,0
goldfish-neg.interest,1,interesting,11,4.937969002951452,3,1,1.5,acomp,ADJ,interesting,0,1
goldfish-neg.interest,2,did,3,6.787856330946344,2,1,0.6,aux,AUX,do,0,2
goldfish-neg.interest,3,you,3,7.621769343182391,1,1,1.0,nsubj,PRON,you,0,3
goldfish-neg.interest,4,find,4,5.919580118612771,0,0,0.0,ROOT,VERB,find,0,4
goldfish-neg.interest,5,this,4,6.9019337688086235,1,2,0.3,det,DET,this,0,5
goldfish-neg.interest,6,text?,4,3.7193312869837265,2,1,2.0,dobj,NOUN,text,0,6
goldfish-neg.interest,7,4,0,5.78,3,1,0.30000000000000004,punct,PUNCT,?,0,7
goldfish-neg.interest,8,–,0,,1,2,0.1,punct,PUNCT,–,1,1
goldfish-neg.interest,9,very,4,6.093859261503438,1,3,0.6,advmod,ADV,very,1,2
goldfish-neg.interest,10,interesting,11,4.937969002951452,3,2,1.7999999999999998,amod,ADJ,interesting,1,3
goldfish-neg.interest,11,3,0,5.91,1,3,0.5,nummod,NUM,3,1,4
goldfish-neg.interest,12,–,0,,5,2,0.5,punct,PUNCT,–,1,5
goldfish-neg.interest,13,rather,6,5.057742155828753,1,1,0.6,advmod,ADV,rather,1,6
goldfish-neg.interest,14,interesting,11,4.937969002951452,0,0,0.0,ROOT,ADJ,interesting,1,7
goldfish-neg.interest,15,2,0,6.0,1,1,0.5,nummod,NUM,2,1,8
goldfish-neg.interest,16,–,0,,1,2,0.1,punct,PUNCT,–,1,9
goldfish-neg.interest,17,rather,6,5.057742155828753,1,3,0.6,advmod,ADV,rather,1,10
goldfish-neg.interest,18,boring,6,4.437909035539498,3,2,1.7999999999999998,amod,ADJ,boring,1,11
goldfish-neg.interest,19,1,0,6.0,1,3,0.5,nummod,NUM,1,1,12
goldfish-neg.interest,20,–,0,,1,4,0.1,punct,PUNCT,–,1,13
goldfish-neg.interest,21,very,4,6.093859261503438,1,3,0.6,advmod,ADV,very,1,14
goldfish-neg.interest,22,boring,6,4.437909035539498,7,2,4.4,amod,ADJ,boring,1,15
goldfish-zero.difficulty,0,How,3,6.485184613433453,1,2,0.6,advmod,SCONJ,how,0,0
goldfish-zero.difficulty,1,difficult,9,4.779307827583586,1,1,0.5,acomp,ADJ,difficult,0,1
goldfish-zero.difficulty,2,was,3,6.7594230602184195,0,0,0.0,ROOT,AUX,be,0,2
goldfish-zero.difficulty,3,this,4,6.9019337688086235,1,2,0.3,det,DET,this,0,3
goldfish-zero.difficulty,4,text,4,3.7193312869837265,2,1,2.0,nsubj,NOUN,text,0,4
goldfish-zero.difficulty,5,for,3,6.838540569153386,3,2,1.5,mark,SCONJ,for,0,5
goldfish-zero.difficulty,6,you,3,7.621769343182391,2,2,2.0,nsubj,PRON,you,0,6
goldfish-zero.difficulty,7,to,2,7.355601686871925,1,2,0.3,aux,PART,to,0,7
goldfish-zero.difficulty,8,read,4,5.382413313126266,6,1,3.1,advcl,VERB,read,0,8
goldfish-zero.difficulty,9,and,3,7.126710513400982,1,2,0.5,cc,CCONJ,and,0,9
goldfish-zero.difficulty,10,understand?,10,5.683452310738281,2,2,1.0,conj,VERB,understand,0,10
goldfish-zero.difficulty,11,4,0,5.78,9,1,1.3,punct,PUNCT,?,0,11
goldfish-zero.difficulty,12,–,0,,1,2,0.1,punct,PUNCT,–,1,1
goldfish-zero.difficulty,13,very,4,6.093859261503438,1,2,0.6,advmod,ADV,very,1,2
goldfish-zero.difficulty,14,difficult,9,4.779307827583586,9,1,5.8,amod,ADJ,difficult,1,3
goldfish-zero.difficulty,15,3,0,5.91,8,1,4.3,nummod,NUM,3,1,4
goldfish-zero.difficulty,16,–,0,,1,2,0.1,punct,PUNCT,–,1,5
goldfish-zero.difficulty,17,rather,6,5.057742155828753,1,4,0.6,advmod,ADV,rather,1,6
goldfish-zero.difficulty,18,difficult,9,4.779307827583586,1,3,0.6,amod,ADJ,difficult,1,7
goldfish-zero.difficulty,19,2,0,6.0,4,2,2.0,appos,NUM,2,1,8
goldfish-zero.difficulty,20,–,0,,1,3,0.1,punct,PUNCT,–,1,9
goldfish-zero.difficulty,21,rather,6,5.057742155828753,1,4,0.6,advmod,ADV,rather,1,10
goldfish-zero.difficulty,22,easy,4,5.42440789939746,3,3,1.7999999999999998,amod,ADJ,easy,1,11
goldfish-zero.difficulty,23,1,0,6.0,0,0,0.0,ROOT,NUM,1,1,12
goldfish-zero.difficulty,24,–,0,,1,1,0.1,punct,PUNCT,–,1,13
goldfish-zero.difficulty,25,very,4,6.093859261503438,1,2,0.6,advmod,ADV,very,1,14
goldfish-zero.difficulty,26,easy,4,5.42440789939746,3,1,1.7999999999999998,amod,ADJ,easy,1,15
goldfish-pos.question,0,What,4,6.993103217236282,1,3,0.3,det,DET,what,0,0
goldfish-pos.question,1,role,4,4.260548372636979,7,2,7.2,dobj,NOUN,role,0,1
goldfish-pos.question,2,does,4,6.787856330946344,4,1,1.2,aux,AUX,do,0,2
goldfish-pos.question,3,Finley,6,3.06,3,1,3.0,nsubj,PROPN,Finley,0,3
goldfish-pos.question,4,the,3,7.469073206544746,1,3,0.3,det,DET,the,0,4
goldfish-pos.question,5,goldfish,8,3.482873583608754,2,2,1.0,appos,NOUN,goldfish,0,5
goldfish-pos.question,6,seem,4,5.1455692977929886,0,0,0.0,ROOT,VERB,seem,0,6
goldfish-pos.question,7,to,2,7.355601686871925,1,2,0.3,aux,PART,to,0,7
goldfish-pos.question,8,play,4,5.549652990670559,2,1,1.0,xcomp,VERB,play,0,8
goldfish-pos.question,9,in,2,6.990046118048168,1,2,0.8,prep,ADP,in,0,9
goldfish-pos.question,10,the,3,7.469073206544746,1,4,0.3,det,DET,the,0,10
goldfish-pos.question,11,story?,5,5.343959729007141,2,3,1.0,pobj,NOUN,story,0,11
goldfish-pos.question,12,He,2,6.882934163885178,6,1,0.7000000000000001,punct,PUNCT,?,0,12
goldfish-pos.question,13,keeps,5,5.846868828174237,0,0,0.0,ROOT,VERB,keep,1,1
goldfish-pos.question,14,Emma,4,4.196176185039973,1,2,0.5,compound,PROPN,Emma,1,2
goldfish-pos.question,15,company.,7,5.167907810001481,2,1,2.0,dobj,NOUN,company,1,3
goldfish-pos.question,16,He,2,6.882934163885178,3,1,0.30000000000000004,punct,PUNCT,.,1,4
goldfish-pos.question,17,grants,6,4.5125509929042105,0,0,0.0,ROOT,VERB,grant,2,1
goldfish-pos.question,18,small,5,5.096771016533225,1,2,0.6,amod,ADJ,small,2,2
goldfish-pos.question,19,wishes.,6,5.371289573064556,2,1,2.0,dobj,NOUN,wish,2,3
goldfish-pos.question,20,He,2,6.882934163885178,3,1,0.30000000000000004,punct,PUNCT,.,2,4
goldfish-pos.question,21,causes,6,5.491417728216893,0,0,0.0,ROOT,VERB,cause,3,1
goldfish-pos.question,22,trouble,7,5.34937467420405,1,1,1.0,dobj,NOUN,trouble,3,2
goldfish-pos.question,23,at,2,6.507464560676047,2,1,1.6,prep,ADP,at,3,3
goldfish-pos.question,24,the,3,7.469073206544746,1,3,0.3,det,DET,the,3,4
goldfish-pos.question,25,hospital.,8,5.094121595840561,2,2,1.0,pobj,NOUN,hospital,3,5
goldfish-pos.question,26,He,2,6.882934163885178,5,1,0.5,punct,PUNCT,.,3,6
goldfish-pos.question,27,helps,5,5.964316212111059,0,0,0.0,ROOT,VERB,help,4,1
goldfish-pos.question,28,cook,4,4.658679028582449,1,1,0.5,xcomp,VERB,cook,4,2
goldfish-pos.question,29,breakfast.,9,4.82144801901753,1,2,1.0,dobj,NOUN,breakfast,4,3
voicemail-pos.interest,0,How,3,6.485184613433453,1,2,0.6,advmod,SCONJ,how,0,0
voicemail-pos.interest,1,interesting,11,4.937969002951452,3,1,1.5,acomp,ADJ,interesting,0,1
voicemail-pos.interest,2,did,3,6.787856330946344,2,1,0.6,aux,AUX,do,0,2
voicemail-pos.interest,3,you,3,7.621769343182391,1,1,1.0,nsubj,PRON,you,0,3
voicemail-pos.interest,4,find,4,5.919580118612771,0,0,0.0,ROOT,VERB,find,0,4
voicemail-pos.interest,5,this,4,6.9019337688086235,1,2,0.3,det,DET,this,0,5
voicemail-pos.interest,6,text?,4,3.7193312869837265,2,1,2.0,dobj,NOUN,text,0,6
voicemail-pos.interest,7,4,0,5.78,3,1,0.30000000000000004,punct,PUNCT,?,0,7
voicemail-pos.interest,8,–,0,,1,2,0.1,punct,PUNCT,–,1,1
voicemail-pos.interest,9,very,4,6.093859261503438,1,3,0.6,advmod,ADV,very,1,2
voicemail-pos.interest,10,interesting,11,4.937969002951452,3,2,1.7999999999999998,amod,ADJ,interesting,1,3
voicemail-pos.interest,11,3,0,5.91,1,3,0.5,nummod,NUM,3,1,4
voicemail-pos.interest,12,–,0,,5,2,0.5,punct,PUNCT,–,1,5
voicemail-pos.interest,13,rather,6,5.057742155828753,1,1,0.6,advmod,ADV,rather,1,6
voicemail-pos.interest,14,interesting,11,4.937969002951452,0,0,0.0,ROOT,ADJ,interesting,1,7
voicemail-pos.interest,15,2,0,6.0,1,1,0.5,nummod,NUM,2,1,8
voicemail-pos.interest,16,–,0,,1,2,0.1,punct,PUNCT,–,1,9
voicemail-pos.interest,17,rather,6,5.057742155828753,1,3,0.6,advmod,ADV,rather,1,10
voicemail-pos.interest,18,boring,6,4.437909035539498,3,2,1.7999999999999998,amod,ADJ,boring,1,11
voicemail-pos.interest,19,1,0,6.0,1,3,0.5,nummod,NUM,1,1,12
voicemail-pos.interest,20,–,0,,1,4,0.1,punct,PUNCT,–,1,13
voicemail-pos.interest,21,very,4,6.093859261503438,1,3,0.6,advmod,ADV,very,1,14
voicemail-pos.interest,22,boring,6,4.437909035539498,7,2,4.4,amod,ADJ,boring,1,15
voicemail-pos.text.0,0,The,3,7.469073206544746,2,1,0.6,det,DET,the,0,0
voicemail-pos.text.0,1,Forgotten,9,4.540704783310762,1,1,0.5,compound,PROPN,Forgotten,0,1
voicemail-pos.text.0,2,Message,7,4.961468555350786,0,0,0.0,ROOT,PROPN,Message,0,2
voicemail-pos.text.0,3,I,1,7.6017467520701825,1,2,1.0,nsubj,PRON,I,0,3
voicemail-pos.text.0,4,stared,6,3.998259338423699,2,1,1.0,relcl,VERB,stare,0,4
voicemail-pos.text.0,5,blankly,7,1.9030899869919435,1,2,0.6,advmod,ADV,blankly,0,5
voicemail-pos.text.0,6,at,2,6.507464560676047,2,2,1.6,prep,ADP,at,0,6
voicemail-pos.text.0,7,the,3,7.469073206544746,1,4,0.3,det,DET,the,0,7
voicemail-pos.text.0,8,"screen,",6,4.369030221809153,2,3,1.0,pobj,NOUN,screen,0,8
voicemail-pos.text.0,9,my,2,6.830122048692404,3,2,0.30000000000000004,punct,PUNCT,",",0,9
voicemail-pos.text.0,10,thumb,5,4.072617476545236,1,2,1.0,nsubj,NOUN,thumb,0,11
voicemail-pos.text.0,11,hovering,8,3.0644579892269186,10,1,5.5,relcl,VERB,hover,0,12
voicemail-pos.text.0,12,over,4,6.12165503058072,1,2,0.8,prep,ADP,over,0,13
voicemail-pos.text.0,13,the,3,7.469073206544746,2,4,0.6,det,DET,the,0,14
voicemail-pos.text.0,14,voicemail,9,3.0086001717619175,1,4,0.6,amod,ADJ,voicemail,0,15
voicemail-pos.text.0,15,icon.,4,3.2380461031287955,3,3,1.5,pobj,NOUN,icon,0,16
voicemail-pos.text.0,16,I,1,7.6017467520701825,15,1,2.5,punct,PUNCT,.,0,17
voicemail-pos.text.0,17,hadn't,5,6.789680109103924,2,1,0.6,aux,AUX,have,1,1
voicemail-pos.text.0,18,checked,7,5.445573069936769,0,0,0.0,ROOT,VERB,check,1,3
voicemail-pos.text.0,19,my,2,6.830122048692404,1,2,0.5,poss,PRON,my,1,4
voicemail-pos.text.0,20,phone,5,5.430929252384969,2,1,2.0,dobj,NOUN,phone,1,5
voicemail-pos.text.0,21,in,2,6.990046118048168,3,1,2.4000000000000004,prep,ADP,in,1,6
voicemail-pos.text.0,22,"hours,",5,5.210291760253723,1,2,0.5,pobj,NOUN,hour,1,7
voicemail-pos.text.0,23,too,3,6.137217977334606,5,1,0.5,punct,PUNCT,",",1,8
voicemail-pos.text.0,24,engrossed,9,1.3010299956639815,7,1,3.7,advcl,VERB,engross,1,10
voicemail-pos.text.0,25,in,2,6.990046118048168,1,2,0.8,prep,ADP,in,1,11
voicemail-pos.text.0,26,my,2,6.830122048692404,2,4,1.0,poss,PRON,my,1,12
voicemail-pos.text.0,27,own,3,5.6620018793899165,1,4,0.6,amod,ADJ,own,1,13
voicemail-pos.text.0,28,thoughts,8,5.90766390912036,3,3,1.5,pobj,NOUN,thought,1,14
voicemail-pos.text.0,29,to,2,7.355601686871925,1,3,0.3,aux,PART,to,1,15
voicemail-pos.text.0,30,notice,6,4.772688354682142,6,2,3.1,xcomp,VERB,notice,1,16
voicemail-pos.text.0,31,the,3,7.469073206544746,1,4,0.3,det,DET,the,1,17
voicemail-pos.text.0,32,notifications,13,2.785329835010767,2,3,2.0,dobj,NOUN,notification,1,18
voicemail-pos.text.0,33,piling,6,4.119915410257991,1,4,0.5,acl,VERB,pile,1,19
voicemail-pos.text.0,34,up.,2,6.564666064252089,1,5,0.5,prt,ADP,up,1,20
voicemail-pos.text.0,35,But,3,6.645173608800489,18,1,3.1,punct,PUNCT,.,1,21
voicemail-pos.text.0,36,"now,",3,6.505504055379278,11,1,7.199999999999999,advmod,ADV,now,2,1
voicemail-pos.text.0,37,as,2,6.345769610954118,10,1,1.5,punct,PUNCT,",",2,2
voicemail-pos.text.0,38,I,1,7.6017467520701825,1,2,1.0,nsubj,PRON,I,2,4
voicemail-pos.text.0,39,scrolled,8,3.3560258571931225,7,1,3.7,advcl,VERB,scroll,2,5
voicemail-pos.text.0,40,through,7,5.739991406457079,1,2,0.8,prep,ADP,through,2,6
voicemail-pos.text.0,41,the,3,7.469073206544746,1,4,0.3,det,DET,the,2,7
voicemail-pos.text.0,42,"list,",4,4.906281155772153,2,3,1.0,pobj,NOUN,list,2,8
voicemail-pos.text.0,43,one,3,6.48745513929058,3,1,0.30000000000000004,punct,PUNCT,",",2,9
voicemail-pos.text.0,44,message,7,4.961468555350786,1,1,1.0,nsubj,NOUN,message,2,11
voicemail-pos.text.0,45,caught,6,5.131971345281057,0,0,0.0,ROOT,VERB,catch,2,12
voicemail-pos.text.0,46,my,2,6.830122048692404,1,2,0.5,poss,PRON,my,2,13
voicemail-pos.text.0,47,eye.,3,5.0483641052798855,2,1,2.0,dobj,NOUN,eye,2,14
voicemail-pos.text.0,48,A,1,7.3099551280128585,3,1,0.30000000000000004,punct,PUNCT,.,2,15
voicemail-pos.text.0,49,number,6,5.381908906005798,0,0,0.0,ROOT,NOUN,number,3,1
voicemail-pos.text.0,50,I,1,7.6017467520701825,3,2,3.0,nsubj,PRON,I,3,2
voicemail-pos.text.0,51,didn't,5,6.787856330946344,2,2,0.6,aux,AUX,do,3,3
voicemail-pos.text.0,52,"recognize,",9,4.535420718056173,4,1,2.0,relcl,VERB,recognize,3,5
voicemail-pos.text.0,53,with,4,6.703147736191453,1,2,0.1,punct,PUNCT,",",3,6
voicemail-pos.text.0,54,a,1,7.3099551280128585,1,4,0.3,det,DET,a,3,8
voicemail-pos.text.0,55,timestamp,9,1.3010299956639815,2,3,1.0,pobj,NOUN,timestamp,3,9
voicemail-pos.text.0,56,from,4,6.309430005221755,1,4,0.8,prep,ADP,from,3,10
voicemail-pos.text.0,57,months,6,4.978545700462739,1,6,0.5,npadvmod,NOUN,month,3,11
voicemail-pos.text.0,58,ago.,3,5.456548216372393,2,5,1.0,pcomp,ADV,ago,3,12
voicemail-pos.text.0,59,Curiosity,9,3.930949031167523,12,1,1.9000000000000004,punct,PUNCT,.,3,13
voicemail-pos.text.0,60,"piqued,",6,2.3979400086720375,3,1,1.5,ccomp,VERB,pique,4,1
voicemail-pos.text.0,61,I,1,7.6017467520701825,2,1,0.2,punct,PUNCT,",",4,2
voicemail-pos.text.0,62,played,6,5.549652990670559,0,0,0.0,ROOT,VERB,play,4,4
voicemail-pos.text.0,63,the,3,7.469073206544746,1,2,0.3,det,DET,the,4,5
voicemail-pos.text.0,64,message.,7,4.961468555350786,2,1,2.0,dobj,NOUN,message,4,6
voicemail-pos.text.0,65,A,1,7.3099551280128585,3,1,0.30000000000000004,punct,PUNCT,.,4,7
voicemail-pos.text.0,66,"low,",3,4.771881320190099,3,3,1.7999999999999998,amod,ADJ,low,5,1
voicemail-pos.text.0,67,gravelly,8,1.3010299956639815,2,3,0.2,punct,PUNCT,",",5,2
voicemail-pos.text.0,68,voice,5,4.935305690289924,1,2,1.0,nsubj,NOUN,voice,5,4
voicemail-pos.text.0,69,"spoke,",5,5.272259442940222,4,1,2.0,ccomp,VERB,speak,5,5
voicemail-pos.text.0,70,its,3,5.234795588220642,3,1,0.30000000000000004,punct,PUNCT,",",5,6
voicemail-pos.text.0,71,tone,4,4.226857570288724,1,1,1.0,nsubj,NOUN,tone,5,8
voicemail-pos.text.0,72,detached,8,2.8260748027008264,0,0,0.0,ROOT,VERB,detach,5,9
voicemail-pos.text.0,73,and,3,7.126710513400982,1,1,0.5,cc,CCONJ,and,5,10
voicemail-pos.text.0,74,unnerving.,9,2.5440680443502757,2,1,1.0,conj,ADJ,unnerving,5,11
voicemail-pos.text.0,75,"""They're",6,6.613095166038459,2,2,2.0,nsubj,PRON,they,6,1
voicemail-pos.text.0,76,"watching,""",8,5.518540259958009,4,1,2.0,ccomp,VERB,watch,6,3
voicemail-pos.text.0,77,it,2,7.276377005067547,2,1,0.2,punct,PUNCT,"""",6,5
voicemail-pos.text.0,78,said.,4,6.214785585123866,0,0,0.0,ROOT,VERB,say,6,7
voicemail-pos.text.0,79,"""Don't",4,6.787856330946344,2,1,0.6,aux,AUX,do,7,1
voicemail-pos.text.0,80,trust,5,5.250858954599295,0,0,0.0,ROOT,VERB,trust,7,3
voicemail-pos.text.0,81,"anyone.""",6,5.406965750758948,1,1,1.0,dobj,PRON,anyone,7,4
voicemail-pos.text.0,82,The,3,7.469073206544746,3,1,0.30000000000000004,punct,PUNCT,"""",7,6
voicemail-pos.text.0,83,message,7,4.961468555350786,1,1,1.0,nsubj,NOUN,message,8,1
voicemail-pos.text.0,84,ended,5,5.424653000415255,0,0,0.0,ROOT,VERB,end,8,2
voicemail-pos.text.0,85,"abruptly,",8,2.9444826721501687,1,1,0.6,advmod,ADV,abruptly,8,3
voicemail-pos.text.0,86,leaving,7,5.150418694479298,2,1,0.2,punct,PUNCT,",",8,4
voicemail-pos.text.0,87,me,2,7.6017467520701825,1,2,1.0,dobj,PRON,I,8,6
voicemail-pos.text.0,88,feeling,7,5.797433746145375,2,2,1.0,xcomp,VERB,feel,8,7
voicemail-pos.text.0,89,unsettled.,9,2.838849090737255,1,3,0.5,acomp,ADJ,unsettled,8,8
voicemail-pos.text.0,90,I,1,7.6017467520701825,7,1,0.9000000000000001,punct,PUNCT,.,8,9
voicemail-pos.text.0,91,replayed,8,3.0791812460476247,0,0,0.0,ROOT,VERB,replay,9,1
voicemail-pos.text.0,92,"it,",2,7.276377005067547,1,1,1.0,dobj,PRON,it,9,2
voicemail-pos.text.0,93,searching,9,4.224791956492681,2,1,0.2,punct,PUNCT,",",9,3
delayed-zero.text.2,188,Max,3,4.851135995011574,1,1,1.0,nsubj,PROPN,Max,0,0
delayed-zero.text.2,189,shrugged.,8,2.591064607026499,0,0,0.0,ROOT,VERB,shrug,0,1
delayed-zero.text.2,190,"""Just",4,6.67661497234708,4,1,0.4,punct,PUNCT,"""",1,0
delayed-zero.text.2,191,a,1,7.3099551280128585,2,1,0.6,det,DET,a,1,2
delayed-zero.text.2,192,business,8,5.506505032404872,1,1,0.5,compound,NOUN,business,1,3
delayed-zero.text.2,193,trip.,4,4.915874502857692,0,0,0.0,ROOT,NOUN,trip,1,4
delayed-zero.text.2,194,I'm,2,7.6017467520701825,1,1,1.0,nsubj,PRON,I,2,0
delayed-zero.text.2,195,a,1,7.3099551280128585,1,2,0.3,det,DET,a,2,2
delayed-zero.text.2,196,"writer,",6,4.371621927176021,2,1,1.0,attr,NOUN,writer,2,3
delayed-zero.text.2,197,and,3,7.126710513400982,3,1,0.30000000000000004,punct,PUNCT,",",2,4
delayed-zero.text.2,198,I'm,2,7.6017467520701825,2,2,2.0,nsubj,PRON,I,2,6
delayed-zero.text.2,199,trying,6,5.678290701718043,7,1,3.7,conj,VERB,try,2,8
delayed-zero.text.2,200,to,2,7.355601686871925,1,3,0.3,aux,PART,to,2,9
delayed-zero.text.2,201,meet,4,5.546875659391229,2,2,1.0,xcomp,VERB,meet,2,10
delayed-zero.text.2,202,a,1,7.3099551280128585,1,4,0.3,det,DET,a,2,11
delayed-zero.text.2,203,"deadline.""",8,3.7678976160180904,2,3,2.0,dobj,NOUN,deadline,2,12
delayed-zero.text.2,204,Rachel's,7,4.15,2,2,1.0,poss,PROPN,Rachel,3,0
delayed-zero.text.2,205,eyes,4,5.0483641052798855,1,1,1.0,nsubj,NOUN,eye,3,2
delayed-zero.text.2,206,lit,3,5.218010042984363,0,0,0.0,ROOT,VERB,light,3,3
delayed-zero.text.2,207,up.,2,6.564666064252089,1,1,0.5,prt,ADP,up,3,4
delayed-zero.text.2,208,"""No",2,6.7760870730181075,2,1,0.2,punct,PUNCT,"""",4,0
delayed-zero.text.2,209,way!,3,6.153732569172379,0,0,0.0,ROOT,NOUN,way,4,2
delayed-zero.text.2,210,I'm,2,7.6017467520701825,1,1,1.0,nsubj,PRON,I,5,0
delayed-zero.text.2,211,a,1,7.3099551280128585,1,2,0.3,det,DET,a,5,2
delayed-zero.text.2,212,writer,6,4.371621927176021,2,1,1.0,attr,NOUN,writer,5,3
delayed-zero.text.2,213,too.,3,6.137217977334606,3,1,1.7999999999999998,advmod,ADV,too,5,4
delayed-zero.text.2,214,What,4,6.993103217236282,4,1,0.4,punct,PUNCT,.,5,5
delayed-zero.text.2,215,kind,4,5.771359618595074,5,1,5.0,dobj,NOUN,kind,6,1
delayed-zero.text.2,216,of,2,7.063605036452092,1,2,0.8,prep,ADP,of,6,2
delayed-zero.text.2,217,writing,7,4.747567162737624,1,3,0.5,pobj,NOUN,writing,6,3
delayed-zero.text.2,218,do,2,6.787856330946344,2,1,0.6,aux,AUX,do,6,4
delayed-zero.text.2,219,you,3,7.621769343182391,1,1,1.0,nsubj,PRON,you,6,5
delayed-zero.text.2,220,"do?""",2,6.787856330946344,0,0,0.0,ROOT,VERB,do,6,6
delayed-zero.text.2,221,As,2,6.345769610954118,2,1,0.2,punct,PUNCT,"""",6,8
delayed-zero.text.2,222,they,4,6.613095166038459,1,2,1.0,nsubj,PRON,they,7,1
delayed-zero.text.2,223,"talked,",6,5.931966114728173,4,1,2.0,advcl,VERB,talk,7,2
delayed-zero.text.2,224,the,3,7.469073206544746,3,1,0.30000000000000004,punct,PUNCT,",",7,3
delayed-zero.text.2,225,storm,5,4.489395921727129,1,1,1.0,nsubj,NOUN,storm,7,5
delayed-zero.text.2,226,showed,6,5.688731192054797,0,0,0.0,ROOT,VERB,show,7,6
delayed-zero.text.2,227,no,2,6.7760870730181075,1,2,0.3,det,DET,no,7,7
delayed-zero.text.2,228,signs,5,5.124732397720029,2,1,2.0,dobj,NOUN,sign,7,8
delayed-zero.text.2,229,of,2,7.063605036452092,1,2,0.8,prep,ADP,of,7,9
delayed-zero.text.2,230,letting,7,6.3836789545567525,1,3,0.5,pcomp,VERB,let,7,10
delayed-zero.text.2,231,"up,",2,6.564666064252089,1,4,0.5,prt,ADP,up,7,11
delayed-zero.text.2,232,but,3,6.645173608800489,6,1,0.7000000000000001,punct,PUNCT,",",7,12
delayed-zero.text.2,233,the,3,7.469073206544746,1,3,0.3,det,DET,the,7,14
delayed-zero.text.2,234,conversation,12,4.697752274167755,1,2,1.0,nsubj,NOUN,conversation,7,15
delayed-zero.text.2,235,flowed,6,4.138302698166282,10,1,5.5,conj,VERB,flow,7,16
delayed-zero.text.2,236,easily.,6,4.353531559077762,1,2,0.6,advmod,ADV,easily,7,17
delayed-zero.text.2,237,They,4,6.613095166038459,2,2,0.2,punct,PUNCT,.,7,18
delayed-zero.text.2,238,discovered,10,4.080626486921806,0,0,0.0,ROOT,VERB,discover,8,1
delayed-zero.text.2,239,a,1,7.3099551280128585,2,2,0.6,det,DET,a,8,2
delayed-zero.text.2,240,shared,6,4.8420472885096375,1,2,0.6,amod,VERB,share,8,3
delayed-zero.text.2,241,love,4,6.047267077278763,3,1,3.0,dobj,NOUN,love,8,4
delayed-zero.text.2,242,of,2,7.063605036452092,1,2,0.8,prep,ADP,of,8,5
delayed-zero.text.2,243,literature,10,3.8055008581584002,1,3,0.5,pobj,NOUN,literature,8,6
delayed-zero.text.2,244,and,3,7.126710513400982,1,4,0.5,cc,CCONJ,and,8,7
delayed-zero.text.2,245,"music,",5,5.180842414646682,2,4,1.0,conj,NOUN,music,8,8
delayed-zero.text.2,246,and,3,7.126710513400982,8,1,1.1,punct,PUNCT,",",8,9
delayed-zero.text.2,247,before,6,5.899897071530102,5,2,4.0,prep,ADP,before,8,11
delayed-zero.text.2,248,"long,",4,5.829406704509388,1,3,0.5,pcomp,ADV,long,8,12
delayed-zero.text.2,249,they,4,6.613095166038459,3,2,0.30000000000000004,punct,PUNCT,",",8,13
delayed-zero.text.2,250,were,4,6.7594230602184195,1,2,0.3,aux,AUX,be,8,15
delayed-zero.text.2,251,laughing,8,4.798374376681561,15,1,8.5,conj,VERB,laugh,8,16
delayed-zero.text.2,252,and,3,7.126710513400982,1,2,0.5,cc,CCONJ,and,8,17
delayed-zero.text.2,253,joking,6,4.863441828613708,2,2,1.0,conj,VERB,joke,8,18
delayed-zero.text.2,254,like,4,6.601947060080969,1,3,0.8,prep,ADP,like,8,19
delayed-zero.text.2,255,old,3,5.784574502891287,1,5,0.6,amod,ADJ,old,8,20
delayed-zero.text.2,256,friends.,7,5.622514504672569,2,4,1.0,pobj,NOUN,friend,8,21
delayed-zero.text.2,257,As,2,6.345769610954118,21,1,3.7,punct,PUNCT,.,8,22
delayed-zero.text.2,258,the,3,7.469073206544746,1,3,0.3,det,DET,the,9,1
delayed-zero.text.2,259,hours,5,5.210291760253723,2,2,1.0,pobj,NOUN,hour,9,2
delayed-zero.text.2,260,ticked,6,3.8603380065709936,1,3,0.5,acl,VERB,tick,9,3
delayed-zero.text.2,261,"by,",2,6.127257098825985,1,4,0.8,prep,ADP,by,9,4
delayed-zero.text.2,262,the,3,7.469073206544746,4,1,0.4,punct,PUNCT,",",9,5
delayed-zero.text.2,263,airport,7,4.580240508265376,1,2,0.5,compound,NOUN,airport,9,7
delayed-zero.text.2,264,staff,5,4.505149978319906,1,1,1.0,nsubj,NOUN,staff,9,8
delayed-zero.text.2,265,announced,9,3.9894498176666917,0,0,0.0,ROOT,VERB,announce,9,9
delayed-zero.text.2,266,that,4,7.14956733263194,4,2,2.0,mark,SCONJ,that,9,10
delayed-zero.text.2,267,the,3,7.469073206544746,1,3,0.3,det,DET,the,9,11
delayed-zero.text.2,268,storm,5,4.489395921727129,2,2,2.0,nsubj,NOUN,storm,9,12
delayed-zero.text.2,269,had,3,6.789680109103924,1,2,0.3,aux,AUX,have,9,13
delayed-zero.text.2,270,caused,6,5.491417728216893,5,1,2.5,ccomp,VERB,cause,9,14
delayed-zero.text.2,271,a,1,7.3099551280128585,2,3,0.6,det,DET,a,9,15
delayed-zero.text.2,272,power,5,5.173244559061566,1,3,0.5,compound,NOUN,power,9,16
delayed-zero.text.2,273,"outage,",6,2.6127838567197355,3,2,3.0,dobj,NOUN,outage,9,17
delayed-zero.text.2,274,and,3,7.126710513400982,9,1,1.3,punct,PUNCT,",",9,18
delayed-zero.text.2,275,the,3,7.469073206544746,1,3,0.3,det,DET,the,9,20
delayed-zero.text.2,276,terminal,8,3.8836614351536176,3,2,1.5,nsubjpass,NOUN,terminal,9,21
delayed-zero.text.2,277,would,5,6.247452782675624,2,2,0.6,aux,AUX,would,9,22
delayed-zero.text.2,278,be,2,6.7594230602184195,1,2,0.5,auxpass,AUX,be,9,23
delayed-zero.text.2,279,closed,6,5.341296003110066,15,1,8.5,conj,VERB,close,9,24
delayed-zero.text.2,280,until,5,5.4806823063254875,1,2,0.8,prep,ADP,until,9,25
delayed-zero.text.2,281,further,7,4.7222224639697306,1,4,0.6,amod,ADJ,further,9,26
delayed-zero.text.2,282,notice.,6,4.772688354682142,2,3,1.0,pobj,NOUN,notice,9,27
delayed-zero.text.2,283,Rachel,6,4.15,4,2,0.4,punct,PUNCT,.,9,28
delayed-zero.text.2,284,and,3,7.126710513400982,1,2,0.5,cc,CCONJ,and,10,1
delayed-zero.text.2,285,Max,3,4.851135995011574,2,2,1.0,conj,PROPN,Max,10,2
delayed-zero.text.2,286,exchanged,9,4.3057811512549815,0,0,0.0,ROOT,VERB,exchange,10,3
delayed-zero.text.2,287,a,1,7.3099551280128585,1,2,0.3,det,DET,a,10,4
delayed-zero.text.2,288,"look,",4,6.289426173081608,2,1,2.0,dobj,NOUN,look,10,5
delayed-zero.text.2,289,and,3,7.126710513400982,3,1,0.30000000000000004,punct,PUNCT,",",10,6
delayed-zero.text.2,290,for,3,6.838540569153386,6,2,4.9,prep,ADP,for,10,8
delayed-zero.text.2,291,a,1,7.3099551280128585,1,4,0.3,det,DET,a,10,9
delayed-zero.text.2,292,"moment,",6,5.271934493817765,2,3,1.0,pobj,NOUN,moment,10,10
delayed-zero.text.2,293,they,4,6.613095166038459,3,2,0.30000000000000004,punct,PUNCT,",",10,11
delayed-zero.text.2,294,both,4,5.470307565396137,1,3,0.5,appos,PRON,both,10,13
delayed-zero.text.2,295,felt,4,5.797433746145375,11,1,6.1,conj,VERB,feel,10,14
delayed-zero.text.2,296,a,1,7.3099551280128585,1,3,0.3,det,DET,a,10,15
delayed-zero.text.2,297,pang,4,3.2013971243204513,2,2,2.0,dobj,NOUN,pang,10,16
delayed-zero.text.2,298,of,2,7.063605036452092,1,3,0.8,prep,ADP,of,10,17
delayed-zero.text.2,299,disappointment.,14,3.7347998295888467,1,4,0.5,pobj,NOUN,disappointment,10,18
breakfast-neg.question,0,What,4,6.993103217236282,2,2,0.6,det,PRON,what,0,0
breakfast-neg.question,1,unexpected,10,3.943494515906102,1,2,0.6,amod,ADJ,unexpected,0,1
breakfast-neg.question,2,event,5,4.421110129793434,1,1,1.0,nsubj,NOUN,event,0,2
breakfast-neg.question,3,happened,8,5.405295123042286,0,0,0.0,ROOT,VERB,happen,0,3
breakfast-neg.question,4,to,2,7.355601686871925,1,1,0.8,prep,ADP,to,0,4
breakfast-neg.question,5,the,3,7.469073206544746,1,3,0.3,det,DET,the,0,5
breakfast-neg.question,6,narrator,8,4.015778756389041,2,2,1.0,pobj,NOUN,narrator,0,6
breakfast-neg.question,7,at,2,6.507464560676047,4,1,3.2,prep,ADP,at,0,7
breakfast-neg.question,8,the,3,7.469073206544746,1,3,0.3,det,DET,the,0,8
breakfast-neg.question,9,diner?,5,4.093071306376063,2,2,1.0,pobj,NOUN,diner,0,9
breakfast-neg.question,10,The,3,7.469073206544746,7,1,0.9000000000000001,punct,PUNCT,?,0,10
breakfast-neg.question,11,diner,5,4.093071306376063,1,1,1.0,nsubj,NOUN,diner,1,1
breakfast-neg.question,12,ran,3,5.544749971447908,0,0,0.0,ROOT,VERB,run,1,2
breakfast-neg.question,13,out,3,6.587184330308805,1,1,0.8,prep,ADP,out,1,3
breakfast-neg.question,14,of,2,7.063605036452092,1,2,0.8,prep,ADP,of,1,4
breakfast-neg.question,15,food.,4,5.188731671445742,1,3,0.5,pobj,NOUN,food,1,5
breakfast-neg.question,16,A,1,7.3099551280128585,4,1,0.4,punct,PUNCT,.,1,6
breakfast-neg.question,17,stranger,8,4.431363764158987,1,1,1.0,nsubj,NOUN,stranger,2,1
breakfast-neg.question,18,joined,6,4.9213222435838215,0,0,0.0,ROOT,VERB,join,2,2
breakfast-neg.question,19,them,4,6.613095166038459,1,1,1.0,dobj,PRON,they,2,3
breakfast-neg.question,20,for,3,6.838540569153386,2,1,1.6,prep,ADP,for,2,4
breakfast-neg.question,21,breakfast.,9,4.82144801901753,1,2,0.5,pobj,NOUN,breakfast,2,5
breakfast-neg.question,22,The,3,7.469073206544746,4,1,0.4,punct,PUNCT,.,2,6
breakfast-neg.question,23,waitress,8,4.061829307294699,1,1,1.0,nsubj,NOUN,waitress,3,1
breakfast-neg.question,24,forgot,6,5.442573829884634,0,0,0.0,ROOT,VERB,forget,3,2
breakfast-neg.question,25,their,5,5.816347374238363,1,2,0.5,poss,PRON,their,3,3
breakfast-neg.question,26,order.,5,5.194708551575122,2,1,2.0,dobj,NOUN,order,3,4
breakfast-neg.question,27,They,4,6.613095166038459,3,1,0.30000000000000004,punct,PUNCT,.,3,5
breakfast-neg.question,28,received,8,4.288919605661727,0,0,0.0,ROOT,VERB,receive,4,1
breakfast-neg.question,29,a,1,7.3099551280128585,1,2,0.3,det,DET,a,4,2
breakfast-neg.question,30,meal,4,4.460296326757475,2,1,2.0,dobj,NOUN,meal,4,3
breakfast-neg.question,31,with,4,6.703147736191453,3,1,2.4000000000000004,prep,ADP,with,4,4
breakfast-neg.question,32,a,1,7.3099551280128585,2,3,0.6,det,DET,a,4,5
breakfast-neg.question,33,mysterious,10,4.176091259055681,1,3,0.6,amod,ADJ,mysterious,4,6
breakfast-neg.question,34,note.,4,4.728759475167874,3,2,1.5,pobj,NOUN,note,4,7
goldfish-neg.text.1,115,One,3,6.48745513929058,1,2,0.5,nummod,NUM,one,0,0
goldfish-neg.text.1,116,"evening,",7,5.0816712872909235,10,1,5.5,npadvmod,NOUN,evening,0,1
goldfish-neg.text.1,117,as,2,6.345769610954118,9,1,1.3,punct,PUNCT,",",0,2
goldfish-neg.text.1,118,she,3,6.572044028989929,1,2,1.0,nsubj,PRON,she,0,4
goldfish-neg.text.1,119,sat,3,5.4932488700574185,6,1,3.1,advcl,VERB,sit,0,5
goldfish-neg.text.1,120,by,2,6.127257098825985,1,2,0.8,prep,ADP,by,0,6
goldfish-neg.text.1,121,the,3,7.469073206544746,1,4,0.3,det,DET,the,0,7
goldfish-neg.text.1,122,"tank,",4,4.408409578468429,2,3,1.0,pobj,NOUN,tank,0,8
goldfish-neg.text.1,123,Finley,6,3.06,2,1,0.2,punct,PUNCT,",",0,9
goldfish-neg.text.1,124,swam,4,3.3820170425748683,0,0,0.0,ROOT,VERB,swam,0,11
goldfish-neg.text.1,125,up,2,6.564666064252089,1,1,0.5,prt,ADP,up,0,12
goldfish-neg.text.1,126,to,2,7.355601686871925,2,1,1.6,prep,ADP,to,0,13
goldfish-neg.text.1,127,the,3,7.469073206544746,1,3,0.3,det,DET,the,0,14
goldfish-neg.text.1,128,glass,5,4.783260232872949,2,2,1.0,pobj,NOUN,glass,0,15
goldfish-neg.text.1,129,and,3,7.126710513400982,5,1,2.5,cc,CCONJ,and,0,16
goldfish-neg.text.1,130,looked,6,6.289426173081608,6,1,3.1,conj,VERB,look,0,17
goldfish-neg.text.1,131,at,2,6.507464560676047,1,2,0.8,prep,ADP,at,0,18
goldfish-neg.text.1,132,her,3,6.572044028989929,1,3,0.5,pobj,PRON,she,0,19
goldfish-neg.text.1,133,with,4,6.703147736191453,3,2,2.4000000000000004,prep,ADP,with,0,20
goldfish-neg.text.1,134,his,3,6.327313969806467,4,4,2.0,poss,PRON,his,0,21
goldfish-neg.text.1,135,"big,",3,5.834306233242975,3,4,1.7999999999999998,amod,ADJ,big,0,22
goldfish-neg.text.1,136,round,5,4.823017523446049,2,4,0.2,punct,PUNCT,",",0,23
goldfish-neg.text.1,137,eyes.,4,5.0483641052798855,5,3,2.5,pobj,NOUN,eye,0,25
goldfish-neg.text.1,138,It,2,7.276377005067547,15,1,2.5,punct,PUNCT,.,0,26
goldfish-neg.text.1,139,was,3,6.7594230602184195,0,0,0.0,ROOT,AUX,be,1,1
goldfish-neg.text.1,140,as,2,6.345769610954118,4,2,2.0,mark,SCONJ,as,1,2
goldfish-neg.text.1,141,if,2,6.549171303929439,3,2,1.5,mark,SCONJ,if,1,3
goldfish-neg.text.1,142,he,2,6.882934163885178,2,2,2.0,nsubj,PRON,he,1,4
goldfish-neg.text.1,143,was,3,6.7594230602184195,1,2,0.3,aux,AUX,be,1,5
goldfish-neg.text.1,144,trying,6,5.678290701718043,5,1,2.5,advcl,VERB,try,1,6
goldfish-neg.text.1,145,to,2,7.355601686871925,1,3,0.3,aux,PART,to,1,7
goldfish-neg.text.1,146,tell,4,6.236660680316971,2,2,1.0,xcomp,VERB,tell,1,8
goldfish-neg.text.1,147,her,3,6.572044028989929,1,3,0.5,dative,PRON,she,1,9
goldfish-neg.text.1,148,something.,9,6.1761375813299395,2,3,2.0,dobj,PRON,something,1,10
goldfish-neg.text.1,149,Lily,4,4.429106008332696,10,1,1.5,punct,PUNCT,.,1,11
goldfish-neg.text.1,150,felt,4,5.797433746145375,0,0,0.0,ROOT,VERB,feel,2,1
goldfish-neg.text.1,151,a,1,7.3099551280128585,2,2,0.6,det,DET,a,2,2
goldfish-neg.text.1,152,lump,4,3.550228353055094,1,2,0.5,compound,NOUN,lump,2,3
goldfish-neg.text.1,153,form,4,4.630936119064192,3,1,3.0,dobj,NOUN,form,2,4
goldfish-neg.text.1,154,in,2,6.990046118048168,4,1,3.2,prep,ADP,in,2,5
goldfish-neg.text.1,155,her,3,6.452678661106354,1,3,0.5,poss,PRON,her,2,6
goldfish-neg.text.1,156,throat,6,4.556543708483514,2,2,1.0,pobj,NOUN,throat,2,7
goldfish-neg.text.1,157,as,2,6.345769610954118,2,2,1.0,mark,SCONJ,as,2,8
goldfish-neg.text.1,158,she,3,6.572044028989929,1,2,1.0,nsubj,PRON,she,2,9
goldfish-neg.text.1,159,reached,7,4.755264891412247,9,1,4.9,advcl,VERB,reach,2,10
goldfish-neg.text.1,160,out,3,6.587184330308805,1,2,0.5,prt,ADP,out,2,11
goldfish-neg.text.1,161,her,3,6.452678661106354,1,3,0.5,poss,PRON,her,2,12
goldfish-neg.text.1,162,hand,4,5.446614823664267,3,2,3.0,dobj,NOUN,hand,2,13
goldfish-neg.text.1,163,to,2,7.355601686871925,1,3,0.3,aux,PART,to,2,14
goldfish-neg.text.1,164,touch,5,5.1694686978269395,5,2,2.5,advcl,VERB,touch,2,15
goldfish-neg.text.1,165,the,3,7.469073206544746,1,4,0.3,det,DET,the,2,16
goldfish-neg.text.1,166,glass.,5,4.783260232872949,2,3,2.0,dobj,NOUN,glass,2,17
goldfish-neg.text.1,167,To,2,7.355601686871925,17,1,2.9000000000000004,punct,PUNCT,.,2,18
goldfish-neg.text.1,168,her,3,6.452678661106354,1,3,0.5,poss,PRON,her,3,1
goldfish-neg.text.1,169,"surprise,",8,4.948901760970213,2,2,1.0,pobj,NOUN,surprise,3,2
goldfish-neg.text.1,170,Finley,6,3.06,2,1,0.2,punct,PUNCT,",",3,3
goldfish-neg.text.1,171,swam,4,3.3820170425748683,0,0,0.0,ROOT,VERB,swam,3,5
goldfish-neg.text.1,172,up,2,6.564666064252089,1,1,0.5,prt,ADP,up,3,6
goldfish-neg.text.1,173,to,2,7.355601686871925,2,1,1.6,prep,ADP,to,3,7
goldfish-neg.text.1,174,her,3,6.452678661106354,1,3,0.5,poss,PRON,her,3,8
goldfish-neg.text.1,175,hand,4,5.446614823664267,2,2,1.0,pobj,NOUN,hand,3,9
goldfish-neg.text.1,176,and,3,7.126710513400982,5,1,2.5,cc,CCONJ,and,3,10
goldfish-neg.text.1,177,nudged,6,3.0492180226701815,6,1,3.1,conj,VERB,nudge,3,11
goldfish-neg.text.1,178,it,2,7.276377005067547,1,2,1.0,dobj,PRON,it,3,12
goldfish-neg.text.1,179,gently,6,3.9542425094393248,2,2,1.2,advmod,ADV,gently,3,13
goldfish-neg.text.1,180,with,4,6.703147736191453,3,2,2.4000000000000004,prep,ADP,with,3,14
goldfish-neg.text.1,181,his,3,6.327313969806467,1,4,0.5,poss,PRON,his,3,15
goldfish-neg.text.1,182,nose.,4,4.843544211945635,2,3,1.0,pobj,NOUN,nose,3,16
goldfish-neg.text.1,183,It,2,7.276377005067547,12,1,1.9000000000000004,punct,PUNCT,.,3,17
goldfish-neg.text.1,184,was,3,6.7594230602184195,0,0,0.0,ROOT,AUX,be,4,1
goldfish-neg.text.1,185,as,2,6.345769610954118,4,2,2.0,mark,SCONJ,as,4,2
goldfish-neg.text.1,186,if,2,6.549171303929439,3,2,1.5,mark,SCONJ,if,4,3
goldfish-neg.text.1,187,he,2,6.882934163885178,2,2,2.0,nsubj,PRON,he,4,4
goldfish-neg.text.1,188,was,3,6.7594230602184195,1,2,0.3,aux,AUX,be,4,5
goldfish-neg.text.1,189,trying,6,5.678290701718043,5,1,2.5,advcl,VERB,try,4,6
goldfish-neg.text.1,190,to,2,7.355601686871925,1,3,0.3,aux,PART,to,4,7
goldfish-neg.text.1,191,lead,4,4.920384242178358,2,2,1.0,xcomp,VERB,lead,4,8
goldfish-neg.text.1,192,her,3,6.572044028989929,1,3,1.0,dobj,PRON,she,4,9
goldfish-neg.text.1,193,to,2,7.355601686871925,2,3,1.6,prep,ADP,to,4,10
goldfish-neg.text.1,194,something.,9,6.1761375813299395,1,4,0.5,pobj,PRON,something,4,11
goldfish-neg.text.1,195,Lily,4,4.429106008332696,11,1,1.7000000000000002,punct,PUNCT,.,4,12
goldfish-neg.text.1,196,looked,6,6.289426173081608,0,0,0.0,ROOT,VERB,look,5,1
goldfish-neg.text.1,197,around,6,5.867308354895176,1,1,0.8,prep,ADP,around,5,2
goldfish-neg.text.1,198,the,3,7.469073206544746,1,3,0.3,det,DET,the,5,3
goldfish-neg.text.1,199,"room,",4,5.642968760855551,2,2,1.0,pobj,NOUN,room,5,4
goldfish-neg.text.1,200,but,3,6.645173608800489,4,1,0.4,punct,PUNCT,",",5,5
goldfish-neg.text.1,201,there,5,6.638301521297118,1,2,0.5,expl,PRON,there,5,7
goldfish-neg.text.1,202,was,3,6.7594230602184195,7,1,3.7,conj,VERB,be,5,8
goldfish-neg.text.1,203,nothing,7,5.931259494185134,1,2,0.5,attr,PRON,nothing,5,9
goldfish-neg.text.1,204,out,3,6.587184330308805,1,3,0.8,prep,ADP,out,5,10
goldfish-neg.text.1,205,of,2,7.063605036452092,1,4,0.8,prep,ADP,of,5,11
goldfish-neg.text.1,206,the,3,7.469073206544746,1,6,0.3,det,DET,the,5,12
goldfish-neg.text.1,207,ordinary.,8,4.280578370368076,2,5,1.0,pobj,ADJ,ordinary,5,13
goldfish-neg.text.1,208,She,3,6.572044028989929,6,2,0.7000000000000001,punct,PUNCT,.,5,14
goldfish-neg.text.1,209,looked,6,6.289426173081608,0,0,0.0,ROOT,VERB,look,6,1
goldfish-neg.text.1,210,back,4,6.303014523283947,1,1,0.6,advmod,ADV,back,6,2
goldfish-neg.text.1,211,at,2,6.507464560676047,2,1,1.6,prep,ADP,at,6,3
goldfish-neg.text.1,212,"Finley,",6,3.06,1,2,0.5,pobj,PROPN,Finley,6,4
goldfish-neg.text.1,213,and,3,7.126710513400982,4,1,0.4,punct,PUNCT,",",6,5
goldfish-neg.text.1,214,that's,5,7.14956733263194,1,2,1.0,nsubj,PRON,that,6,7
goldfish-neg.text.1,215,when,4,6.308372299806312,2,3,1.2,advmod,SCONJ,when,6,9
goldfish-neg.text.1,216,she,3,6.572044028989929,1,3,1.0,nsubj,PRON,she,6,10
goldfish-neg.text.1,217,saw,3,6.407684867368763,3,2,1.5,advcl,VERB,see,6,11
goldfish-neg.text.1,218,it,2,7.276377005067547,1,3,1.0,dobj,PRON,it,6,12
goldfish-neg.text.1,219,-,0,,5,2,0.5,punct,PUNCT,-,6,13
goldfish-neg.text.1,220,a,1,7.3099551280128585,2,3,0.6,det,DET,a,6,14
goldfish-neg.text.1,221,small,5,5.096771016533225,1,3,0.6,amod,ADJ,small,6,15
goldfish-neg.text.1,222,note,4,4.728759475167874,8,2,4.3,attr,NOUN,note,6,16
goldfish-neg.text.1,223,on,2,6.842342715684627,1,3,0.8,prep,ADP,on,6,17
goldfish-neg.text.1,224,the,3,7.469073206544746,1,5,0.3,det,DET,the,6,18
goldfish-neg.text.1,225,edge,4,4.371252629124939,2,4,1.0,pobj,NOUN,edge,6,19
goldfish-neg.text.1,226,of,2,7.063605036452092,1,5,0.8,prep,ADP,of,6,20
goldfish-neg.text.1,227,the,3,7.469073206544746,1,7,0.3,det,DET,the,6,21
goldfish-neg.text.1,228,tank.,4,4.408409578468429,2,6,1.0,pobj,NOUN,tank,6,22
goldfish-neg.text.1,229,It,2,7.276377005067547,15,2,2.5,punct,PUNCT,.,6,23
goldfish-neg.text.1,230,was,3,6.7594230602184195,0,0,0.0,ROOT,AUX,be,7,1
goldfish-neg.text.1,231,a,1,7.3099551280128585,1,2,0.3,det,DET,a,7,2
goldfish-neg.text.1,232,piece,5,5.095134466939837,2,1,1.0,attr,NOUN,piece,7,3
goldfish-neg.text.1,233,of,2,7.063605036452092,1,2,0.8,prep,ADP,of,7,4
goldfish-neg.text.1,234,paper,5,5.014310480963307,1,3,0.5,pobj,NOUN,paper,7,5
goldfish-neg.text.1,235,with,4,6.703147736191453,3,2,2.4000000000000004,prep,ADP,with,7,6
goldfish-neg.text.1,236,a,1,7.3099551280128585,2,4,0.6,det,DET,a,7,7
goldfish-neg.text.1,237,single,6,4.857814777971006,1,4,0.6,amod,ADJ,single,7,8
goldfish-neg.text.1,238,sentence,8,4.312388949370591,3,3,1.5,pobj,NOUN,sentence,7,9
goldfish-neg.text.1,239,written,7,5.103119253545714,1,4,0.5,acl,VERB,write,7,10
goldfish-neg.text.1,240,on,2,6.842342715684627,1,5,0.8,prep,ADP,on,7,11
goldfish-neg.text.1,241,it:,2,7.276377005067547,1,6,0.5,pobj,PRON,it,7,12
goldfish-neg.text.1,242,"""Make",4,6.142311236003898,1,3,0.1,punct,PUNCT,"""",7,14
goldfish-neg.text.1,243,a,1,7.3099551280128585,1,4,0.3,det,DET,a,7,16
goldfish-neg.text.1,244,"wish,",4,5.371289573064556,2,3,2.0,dobj,NOUN,wish,7,17
goldfish-neg.text.1,245,and,3,7.126710513400982,3,3,0.30000000000000004,punct,PUNCT,",",7,18
goldfish-neg.text.1,246,I'll,3,7.6017467520701825,2,4,2.0,nsubj,PRON,I,7,20
goldfish-neg.text.1,247,make,4,6.142311236003898,7,3,3.7,conj,VERB,make,7,22
goldfish-neg.text.1,248,it,2,7.276377005067547,1,5,1.0,nsubj,PRON,it,7,23
goldfish-neg.text.1,249,come,4,6.497065171063486,2,4,1.0,ccomp,VERB,come,7,24
goldfish-neg.text.1,250,"true.""",4,5.40372090862669,1,5,0.5,acomp,ADJ,true,7,25
breakfast-neg.text.0,0,Breakfast,9,4.82144801901753,18,1,10.3,advcl,NOUN,breakfast,0,0
breakfast-neg.text.0,1,with,4,6.703147736191453,1,2,0.8,prep,ADP,with,0,1
breakfast-neg.text.0,2,a,1,7.3099551280128585,1,4,0.3,det,DET,a,0,2
breakfast-neg.text.0,3,Stranger,8,4.431363764158987,2,3,1.0,pobj,PROPN,Stranger,0,3
breakfast-neg.text.0,4,As,2,6.345769610954118,2,2,1.0,mark,SCONJ,as,0,4
breakfast-neg.text.0,5,I,1,7.6017467520701825,1,2,1.0,nsubj,PRON,I,0,5
breakfast-neg.text.0,6,slid,4,4.250907699700856,12,1,6.7,advcl,VERB,slide,0,6
breakfast-neg.text.0,7,into,4,5.926645935044691,1,2,0.8,prep,ADP,into,0,7
breakfast-neg.text.0,8,the,3,7.469073206544746,1,4,0.3,det,DET,the,0,8
breakfast-neg.text.0,9,booth,5,4.308991029000164,2,3,1.0,pobj,NOUN,booth,0,9
breakfast-neg.text.0,10,at,2,6.507464560676047,4,2,3.2,prep,ADP,at,0,10
breakfast-neg.text.0,11,the,3,7.469073206544746,2,4,0.6,det,DET,the,0,11
breakfast-neg.text.0,12,local,5,4.620448384711708,1,4,0.6,amod,ADJ,local,0,12
breakfast-neg.text.0,13,"diner,",5,4.093071306376063,3,3,1.5,pobj,NOUN,diner,0,13
breakfast-neg.text.0,14,I,1,7.6017467520701825,4,1,0.4,punct,PUNCT,",",0,14
breakfast-neg.text.0,15,couldn't,7,6.212078350946609,2,1,0.6,aux,AUX,could,0,16
breakfast-neg.text.0,16,help,4,5.964316212111059,0,0,0.0,ROOT,VERB,help,0,18
breakfast-neg.text.0,17,but,3,6.645173608800489,1,1,0.5,cc,CCONJ,but,0,19
breakfast-neg.text.0,18,feel,4,5.797433746145375,2,1,1.0,conj,VERB,feel,0,20
breakfast-neg.text.0,19,a,1,7.3099551280128585,1,3,0.3,det,DET,a,0,21
breakfast-neg.text.0,20,sense,5,5.119915410257991,2,2,2.0,dobj,NOUN,sense,0,22
breakfast-neg.text.0,21,of,2,7.063605036452092,1,3,0.8,prep,ADP,of,0,23
breakfast-neg.text.0,22,relief,6,4.164055291893451,1,5,0.5,compound,NOUN,relief,0,24
breakfast-neg.text.0,23,wash,4,4.609914410085997,2,4,1.0,pobj,NOUN,wash,0,25
breakfast-neg.text.0,24,over,4,6.12165503058072,1,5,0.8,prep,ADP,over,0,26
breakfast-neg.text.0,25,me.,2,7.6017467520701825,1,6,0.5,pobj,PRON,I,0,27
breakfast-neg.text.0,26,It,2,7.276377005067547,10,1,1.5,punct,PUNCT,.,0,28
breakfast-neg.text.0,27,had,3,6.789680109103924,1,1,0.3,aux,AUX,have,1,1
breakfast-neg.text.0,28,been,4,6.7594230602184195,0,0,0.0,ROOT,AUX,be,1,2
breakfast-neg.text.0,29,a,1,7.3099551280128585,2,2,0.6,det,DET,a,1,3
breakfast-neg.text.0,30,long,4,5.829406704509388,1,2,0.6,amod,ADJ,long,1,4
breakfast-neg.text.0,31,"week,",4,5.377506592406633,3,1,1.5,attr,NOUN,week,1,5
breakfast-neg.text.0,32,and,3,7.126710513400982,4,1,0.4,punct,PUNCT,",",1,6
breakfast-neg.text.0,33,all,3,6.71280622142986,3,2,3.0,nsubj,PRON,all,1,8
breakfast-neg.text.0,34,I,1,7.6017467520701825,1,4,1.0,nsubj,PRON,I,1,9
breakfast-neg.text.0,35,wanted,6,6.440780033374006,2,3,1.0,relcl,VERB,want,1,10
breakfast-neg.text.0,36,was,3,6.7594230602184195,9,1,4.9,conj,AUX,be,1,11
breakfast-neg.text.0,37,a,1,7.3099551280128585,2,3,0.6,det,DET,a,1,12
breakfast-neg.text.0,38,hot,3,5.278387725209282,1,3,0.6,amod,ADJ,hot,1,13
breakfast-neg.text.0,39,cup,3,4.7130703258556395,3,2,1.5,attr,NOUN,cup,1,14
breakfast-neg.text.0,40,of,2,7.063605036452092,1,3,0.8,prep,ADP,of,1,15
breakfast-neg.text.0,41,coffee,6,5.159958002678518,1,4,0.5,pobj,NOUN,coffee,1,16
breakfast-neg.text.0,42,and,3,7.126710513400982,3,3,1.5,cc,CCONJ,and,1,17
breakfast-neg.text.0,43,a,1,7.3099551280128585,1,4,0.3,det,DET,a,1,18
breakfast-neg.text.0,44,plate,5,4.409087369447835,5,3,2.5,conj,NOUN,plate,1,19
breakfast-neg.text.0,45,of,2,7.063605036452092,1,4,0.8,prep,ADP,of,1,20
breakfast-neg.text.0,46,pancakes,8,3.597695185925512,1,5,0.5,pobj,NOUN,pancake,1,21
breakfast-neg.text.0,47,to,2,7.355601686871925,1,3,0.3,aux,PART,to,1,22
breakfast-neg.text.0,48,start,5,5.531606631932722,12,2,6.7,xcomp,VERB,start,1,23
breakfast-neg.text.0,49,my,2,6.830122048692404,1,4,0.5,poss,PRON,my,1,24
breakfast-neg.text.0,50,day,3,5.904076884767221,2,3,2.0,dobj,NOUN,day,1,25
breakfast-neg.text.0,51,off,3,6.071701627227895,3,3,1.7999999999999998,advmod,ADP,off,1,26
breakfast-neg.text.0,52,right.,5,6.602969969996897,4,3,2.4,advmod,ADV,right,1,27
breakfast-neg.text.0,53,I,1,7.6017467520701825,17,2,2.9000000000000004,punct,PUNCT,.,1,28
breakfast-neg.text.0,54,perused,7,2.5440680443502757,6,1,3.1,ccomp,VERB,peruse,2,1
breakfast-neg.text.0,55,the,3,7.469073206544746,1,3,0.3,det,DET,the,2,2
breakfast-neg.text.0,56,"menu,",4,3.998259338423699,2,2,2.0,dobj,NOUN,menu,2,3
breakfast-neg.text.0,57,my,2,6.830122048692404,3,1,0.30000000000000004,punct,PUNCT,",",2,4
breakfast-neg.text.0,58,stomach,7,4.529173603261723,1,1,1.0,nsubj,NOUN,stomach,2,6
breakfast-neg.text.0,59,growling,8,2.9912260756924947,0,0,0.0,ROOT,VERB,growl,2,7
breakfast-neg.text.0,60,in,2,6.990046118048168,1,1,0.8,prep,ADP,in,2,8
breakfast-neg.text.0,61,"anticipation,",12,3.3961993470957363,1,2,0.5,pobj,NOUN,anticipation,2,9
breakfast-neg.text.0,62,when,4,6.308372299806312,3,1,0.30000000000000004,punct,PUNCT,",",2,10
breakfast-neg.text.0,63,the,3,7.469073206544746,1,3,0.3,det,DET,the,2,12
breakfast-neg.text.0,64,waitress,8,4.061829307294699,1,2,1.0,nsubj,NOUN,waitress,2,13
breakfast-neg.text.0,65,came,4,6.497065171063486,7,1,3.7,advcl,VERB,come,2,14
breakfast-neg.text.0,66,to,2,7.355601686871925,1,3,0.3,aux,PART,to,2,15
breakfast-neg.text.0,67,take,4,6.276700715304874,2,2,1.0,advcl,VERB,take,2,16
breakfast-neg.text.0,68,my,2,6.830122048692404,1,4,0.5,poss,PRON,my,2,17
breakfast-neg.text.0,69,order.,5,5.194708551575122,2,3,2.0,dobj,NOUN,order,2,18
breakfast-neg.text.0,70,"""What",4,6.993103217236282,8,1,1.1,punct,PUNCT,"""",3,0
breakfast-neg.text.0,71,can,3,6.719948309126272,2,2,0.6,aux,AUX,can,3,2
breakfast-neg.text.0,72,I,1,7.6017467520701825,1,2,1.0,nsubj,PRON,I,3,3
breakfast-neg.text.0,73,get,3,6.6612218704330886,4,1,2.0,ccomp,VERB,get,3,4
breakfast-neg.text.0,74,for,3,6.838540569153386,1,2,0.5,dative,ADP,for,3,5
breakfast-neg.text.0,75,"you,",3,7.621769343182391,1,3,0.5,pobj,PRON,you,3,6
breakfast-neg.text.0,76,"sweetheart?""",10,4.807264355276107,1,1,0.1,punct,PUNCT,",",3,7
breakfast-neg.text.0,77,she,3,6.572044028989929,2,1,0.2,punct,PUNCT,"""",3,10
breakfast-neg.text.0,78,asked,5,5.684072994969725,0,0,0.0,ROOT,VERB,ask,4,1
breakfast-neg.text.0,79,with,4,6.703147736191453,1,1,0.8,prep,ADP,with,4,2
breakfast-neg.text.0,80,a,1,7.3099551280128585,2,3,0.6,det,DET,a,4,3
breakfast-neg.text.0,81,warm,4,4.71717102683231,1,3,0.6,amod,ADJ,warm,4,4
breakfast-neg.text.0,82,smile.,5,4.763427993562937,3,2,1.5,pobj,NOUN,smile,4,5
breakfast-neg.text.0,83,"""I'll",3,7.6017467520701825,2,2,2.0,nsubj,PRON,I,5,1
breakfast-neg.text.0,84,have,4,6.789680109103924,18,1,10.3,ccomp,VERB,have,5,3
breakfast-neg.text.0,85,the,3,7.469073206544746,1,3,0.3,det,DET,the,5,4
breakfast-neg.text.0,86,eggs,4,4.415640979896154,2,2,2.0,dobj,NOUN,egg,5,5
breakfast-neg.text.0,87,over,4,6.12165503058072,1,3,0.8,prep,ADP,over,5,6
breakfast-neg.text.0,88,"easy,",4,5.42440789939746,1,4,0.6,amod,ADJ,easy,5,7
breakfast-neg.text.0,89,"toast,",5,4.524655712357777,1,5,0.1,punct,PUNCT,",",5,8
breakfast-neg.text.0,90,and,3,7.126710513400982,1,6,0.1,punct,PUNCT,",",5,10
breakfast-neg.text.0,91,a,1,7.3099551280128585,1,7,0.3,det,DET,a,5,12
breakfast-neg.text.0,92,cup,3,4.7130703258556395,4,6,2.0,conj,NOUN,cup,5,13
breakfast-neg.text.0,93,of,2,7.063605036452092,1,7,0.8,prep,ADP,of,5,14
breakfast-neg.text.0,94,"coffee,",6,5.159958002678518,1,8,0.5,pobj,NOUN,coffee,5,15
breakfast-neg.text.0,95,"please,""",6,6.041771540502317,5,1,0.5,punct,PUNCT,",",5,16
breakfast-neg.text.0,96,I,1,7.6017467520701825,2,1,0.2,punct,PUNCT,"""",5,19
breakfast-neg.text.0,97,"replied,",7,3.681241237375587,0,0,0.0,ROOT,VERB,reply,5,21
breakfast-neg.text.0,98,feeling,7,5.225774348143929,1,1,0.1,punct,PUNCT,",",5,22
breakfast-neg.text.0,99,a,1,7.3099551280128585,1,3,0.3,det,DET,a,5,24
breakfast-neg.text.0,100,sense,5,5.119915410257991,2,2,2.0,dobj,NOUN,sense,5,25
breakfast-neg.text.0,101,of,2,7.063605036452092,1,3,0.8,prep,ADP,of,5,26
breakfast-neg.text.0,102,normalcy,8,2.591064607026499,1,4,0.5,pobj,NOUN,normalcy,5,27
breakfast-neg.text.0,103,wash,4,4.609914410085997,5,2,2.5,xcomp,VERB,wash,5,28
breakfast-neg.text.0,104,over,4,6.12165503058072,1,3,0.8,prep,ADP,over,5,29
breakfast-neg.text.0,105,me.,2,7.6017467520701825,1,4,0.5,pobj,PRON,I,5,30
breakfast-neg.text.2,256,the,3,7.469073206544746,1,1,0.3,det,DET,the,0,0
breakfast-neg.text.2,257,paper:,5,5.014310480963307,0,0,0.0,ROOT,NOUN,paper,0,1
breakfast-neg.text.2,258,"""It's",3,7.276377005067547,1,2,1.0,nsubj,PRON,it,0,4
breakfast-neg.text.2,259,"time.""",4,6.29195240223515,1,2,0.5,attr,NOUN,time,0,6
breakfast-neg.text.2,260,I,1,7.6017467520701825,7,1,0.9000000000000001,punct,PUNCT,"""",0,8
breakfast-neg.text.2,261,felt,4,5.797433746145375,0,0,0.0,ROOT,VERB,feel,1,1
breakfast-neg.text.2,262,a,1,7.3099551280128585,1,3,0.3,det,DET,a,1,2
breakfast-neg.text.2,263,shiver,6,3.184691430817599,1,2,1.0,nsubj,NOUN,shiver,1,3
breakfast-neg.text.2,264,run,3,5.544749971447908,3,1,1.5,ccomp,NOUN,run,1,4
breakfast-neg.text.2,265,down,4,6.173264958940605,1,2,0.5,prt,ADP,down,1,5
breakfast-neg.text.2,266,my,2,6.830122048692404,1,4,0.5,poss,PRON,my,1,6
breakfast-neg.text.2,267,spine,5,3.7596678446896306,2,3,1.0,pobj,NOUN,spine,1,7
breakfast-neg.text.2,268,as,2,6.345769610954118,2,3,1.0,mark,SCONJ,as,1,8
breakfast-neg.text.2,269,I,1,7.6017467520701825,1,3,1.0,nsubj,PRON,I,1,9
breakfast-neg.text.2,270,looked,6,6.289426173081608,6,2,3.1,advcl,VERB,look,1,10
breakfast-neg.text.2,271,up,2,6.564666064252089,1,3,0.5,prt,ADP,up,1,11
breakfast-neg.text.2,272,to,2,7.355601686871925,1,4,0.3,aux,PART,to,1,12
breakfast-neg.text.2,273,see,3,6.407684867368763,3,3,1.5,advcl,VERB,see,1,13
breakfast-neg.text.2,274,if,2,6.549171303929439,3,5,1.5,mark,SCONJ,if,1,14
breakfast-neg.text.2,275,anyone,6,5.406965750758948,2,5,2.0,nsubj,PRON,anyone,1,15
breakfast-neg.text.2,276,was,3,6.7594230602184195,1,5,0.3,aux,AUX,be,1,16
breakfast-neg.text.2,277,watching,8,5.518540259958009,4,4,2.0,ccomp,VERB,watch,1,17
breakfast-neg.text.2,278,"me,",2,7.6017467520701825,1,5,1.0,dobj,PRON,I,1,18
breakfast-neg.text.2,279,but,3,6.645173608800489,18,1,3.1,punct,PUNCT,",",1,19
breakfast-neg.text.2,280,the,3,7.469073206544746,1,3,0.3,det,DET,the,1,21
breakfast-neg.text.2,281,waitress,8,4.061829307294699,1,2,1.0,nsubj,NOUN,waitress,1,22
breakfast-neg.text.2,282,was,3,6.7594230602184195,22,1,12.7,conj,AUX,be,1,23
breakfast-neg.text.2,283,busy,4,5.027471927021278,1,2,0.5,acomp,ADJ,busy,1,24
breakfast-neg.text.2,284,taking,6,6.276700715304874,1,3,0.5,xcomp,VERB,take,1,25
breakfast-neg.text.2,285,orders,6,5.194708551575122,1,4,1.0,dobj,NOUN,order,1,26
breakfast-neg.text.2,286,from,4,6.309430005221755,2,4,1.6,prep,ADP,from,1,27
breakfast-neg.text.2,287,a,1,7.3099551280128585,1,6,0.3,det,DET,a,1,28
breakfast-neg.text.2,288,table,5,5.023787279789847,2,5,1.0,pobj,NOUN,table,1,29
breakfast-neg.text.2,289,in,2,6.990046118048168,1,6,0.8,prep,ADP,in,1,30
breakfast-neg.text.2,290,the,3,7.469073206544746,1,8,0.3,det,DET,the,1,31
breakfast-neg.text.2,291,corner.,6,4.720407400803109,2,7,1.0,pobj,NOUN,corner,1,32
breakfast-neg.text.2,292,I,1,7.6017467520701825,10,2,1.5,punct,PUNCT,.,1,33
breakfast-neg.text.2,293,took,4,6.276700715304874,0,0,0.0,ROOT,VERB,take,2,1
breakfast-neg.text.2,294,a,1,7.3099551280128585,2,2,0.6,det,DET,a,2,2
breakfast-neg.text.2,295,deep,4,4.883036510027679,1,2,0.6,amod,ADJ,deep,2,3
breakfast-neg.text.2,296,breath,6,4.65243974758942,3,1,3.0,dobj,NOUN,breath,2,4
breakfast-neg.text.2,297,and,3,7.126710513400982,4,1,2.0,cc,CCONJ,and,2,5
breakfast-neg.text.2,298,tried,5,5.678290701718043,5,1,2.5,conj,VERB,try,2,6
breakfast-neg.text.2,299,to,2,7.355601686871925,1,3,0.3,aux,PART,to,2,7
breakfast-neg.text.2,300,shake,5,4.59802407233419,2,2,1.0,xcomp,VERB,shake,2,8
breakfast-neg.text.2,301,off,3,6.071701627227895,1,3,0.5,prt,ADP,off,2,9
breakfast-neg.text.2,302,the,3,7.469073206544746,1,4,0.3,det,DET,the,2,10
breakfast-neg.text.2,303,feeling,7,5.225774348143929,3,3,3.0,dobj,NOUN,feeling,2,11
breakfast-neg.text.2,304,of,2,7.063605036452092,1,4,0.8,prep,ADP,of,2,12
breakfast-neg.text.2,305,unease.,6,2.0,1,5,0.5,pobj,NOUN,unease,2,13
breakfast-neg.text.2,306,Maybe,5,5.966821985651624,13,1,2.1,punct,PUNCT,.,2,14
breakfast-neg.text.2,307,it,2,7.276377005067547,1,2,1.0,nsubj,PRON,it,3,1
breakfast-neg.text.2,308,was,3,6.7594230602184195,6,1,3.1,ccomp,AUX,be,3,2
breakfast-neg.text.2,309,just,4,6.67661497234708,2,3,1.2,advmod,ADV,just,3,3
breakfast-neg.text.2,310,a,1,7.3099551280128585,1,3,0.3,det,DET,a,3,4
breakfast-neg.text.2,311,"prank,",5,3.6020599913279625,3,2,1.5,attr,NOUN,prank,3,5
breakfast-neg.text.2,312,I,1,7.6017467520701825,2,1,0.2,punct,PUNCT,",",3,6
breakfast-neg.text.2,313,told,4,6.236660680316971,0,0,0.0,ROOT,VERB,tell,3,8
breakfast-neg.text.2,314,myself.,6,5.534723971855402,1,1,1.0,dobj,PRON,myself,3,9
breakfast-neg.text.2,315,But,3,6.645173608800489,2,1,0.2,punct,PUNCT,.,3,10
breakfast-neg.text.2,316,as,2,6.345769610954118,2,2,1.0,mark,SCONJ,as,4,1
breakfast-neg.text.2,317,I,1,7.6017467520701825,1,2,1.0,nsubj,PRON,I,4,2
breakfast-neg.text.2,318,looked,6,6.289426173081608,9,1,4.9,advcl,VERB,look,4,3
breakfast-neg.text.2,319,back,4,6.303014523283947,1,2,0.6,advmod,ADV,back,4,4
breakfast-neg.text.2,320,at,2,6.507464560676047,2,2,1.6,prep,ADP,at,4,5
breakfast-neg.text.2,321,the,3,7.469073206544746,1,4,0.3,det,DET,the,4,6
breakfast-neg.text.2,322,"note,",4,4.728759475167874,2,3,1.0,pobj,NOUN,note,4,7
breakfast-neg.text.2,323,I,1,7.6017467520701825,4,1,0.4,punct,PUNCT,",",4,8
breakfast-neg.text.2,324,couldn't,7,6.212078350946609,2,1,0.6,aux,AUX,could,4,10
breakfast-neg.text.2,325,shake,5,4.59802407233419,0,0,0.0,ROOT,VERB,shake,4,12
breakfast-neg.text.2,326,the,3,7.469073206544746,1,2,0.3,det,DET,the,4,13
breakfast-neg.text.2,327,feeling,7,5.225774348143929,2,1,2.0,dobj,NOUN,feeling,4,14
breakfast-neg.text.2,328,that,4,7.14956733263194,2,3,1.0,mark,SCONJ,that,4,15
breakfast-neg.text.2,329,it,2,7.276377005067547,1,3,1.0,nsubj,PRON,it,4,16
breakfast-neg.text.2,330,was,3,6.7594230602184195,3,2,1.5,acl,AUX,be,4,17
breakfast-neg.text.2,331,more,4,6.113472054195492,1,3,0.5,acomp,ADJ,more,4,18
breakfast-neg.text.2,332,than,4,5.868526886768203,1,4,0.8,prep,ADP,than,4,19
breakfast-neg.text.2,333,that.,4,7.14956733263194,1,5,0.5,pobj,PRON,that,4,20
breakfast-neg.text.2,334,It,2,7.276377005067547,9,1,1.3,punct,PUNCT,.,4,21
breakfast-neg.text.2,335,was,3,6.7594230602184195,0,0,0.0,ROOT,AUX,be,5,1
breakfast-neg.text.2,336,as,2,6.345769610954118,4,2,2.0,mark,SCONJ,as,5,2
breakfast-neg.text.2,337,if,2,6.549171303929439,3,2,1.5,mark,SCONJ,if,5,3
breakfast-neg.text.2,338,someone,7,5.649451693528405,2,2,2.0,nsubj,PRON,someone,5,4
breakfast-neg.text.2,339,was,3,6.7594230602184195,1,2,0.3,aux,AUX,be,5,5
breakfast-neg.text.2,340,trying,6,5.678290701718043,5,1,2.5,advcl,VERB,try,5,6
breakfast-neg.text.2,341,to,2,7.355601686871925,1,3,0.3,aux,PART,to,5,7
breakfast-neg.text.2,342,tell,4,6.236660680316971,2,2,1.0,xcomp,VERB,tell,5,8
breakfast-neg.text.2,343,me,2,7.6017467520701825,1,3,0.5,dative,PRON,I,5,9
breakfast-neg.text.2,344,"something,",9,6.1761375813299395,2,3,2.0,dobj,PRON,something,5,10
breakfast-neg.text.2,345,but,3,6.645173608800489,10,1,1.5,punct,PUNCT,",",5,11
breakfast-neg.text.2,346,I,1,7.6017467520701825,1,2,1.0,nsubj,PRON,I,5,13
breakfast-neg.text.2,347,had,3,6.789680109103924,13,1,7.3,conj,VERB,have,5,14
breakfast-neg.text.2,348,no,2,6.7760870730181075,1,3,0.3,det,DET,no,5,15
breakfast-neg.text.2,349,idea,4,5.555142835240048,2,2,2.0,dobj,NOUN,idea,5,16
breakfast-neg.text.2,350,what.,4,6.993103217236282,1,3,0.5,appos,PRON,what,5,17
breakfast-neg.text.2,351,I,1,7.6017467520701825,4,2,0.4,punct,PUNCT,.,5,18
breakfast-neg.text.2,352,tried,5,5.678290701718043,0,0,0.0,ROOT,VERB,try,6,1
breakfast-neg.text.2,353,to,2,7.355601686871925,1,2,0.3,aux,PART,to,6,2
breakfast-neg.text.2,354,focus,5,4.468199586072613,2,1,1.0,xcomp,VERB,focus,6,3
breakfast-neg.text.2,355,on,2,6.842342715684627,1,2,0.8,prep,ADP,on,6,4
breakfast-neg.text.2,356,my,2,6.830122048692404,1,4,0.5,poss,PRON,my,6,5
breakfast-neg.text.2,357,"food,",4,5.188731671445742,2,3,1.0,pobj,NOUN,food,6,6
breakfast-neg.text.2,358,but,3,6.645173608800489,6,1,0.7000000000000001,punct,PUNCT,",",6,7
breakfast-neg.text.2,359,my,2,6.830122048692404,1,3,0.5,poss,PRON,my,6,9
breakfast-neg.text.2,360,mind,4,5.685392371625693,1,2,1.0,nsubj,NOUN,mind,6,10
breakfast-neg.text.2,361,kept,4,5.846868828174237,10,1,5.5,conj,VERB,keep,6,11
breakfast-neg.text.2,362,wandering,9,3.7678976160180904,1,2,0.5,xcomp,VERB,wander,6,12
breakfast-neg.text.2,363,back,4,6.303014523283947,1,3,0.6,advmod,ADV,back,6,13
breakfast-neg.text.2,364,to,2,7.355601686871925,1,4,0.8,prep,ADP,to,6,14
breakfast-neg.text.2,365,the,3,7.469073206544746,1,6,0.3,det,DET,the,6,15
breakfast-neg.text.2,366,note.,4,4.728759475167874,2,5,1.0,pobj,NOUN,note,6,16
breakfast-neg.text.2,367,What,4,6.993103217236282,6,2,0.7000000000000001,punct,PUNCT,.,6,17
breakfast-neg.text.2,368,did,3,6.787856330946344,2,1,0.6,aux,AUX,do,7,1
breakfast-neg.text.2,369,it,2,7.276377005067547,1,1,1.0,nsubj,PRON,it,7,2
breakfast-neg.text.2,370,mean?,4,6.094813398072274,0,0,0.0,ROOT,VERB,mean,7,3
breakfast-neg.text.2,371,Was,3,6.75241187322089,1,1,0.1,punct,PUNCT,?,7,4
breakfast-neg.text.2,372,it,2,7.276377005067547,1,1,1.0,nsubj,PRON,it,8,1
breakfast-neg.text.2,373,a,1,7.3099551280128585,1,2,0.3,det,DET,a,8,2
breakfast-neg.text.2,374,warning?,7,4.504606770641954,3,1,1.5,attr,NOUN,warning,8,3
breakfast-neg.text.2,375,A,1,7.3099551280128585,4,1,0.4,punct,PUNCT,?,8,4
breakfast-neg.text.2,376,message,7,4.961468555350786,0,0,0.0,ROOT,NOUN,message,9,1
breakfast-neg.text.2,377,from,4,6.309430005221755,1,1,0.8,prep,ADP,from,9,2
breakfast-neg.text.2,378,someone,7,5.649451693528405,1,2,0.5,pobj,PRON,someone,9,3
breakfast-neg.text.2,379,who,3,6.346927740692434,1,4,1.0,nsubj,PRON,who,9,4
breakfast-neg.text.2,380,knew,4,6.757485611771434,2,3,1.0,relcl,VERB,know,9,5
breakfast-neg.text.2,381,something,9,6.1761375813299395,1,4,1.0,dobj,PRON,something,9,6
breakfast-neg.text.2,382,I,1,7.6017467520701825,1,6,1.0,nsubj,PRON,I,9,7
breakfast-neg.text.2,383,didn't?,5,6.787856330946344,2,5,1.0,relcl,VERB,do,9,8
breakfast-neg.text.2,384,I,1,7.6017467520701825,9,1,1.3,punct,PUNCT,?,9,10
prize-neg.text.1,121,As,2,6.345769610954118,2,2,1.0,mark,SCONJ,as,0,0
prize-neg.text.1,122,she,3,6.572044028989929,1,2,1.0,nsubj,PRON,she,0,1
prize-neg.text.1,123,grew,4,4.774443968924965,10,1,5.5,advcl,VERB,grow,0,2
prize-neg.text.1,124,"older,",5,5.784574502891287,1,2,0.5,acomp,ADJ,old,0,3
prize-neg.text.1,125,the,3,7.469073206544746,8,1,1.1,punct,PUNCT,",",0,4
prize-neg.text.1,126,feeling,7,5.225774348143929,6,1,6.1,nsubj,NOUN,feeling,0,6
prize-neg.text.1,127,of,2,7.063605036452092,1,2,0.8,prep,ADP,of,0,7
prize-neg.text.1,128,coming,6,6.497065171063486,1,3,0.5,pcomp,VERB,come,0,8
prize-neg.text.1,129,in,2,6.990046118048168,1,4,0.8,prep,ADP,in,0,9
prize-neg.text.1,130,second,6,5.454189113874769,1,6,0.6,amod,ADJ,second,0,10
prize-neg.text.1,131,place,5,5.780079573484288,2,5,1.0,pobj,NOUN,place,0,11
prize-neg.text.1,132,began,5,4.7557224449034585,0,0,0.0,ROOT,VERB,begin,0,12
prize-neg.text.1,133,to,2,7.355601686871925,1,2,0.3,aux,PART,to,0,13
prize-neg.text.1,134,take,4,6.276700715304874,2,1,1.0,xcomp,VERB,take,0,14
prize-neg.text.1,135,a,1,7.3099551280128585,1,3,0.3,det,DET,a,0,15
prize-neg.text.1,136,toll,4,3.525044807036845,2,2,2.0,dobj,NOUN,toll,0,16
prize-neg.text.1,137,on,2,6.842342715684627,3,2,2.4000000000000004,prep,ADP,on,0,17
prize-neg.text.1,138,her.,3,6.572044028989929,1,3,0.5,pobj,PRON,she,0,18
prize-neg.text.1,139,She,3,6.572044028989929,7,1,0.9000000000000001,punct,PUNCT,.,0,19
prize-neg.text.1,140,started,7,5.531606631932722,0,0,0.0,ROOT,VERB,start,1,1
prize-neg.text.1,141,to,2,7.355601686871925,1,2,0.3,aux,PART,to,1,2
prize-neg.text.1,142,feel,4,5.797433746145375,2,1,1.0,xcomp,VERB,feel,1,3
prize-neg.text.1,143,like,4,6.601947060080969,3,3,1.5,mark,SCONJ,like,1,4
prize-neg.text.1,144,she,3,6.572044028989929,2,3,1.0,nsubjpass,PRON,she,1,5
prize-neg.text.1,145,was,3,6.7594230602184195,1,3,0.5,auxpass,AUX,be,1,6
prize-neg.text.1,146,stuck,5,4.9873086737311825,4,2,2.0,advcl,VERB,stick,1,7
prize-neg.text.1,147,in,2,6.990046118048168,1,3,0.8,prep,ADP,in,1,8
prize-neg.text.1,148,a,1,7.3099551280128585,1,5,0.3,det,DET,a,1,9
prize-neg.text.1,149,"rut,",3,3.184691430817599,2,4,1.0,pobj,NOUN,rut,1,10
prize-neg.text.1,150,like,4,6.601947060080969,4,3,0.4,punct,PUNCT,",",1,11
prize-neg.text.1,151,she,3,6.572044028989929,2,3,1.0,nsubjpass,PRON,she,1,13
prize-neg.text.1,152,was,3,6.7594230602184195,1,3,0.5,auxpass,AUX,be,1,14
prize-neg.text.1,153,destined,8,1.3010299956639815,12,2,6.7,advcl,VERB,destine,1,15
prize-neg.text.1,154,to,2,7.355601686871925,2,4,0.6,aux,PART,to,1,16
prize-neg.text.1,155,always,6,5.816407029618638,1,4,0.6,advmod,ADV,always,1,17
prize-neg.text.1,156,be,2,6.7594230602184195,3,3,1.5,xcomp,AUX,be,1,18
prize-neg.text.1,157,the,3,7.469073206544746,1,5,0.3,det,DET,the,1,19
prize-neg.text.1,158,bridesmaid,10,3.3891660843645326,2,4,1.0,attr,NOUN,bridesmaid,1,20
prize-neg.text.1,159,and,3,7.126710513400982,1,5,0.5,cc,CCONJ,and,1,21
prize-neg.text.1,160,never,5,6.134352448068437,2,6,1.0,neg,ADV,never,1,22
prize-neg.text.1,161,the,3,7.469073206544746,1,6,0.3,det,DET,the,1,23
prize-neg.text.1,162,bride.,5,4.384174138807033,4,5,2.0,conj,NOUN,bride,1,24
prize-neg.text.1,163,She,3,6.572044028989929,24,1,4.300000000000001,punct,PUNCT,.,1,25
prize-neg.text.1,164,began,5,4.7557224449034585,0,0,0.0,ROOT,VERB,begin,2,1
prize-neg.text.1,165,to,2,7.355601686871925,1,2,0.3,aux,PART,to,2,2
prize-neg.text.1,166,wonder,6,5.068111617027303,2,1,1.0,xcomp,VERB,wonder,2,3
prize-neg.text.1,167,if,2,6.549171303929439,2,3,1.0,mark,SCONJ,if,2,4
prize-neg.text.1,168,she,3,6.572044028989929,1,3,1.0,nsubj,PRON,she,2,5
prize-neg.text.1,169,was,3,6.7594230602184195,3,2,1.5,ccomp,AUX,be,2,6
prize-neg.text.1,170,just,4,6.67661497234708,1,3,0.6,advmod,ADV,just,2,7
prize-neg.text.1,171,not,3,6.734396540337466,2,3,1.0,neg,PART,not,2,8
prize-neg.text.1,172,good,4,6.4166638022029705,3,3,1.5,acomp,ADJ,good,2,9
prize-neg.text.1,173,"enough,",6,5.700123693930072,1,4,0.6,advmod,ADV,enough,2,10
prize-neg.text.1,174,if,2,6.549171303929439,10,1,1.5,punct,PUNCT,",",2,11
prize-neg.text.1,175,she,3,6.572044028989929,3,2,3.0,nsubj,PRON,she,2,13
prize-neg.text.1,176,would,5,6.247452782675624,2,2,0.6,aux,AUX,would,2,14
prize-neg.text.1,177,ever,4,5.8507809742035075,1,2,0.6,advmod,ADV,ever,2,15
prize-neg.text.1,178,be,2,6.7594230602184195,15,1,8.5,advcl,AUX,be,2,16
prize-neg.text.1,179,able,4,5.203848463746235,1,2,0.5,acomp,ADJ,able,2,17
prize-neg.text.1,180,to,2,7.355601686871925,1,4,0.3,aux,PART,to,2,18
prize-neg.text.1,181,break,5,5.344549455909737,2,3,1.0,xcomp,VERB,break,2,19
prize-neg.text.1,182,free,4,5.249271753073101,1,4,0.5,advcl,ADJ,free,2,20
prize-neg.text.1,183,from,4,6.309430005221755,1,5,0.8,prep,ADP,from,2,21
prize-neg.text.1,184,the,3,7.469073206544746,1,7,0.3,det,DET,the,2,22
prize-neg.text.1,185,cycle,5,3.7693773260761385,2,6,1.0,pobj,NOUN,cycle,2,23
prize-neg.text.1,186,of,2,7.063605036452092,1,7,0.8,prep,ADP,of,2,24
prize-neg.text.1,187,second,6,5.454189113874769,1,9,0.6,amod,ADJ,second,2,25
prize-neg.text.1,188,place.,5,5.780079573484288,2,8,1.0,pobj,NOUN,place,2,26
prize-neg.text.1,189,But,3,6.645173608800489,26,1,4.7,punct,PUNCT,.,2,27
prize-neg.text.1,190,"then,",4,6.17304925458245,6,1,3.6999999999999997,advmod,ADV,then,3,1
prize-neg.text.1,191,one,3,6.48745513929058,5,1,0.5,punct,PUNCT,",",3,2
prize-neg.text.1,192,"day,",3,5.904076884767221,3,1,1.5,npadvmod,NOUN,day,3,4
prize-neg.text.1,193,Emma,4,4.196176185039973,2,1,0.2,punct,PUNCT,",",3,5
prize-neg.text.1,194,received,8,4.288919605661727,0,0,0.0,ROOT,VERB,receive,3,7
prize-neg.text.1,195,an,2,6.270478525477336,1,2,0.3,det,DET,an,3,8
prize-neg.text.1,196,email,5,3.3180633349627615,2,1,2.0,dobj,NOUN,email,3,9
prize-neg.text.1,197,that,4,7.14956733263194,1,3,1.0,nsubj,PRON,that,3,10
prize-neg.text.1,198,changed,7,5.380844126464665,2,2,1.0,relcl,VERB,change,3,11
prize-neg.text.1,199,everything.,10,5.8161617273011945,1,3,1.0,dobj,PRON,everything,3,12
prize-neg.text.1,200,She,3,6.572044028989929,6,1,0.7000000000000001,punct,PUNCT,.,3,13
prize-neg.text.1,201,had,3,6.789680109103924,1,1,0.3,aux,AUX,have,4,1
prize-neg.text.1,202,entered,7,4.4731949092049375,0,0,0.0,ROOT,VERB,enter,4,2
prize-neg.text.1,203,a,1,7.3099551280128585,2,2,0.6,det,DET,a,4,3
prize-neg.text.1,204,writing,7,4.747567162737624,1,2,0.5,compound,NOUN,writing,4,4
prize-neg.text.1,205,contest,7,4.273695587930092,3,1,3.0,dobj,NOUN,contest,4,5
prize-neg.text.1,206,for,3,6.838540569153386,4,1,3.2,prep,ADP,for,4,6
prize-neg.text.1,207,a,1,7.3099551280128585,1,3,0.3,det,DET,a,4,7
prize-neg.text.1,208,novel,5,4.002597980719909,2,2,1.0,pobj,NOUN,novel,4,8
prize-neg.text.1,209,she,3,6.572044028989929,3,4,3.0,nsubj,PRON,she,4,9
prize-neg.text.1,210,had,3,6.789680109103924,2,4,0.6,aux,AUX,have,4,10
prize-neg.text.1,211,been,4,6.7594230602184195,1,4,0.3,aux,AUX,be,4,11
prize-neg.text.1,212,working,7,5.902013775787815,4,3,2.0,relcl,VERB,work,4,12
prize-neg.text.1,213,on,2,6.842342715684627,1,4,0.5,prt,ADP,on,4,13
prize-neg.text.1,214,for,3,6.838540569153386,2,4,1.6,prep,ADP,for,4,14
prize-neg.text.1,215,"years,",5,5.443919801103023,1,5,0.5,pobj,NOUN,year,4,15
prize-neg.text.1,216,and,3,7.126710513400982,14,1,2.3000000000000003,punct,PUNCT,",",4,16
prize-neg.text.1,217,to,2,7.355601686871925,6,2,4.9,prep,ADP,to,4,18
prize-neg.text.1,218,her,3,6.452678661106354,1,4,0.5,poss,PRON,her,4,19
prize-neg.text.1,219,"surprise,",8,4.948901760970213,2,3,1.0,pobj,NOUN,surprise,4,20
prize-neg.text.1,220,she,3,6.572044028989929,3,2,0.30000000000000004,punct,PUNCT,",",4,21
prize-neg.text.1,221,had,3,6.789680109103924,1,2,0.3,aux,AUX,have,4,23
prize-neg.text.1,222,won,3,5.129206357747529,22,1,12.7,conj,VERB,win,4,24
prize-neg.text.1,223,first,5,5.924573885946655,1,3,0.6,amod,ADJ,first,4,25
prize-neg.text.1,224,place.,5,5.780079573484288,2,2,2.0,dobj,NOUN,place,4,26
prize-neg.text.1,225,She,3,6.572044028989929,3,2,0.30000000000000004,punct,PUNCT,.,4,27
prize-neg.text.1,226,was,3,6.7594230602184195,0,0,0.0,ROOT,AUX,be,5,1
prize-neg.text.1,227,over,4,6.12165503058072,1,1,0.8,prep,ADP,over,5,2
prize-neg.text.1,228,the,3,7.469073206544746,1,3,0.3,det,DET,the,5,3
prize-neg.text.1,229,moon,4,4.698622429702098,2,2,1.0,pobj,NOUN,moon,5,4
prize-neg.text.1,230,with,4,6.703147736191453,4,1,3.2,prep,ADP,with,5,5
prize-neg.text.1,231,"excitement,",10,4.090258052931317,1,2,0.5,pobj,NOUN,excitement,5,6
prize-neg.text.1,232,and,3,7.126710513400982,6,1,0.7000000000000001,punct,PUNCT,",",5,7
prize-neg.text.1,233,for,3,6.838540569153386,9,2,7.6000000000000005,prep,ADP,for,5,9
prize-neg.text.1,234,the,3,7.469073206544746,2,4,0.6,det,DET,the,5,10
prize-neg.text.1,235,first,5,5.924573885946655,1,4,0.6,amod,ADJ,first,5,11
prize-neg.text.1,236,time,4,6.29195240223515,3,3,1.5,pobj,NOUN,time,5,12
prize-neg.text.1,237,in,2,6.990046118048168,1,4,0.8,prep,ADP,in,5,13
prize-neg.text.1,238,her,3,6.452678661106354,1,6,0.5,poss,PRON,her,5,14
prize-neg.text.1,239,"life,",4,5.901267560474818,2,5,1.0,pobj,NOUN,life,5,15
prize-neg.text.1,240,she,3,6.572044028989929,2,2,0.2,punct,PUNCT,",",5,16
prize-neg.text.1,241,felt,4,5.797433746145375,17,1,9.7,conj,VERB,feel,5,18
prize-neg.text.1,242,like,4,6.601947060080969,2,3,1.0,mark,SCONJ,like,5,19
prize-neg.text.1,243,she,3,6.572044028989929,1,3,1.0,nsubj,PRON,she,5,20
prize-neg.text.1,244,was,3,6.7594230602184195,3,2,1.5,advcl,AUX,be,5,21
prize-neg.text.1,245,on,2,6.842342715684627,1,3,0.8,prep,ADP,on,5,22
prize-neg.text.1,246,top,3,5.125253486024798,1,4,0.5,pobj,NOUN,top,5,23
prize-neg.text.1,247,of,2,7.063605036452092,1,5,0.8,prep,ADP,of,5,24
prize-neg.text.1,248,the,3,7.469073206544746,1,7,0.3,det,DET,the,5,25
prize-neg.text.1,249,world.,5,5.658221334447711,2,6,1.0,pobj,NOUN,world,5,26
prize-neg.text.1,250,But,3,6.645173608800489,9,2,1.3,punct,PUNCT,.,5,27
prize-neg.text.1,251,as,2,6.345769610954118,2,2,1.0,mark,SCONJ,as,6,1
prize-neg.text.1,252,she,3,6.572044028989929,1,2,1.0,nsubj,PRON,she,6,2
prize-neg.text.1,253,walked,6,5.334172172724605,12,1,6.7,advcl,VERB,walk,6,3
prize-neg.text.1,254,up,2,6.564666064252089,1,2,0.5,prt,ADV,up,6,4
prize-neg.text.1,255,to,2,7.355601686871925,2,2,1.6,prep,ADP,to,6,5
prize-neg.text.1,256,the,3,7.469073206544746,1,4,0.3,det,DET,the,6,6
prize-neg.text.1,257,stage,5,4.658679028582449,2,3,1.0,pobj,NOUN,stage,6,7
prize-neg.text.1,258,to,2,7.355601686871925,1,3,0.3,aux,PART,to,6,8
prize-neg.text.1,259,accept,6,4.722469385884031,6,2,3.1,advcl,VERB,accept,6,9
prize-neg.text.1,260,her,3,6.452678661106354,1,4,0.5,poss,PRON,her,6,10
prize-neg.text.1,261,"award,",5,4.109915863023793,2,3,2.0,dobj,NOUN,award,6,11
prize-neg.text.1,262,she,3,6.572044028989929,3,1,0.30000000000000004,punct,PUNCT,",",6,12
prize-neg.text.1,263,was,3,6.7594230602184195,1,1,0.5,auxpass,AUX,be,6,14
prize-neg.text.1,264,met,3,5.546875659391229,0,0,0.0,ROOT,VERB,meet,6,15
prize-neg.text.1,265,with,4,6.703147736191453,1,1,0.8,prep,ADP,with,6,16
prize-neg.text.1,266,a,1,7.3099551280128585,1,3,0.3,det,DET,a,6,17
prize-neg.text.1,267,surprise,8,4.948901760970213,2,2,1.0,pobj,NOUN,surprise,6,18
voicemail-zero.naturalness,0,How,3,6.485184613433453,1,2,0.6,advmod,SCONJ,how,0,0
voicemail-zero.naturalness,1,natural,7,4.6268534146667255,3,1,1.5,acomp,ADJ,natural,0,1
voicemail-zero.naturalness,2,and,3,7.126710513400982,1,2,0.5,cc,CCONJ,and,0,2
voicemail-zero.naturalness,3,fluent,6,3.0644579892269186,2,2,1.0,conj,ADJ,fluent,0,3
voicemail-zero.naturalness,4,was,3,6.7594230602184195,0,0,0.0,ROOT,AUX,be,0,4
voicemail-zero.naturalness,5,the,3,7.469073206544746,2,2,0.6,det,DET,the,0,5
voicemail-zero.naturalness,6,writing,7,5.103119253545714,1,2,0.5,compound,VERB,write,0,6
voicemail-zero.naturalness,7,style,5,4.478277831919605,3,1,1.5,attr,NOUN,style,0,7
voicemail-zero.naturalness,8,in,2,6.990046118048168,1,2,0.8,prep,ADP,in,0,8
voicemail-zero.naturalness,9,this,4,6.9019337688086235,1,4,0.3,det,DET,this,0,9
voicemail-zero.naturalness,10,text?,4,3.7193312869837265,2,3,1.0,pobj,NOUN,text,0,10
voicemail-zero.naturalness,11,4,0,5.78,7,1,0.9000000000000001,punct,PUNCT,?,0,11
voicemail-zero.naturalness,12,–,0,,1,1,0.1,punct,PUNCT,–,1,1
voicemail-zero.naturalness,13,very,4,6.093859261503438,1,3,0.6,advmod,ADV,very,1,2
voicemail-zero.naturalness,14,natural,7,4.6268534146667255,1,2,0.6,amod,ADJ,natural,1,3
voicemail-zero.naturalness,15,3,0,5.91,4,1,2.0,appos,NUM,3,1,4
voicemail-zero.naturalness,16,–,0,,1,2,0.1,punct,PUNCT,–,1,5
voicemail-zero.naturalness,17,rather,6,5.057742155828753,1,4,0.6,advmod,ADV,rather,1,6
voicemail-zero.naturalness,18,natural,7,4.6268534146667255,1,3,0.6,amod,ADJ,natural,1,7
voicemail-zero.naturalness,19,2,0,6.0,4,2,2.0,appos,NUM,2,1,8
voicemail-zero.naturalness,20,–,0,,1,3,0.1,punct,PUNCT,–,1,9
voicemail-zero.naturalness,21,rather,6,5.057742155828753,1,3,0.6,advmod,ADV,rather,1,10
voicemail-zero.naturalness,22,unnatural,9,3.4393326938302624,1,2,0.6,amod,ADJ,unnatural,1,11
voicemail-zero.naturalness,23,1,0,6.0,12,1,6.7,appos,NUM,1,1,12
voicemail-zero.naturalness,24,–,0,,1,2,0.1,punct,PUNCT,–,1,13
voicemail-zero.naturalness,25,very,4,6.093859261503438,1,3,0.6,advmod,ADV,very,1,14
voicemail-zero.naturalness,26,unnatural,9,3.4393326938302624,3,2,1.7999999999999998,amod,ADJ,unnatural,1,15
breakfast-neg.naturalness,0,How,3,6.485184613433453,1,2,0.6,advmod,SCONJ,how,0,0
breakfast-neg.naturalness,1,natural,7,4.6268534146667255,3,1,1.5,acomp,ADJ,natural,0,1
breakfast-neg.naturalness,2,and,3,7.126710513400982,1,2,0.5,cc,CCONJ,and,0,2
breakfast-neg.naturalness,3,fluent,6,3.0644579892269186,2,2,1.0,conj,ADJ,fluent,0,3
breakfast-neg.naturalness,4,was,3,6.7594230602184195,0,0,0.0,ROOT,AUX,be,0,4
breakfast-neg.naturalness,5,the,3,7.469073206544746,2,2,0.6,det,DET,the,0,5
breakfast-neg.naturalness,6,writing,7,5.103119253545714,1,2,0.5,compound,VERB,write,0,6
breakfast-neg.naturalness,7,style,5,4.478277831919605,3,1,1.5,attr,NOUN,style,0,7
breakfast-neg.naturalness,8,in,2,6.990046118048168,1,2,0.8,prep,ADP,in,0,8
breakfast-neg.naturalness,9,this,4,6.9019337688086235,1,4,0.3,det,DET,this,0,9
breakfast-neg.naturalness,10,text?,4,3.7193312869837265,2,3,1.0,pobj,NOUN,text,0,10
breakfast-neg.naturalness,11,4,0,5.78,7,1,0.9000000000000001,punct,PUNCT,?,0,11
breakfast-neg.naturalness,12,–,0,,1,1,0.1,punct,PUNCT,–,1,1
breakfast-neg.naturalness,13,very,4,6.093859261503438,1,3,0.6,advmod,ADV,very,1,2
breakfast-neg.naturalness,14,natural,7,4.6268534146667255,1,2,0.6,amod,ADJ,natural,1,3
breakfast-neg.naturalness,15,3,0,5.91,4,1,2.0,appos,NUM,3,1,4
breakfast-neg.naturalness,16,–,0,,1,2,0.1,punct,PUNCT,–,1,5
breakfast-neg.naturalness,17,rather,6,5.057742155828753,1,4,0.6,advmod,ADV,rather,1,6
breakfast-neg.naturalness,18,natural,7,4.6268534146667255,1,3,0.6,amod,ADJ,natural,1,7
breakfast-neg.naturalness,19,2,0,6.0,4,2,2.0,appos,NUM,2,1,8
breakfast-neg.naturalness,20,–,0,,1,3,0.1,punct,PUNCT,–,1,9
breakfast-neg.naturalness,21,rather,6,5.057742155828753,1,3,0.6,advmod,ADV,rather,1,10
breakfast-neg.naturalness,22,unnatural,9,3.4393326938302624,1,2,0.6,amod,ADJ,unnatural,1,11
breakfast-neg.naturalness,23,1,0,6.0,12,1,6.7,appos,NUM,1,1,12
breakfast-neg.naturalness,24,–,0,,1,2,0.1,punct,PUNCT,–,1,13
breakfast-neg.naturalness,25,very,4,6.093859261503438,1,3,0.6,advmod,ADV,very,1,14
breakfast-neg.naturalness,26,unnatural,9,3.4393326938302624,3,2,1.7999999999999998,amod,ADJ,unnatural,1,15
prize-zero.interest,0,How,3,6.485184613433453,1,2,0.6,advmod,SCONJ,how,0,0
prize-zero.interest,1,interesting,11,4.937969002951452,3,1,1.5,acomp,ADJ,interesting,0,1
prize-zero.interest,2,did,3,6.787856330946344,2,1,0.6,aux,AUX,do,0,2
prize-zero.interest,3,you,3,7.621769343182391,1,1,1.0,nsubj,PRON,you,0,3
prize-zero.interest,4,find,4,5.919580118612771,0,0,0.0,ROOT,VERB,find,0,4
prize-zero.interest,5,this,4,6.9019337688086235,1,2,0.3,det,DET,this,0,5
prize-zero.interest,6,text?,4,3.7193312869837265,2,1,2.0,dobj,NOUN,text,0,6
prize-zero.interest,7,4,0,5.78,3,1,0.30000000000000004,punct,PUNCT,?,0,7
prize-zero.interest,8,–,0,,1,2,0.1,punct,PUNCT,–,1,1
prize-zero.interest,9,very,4,6.093859261503438,1,3,0.6,advmod,ADV,very,1,2
prize-zero.interest,10,interesting,11,4.937969002951452,3,2,1.7999999999999998,amod,ADJ,interesting,1,3
prize-zero.interest,11,3,0,5.91,1,3,0.5,nummod,NUM,3,1,4
prize-zero.interest,12,–,0,,5,2,0.5,punct,PUNCT,–,1,5
prize-zero.interest,13,rather,6,5.057742155828753,1,1,0.6,advmod,ADV,rather,1,6
prize-zero.interest,14,interesting,11,4.937969002951452,0,0,0.0,ROOT,ADJ,interesting,1,7
prize-zero.interest,15,2,0,6.0,1,1,0.5,nummod,NUM,2,1,8
prize-zero.interest,16,–,0,,1,2,0.1,punct,PUNCT,–,1,9
prize-zero.interest,17,rather,6,5.057742155828753,1,3,0.6,advmod,ADV,rather,1,10
prize-zero.interest,18,boring,6,4.437909035539498,3,2,1.7999999999999998,amod,ADJ,boring,1,11
prize-zero.interest,19,1,0,6.0,1,3,0.5,nummod,NUM,1,1,12
prize-zero.interest,20,–,0,,1,4,0.1,punct,PUNCT,–,1,13
prize-zero.interest,21,very,4,6.093859261503438,1,3,0.6,advmod,ADV,very,1,14
prize-zero.interest,22,boring,6,4.437909035539498,7,2,4.4,amod,ADJ,boring,1,15
blackout-zero.text.1,113,pavement.,8,3.305351369446624,0,0,0.0,ROOT,NOUN,pavement,0,0
blackout-zero.text.1,114,As,2,6.345769610954118,1,1,0.1,punct,PUNCT,.,0,1
blackout-zero.text.1,115,the,3,7.469073206544746,1,3,0.3,det,DET,the,1,1
blackout-zero.text.1,116,light,5,5.218010042984363,1,2,1.0,nsubj,NOUN,light,1,2
blackout-zero.text.1,117,drew,4,4.606488850442648,4,1,2.0,advcl,VERB,draw,1,3
blackout-zero.text.1,118,"closer,",6,5.341296003110066,1,2,0.6,advmod,ADV,close,1,4
blackout-zero.text.1,119,people,6,6.042567637582179,2,1,0.2,punct,PUNCT,",",1,5
blackout-zero.text.1,120,began,5,4.7557224449034585,0,0,0.0,ROOT,VERB,begin,1,7
blackout-zero.text.1,121,to,2,7.355601686871925,1,2,0.3,aux,PART,to,1,8
blackout-zero.text.1,122,emerge,6,3.2380461031287955,2,1,1.0,xcomp,VERB,emerge,1,9
blackout-zero.text.1,123,from,4,6.309430005221755,1,2,0.8,prep,ADP,from,1,10
blackout-zero.text.1,124,their,5,5.816347374238363,2,4,1.0,poss,PRON,their,1,11
blackout-zero.text.1,125,hiding,6,4.636186895198724,1,4,0.5,compound,NOUN,hiding,1,12
blackout-zero.text.1,126,"places,",6,5.780079573484288,3,3,1.5,pobj,NOUN,place,1,13
blackout-zero.text.1,127,their,5,5.816347374238363,7,1,0.9000000000000001,punct,PUNCT,",",1,14
blackout-zero.text.1,128,faces,5,5.461138216074931,9,1,4.9,npadvmod,NOUN,face,1,16
blackout-zero.text.1,129,filled,6,4.642860052584491,1,2,0.5,acl,VERB,fill,1,17
blackout-zero.text.1,130,with,4,6.703147736191453,1,3,0.8,prep,ADP,with,1,18
blackout-zero.text.1,131,a,1,7.3099551280128585,1,5,0.3,det,DET,a,1,19
blackout-zero.text.1,132,mix,3,4.213517756996305,2,4,1.0,pobj,NOUN,mix,1,20
blackout-zero.text.1,133,of,2,7.063605036452092,1,5,0.8,prep,ADP,of,1,21
blackout-zero.text.1,134,curiosity,9,3.930949031167523,1,6,0.5,pobj,NOUN,curiosity,1,22
blackout-zero.text.1,135,and,3,7.126710513400982,1,7,0.5,cc,CCONJ,and,1,23
blackout-zero.text.1,136,trepidation.,11,2.146128035678238,2,7,1.0,conj,NOUN,trepidation,1,24
blackout-zero.text.1,137,They,4,6.613095166038459,18,1,3.1,punct,PUNCT,.,1,25
blackout-zero.text.1,138,approached,10,4.321805483857539,0,0,0.0,ROOT,VERB,approach,2,1
blackout-zero.text.1,139,the,3,7.469073206544746,1,2,0.3,det,DET,the,2,2
blackout-zero.text.1,140,source,6,4.449940988773338,2,1,2.0,dobj,NOUN,source,2,3
blackout-zero.text.1,141,of,2,7.063605036452092,1,2,0.8,prep,ADP,of,2,4
blackout-zero.text.1,142,the,3,7.469073206544746,1,4,0.3,det,DET,the,2,5
blackout-zero.text.1,143,light,5,5.218010042984363,2,3,1.0,pobj,NOUN,light,2,6
blackout-zero.text.1,144,"cautiously,",10,2.591064607026499,6,1,3.6999999999999997,advmod,ADV,cautiously,2,7
blackout-zero.text.1,145,their,5,5.816347374238363,7,1,0.9000000000000001,punct,PUNCT,",",2,8
blackout-zero.text.1,146,eyes,4,5.0483641052798855,9,1,9.4,dobj,NOUN,eye,2,10
blackout-zero.text.1,147,fixed,5,4.938419645793193,1,2,0.5,acl,VERB,fix,2,11
blackout-zero.text.1,148,on,2,6.842342715684627,1,3,0.8,prep,ADP,on,2,12
blackout-zero.text.1,149,the,3,7.469073206544746,1,5,0.3,det,DET,the,2,13
blackout-zero.text.1,150,house,5,5.710963118995275,2,4,1.0,pobj,NOUN,house,2,14
blackout-zero.text.1,151,that,4,7.14956733263194,1,6,1.0,nsubj,PRON,that,2,15
blackout-zero.text.1,152,seemed,6,5.1455692977929886,2,5,1.0,relcl,VERB,seem,2,16
blackout-zero.text.1,153,to,2,7.355601686871925,1,7,0.3,aux,PART,to,2,17
blackout-zero.text.1,154,be,2,6.7594230602184195,2,6,1.0,xcomp,AUX,be,2,18
blackout-zero.text.1,155,the,3,7.469073206544746,2,8,0.6,det,DET,the,2,19
blackout-zero.text.1,156,only,4,6.034913080865008,1,8,0.6,amod,ADJ,only,2,20
blackout-zero.text.1,157,source,6,4.449940988773338,3,7,1.5,attr,NOUN,source,2,21
blackout-zero.text.1,158,of,2,7.063605036452092,1,8,0.8,prep,ADP,of,2,22
blackout-zero.text.1,159,illumination.,12,2.8260748027008264,1,9,0.5,pobj,NOUN,illumination,2,23
blackout-zero.text.1,160,But,3,6.645173608800489,23,1,4.1000000000000005,punct,PUNCT,.,2,24
blackout-zero.text.1,161,as,2,6.345769610954118,2,2,1.0,mark,SCONJ,as,3,1
blackout-zero.text.1,162,they,4,6.613095166038459,1,2,1.0,nsubj,PRON,they,3,2
blackout-zero.text.1,163,drew,4,4.606488850442648,4,1,2.0,advcl,VERB,draw,3,3
blackout-zero.text.1,164,"closer,",6,5.341296003110066,1,2,0.6,advmod,ADV,close,3,4
blackout-zero.text.1,165,they,4,6.613095166038459,2,1,0.2,punct,PUNCT,",",3,5
blackout-zero.text.1,166,realized,8,4.897956810006952,0,0,0.0,ROOT,VERB,realize,3,7
blackout-zero.text.1,167,that,4,7.14956733263194,2,2,1.0,mark,SCONJ,that,3,8
blackout-zero.text.1,168,something,9,6.1761375813299395,1,2,1.0,nsubj,PRON,something,3,9
blackout-zero.text.1,169,was,3,6.7594230602184195,3,1,1.5,ccomp,AUX,be,3,10
blackout-zero.text.1,170,off.,3,6.071701627227895,1,2,0.6,advmod,ADV,off,3,11
blackout-zero.text.1,171,The,3,7.469073206544746,5,1,0.5,punct,PUNCT,.,3,12
blackout-zero.text.1,172,house,5,5.710963118995275,1,1,1.0,nsubj,NOUN,house,4,1
blackout-zero.text.1,173,seemed...,6,5.1455692977929886,0,0,0.0,ROOT,VERB,seem,4,2
blackout-zero.text.1,174,empty.,5,4.674309888941477,1,1,0.1,punct,PUNCT,...,4,3
blackout-zero.text.1,175,The,3,7.469073206544746,3,1,0.30000000000000004,punct,PUNCT,.,4,5
blackout-zero.text.1,176,windows,7,4.9344984512435675,1,1,1.0,nsubj,NOUN,window,5,1
blackout-zero.text.1,177,were,4,6.7594230602184195,0,0,0.0,ROOT,AUX,be,5,2
blackout-zero.text.1,178,"dark,",4,4.9474827365569185,1,1,0.5,acomp,ADJ,dark,5,3
blackout-zero.text.1,179,the,3,7.469073206544746,3,2,0.30000000000000004,punct,PUNCT,",",5,4
blackout-zero.text.1,180,doors,5,5.465472080873497,1,2,1.0,nsubj,NOUN,door,5,6
blackout-zero.text.1,181,were,4,6.7594230602184195,5,1,2.5,conj,AUX,be,5,7
blackout-zero.text.1,182,"closed,",6,4.733036682933579,1,2,0.5,acomp,ADJ,closed,5,8
blackout-zero.text.1,183,and,3,7.126710513400982,2,2,0.2,punct,PUNCT,",",5,9
blackout-zero.text.1,184,there,5,6.638301521297118,1,3,0.5,expl,PRON,there,5,11
blackout-zero.text.1,185,was,3,6.7594230602184195,5,2,2.5,conj,VERB,be,5,12
blackout-zero.text.1,186,no,2,6.7760870730181075,1,4,0.3,det,DET,no,5,13
blackout-zero.text.1,187,sign,4,5.124732397720029,2,3,1.0,attr,NOUN,sign,5,14
blackout-zero.text.1,188,of,2,7.063605036452092,1,4,0.8,prep,ADP,of,5,15
blackout-zero.text.1,189,life,4,5.901267560474818,1,5,0.5,pobj,NOUN,life,5,16
blackout-zero.text.1,190,anywhere.,8,4.94571471405986,3,4,1.7999999999999998,advmod,ADV,anywhere,5,17
blackout-zero.text.1,191,It,2,7.276377005067547,6,3,0.7000000000000001,punct,PUNCT,.,5,18
blackout-zero.text.1,192,was,3,6.7594230602184195,0,0,0.0,ROOT,AUX,be,6,1
blackout-zero.text.1,193,as,2,6.345769610954118,5,2,2.5,mark,SCONJ,as,6,2
blackout-zero.text.1,194,if,2,6.549171303929439,4,2,2.0,mark,SCONJ,if,6,3
blackout-zero.text.1,195,the,3,7.469073206544746,1,3,0.3,det,DET,the,6,4
blackout-zero.text.1,196,occupants,9,2.9030899869919438,2,2,2.0,nsubj,NOUN,occupant,6,5
blackout-zero.text.1,197,had,3,6.789680109103924,1,2,0.3,aux,AUX,have,6,6
blackout-zero.text.1,198,vanished,8,3.505149978319906,6,1,3.1,advcl,VERB,vanish,6,7
blackout-zero.text.1,199,into,4,5.926645935044691,1,2,0.8,prep,ADP,into,6,8
blackout-zero.text.1,200,thin,4,4.304921161900891,1,4,0.6,amod,ADJ,thin,6,9
blackout-zero.text.1,201,air.,3,5.14307728417362,2,3,1.0,pobj,NOUN,air,6,10
delayed-zero.text.4,380,And,3,7.126710513400982,13,1,7.3,cc,CCONJ,and,0,0
delayed-zero.text.4,381,"so,",2,6.627791747945443,12,1,7.8999999999999995,advmod,ADV,so,0,1
delayed-zero.text.4,382,as,2,6.345769610954118,11,1,1.7000000000000002,punct,PUNCT,",",0,2
delayed-zero.text.4,383,the,3,7.469073206544746,1,3,0.3,det,DET,the,0,4
delayed-zero.text.4,384,storm,5,4.489395921727129,1,2,1.0,nsubj,NOUN,storm,0,5
delayed-zero.text.4,385,raged,5,4.053462604925455,7,1,3.7,advcl,VERB,rage,0,6
delayed-zero.text.4,386,on,2,6.842342715684627,1,2,0.8,prep,ADP,on,0,7
delayed-zero.text.4,387,"outside,",7,5.230500011841471,2,2,1.2,advmod,ADV,outside,0,8
delayed-zero.text.4,388,Rachel,6,4.15,4,1,0.4,punct,PUNCT,",",0,9
delayed-zero.text.4,389,and,3,7.126710513400982,1,2,0.5,cc,CCONJ,and,0,11
delayed-zero.text.4,390,Max,3,4.851135995011574,2,2,1.0,conj,PROPN,Max,0,12
delayed-zero.text.4,391,sat,3,5.4932488700574185,0,0,0.0,ROOT,VERB,sit,0,13
delayed-zero.text.4,392,down,4,6.173264958940605,1,1,0.5,prt,ADP,down,0,14
delayed-zero.text.4,393,and,3,7.126710513400982,2,1,1.0,cc,CCONJ,and,0,15
delayed-zero.text.4,394,began,5,4.7557224449034585,3,1,1.5,conj,VERB,begin,0,16
delayed-zero.text.4,395,to,2,7.355601686871925,1,3,0.3,aux,PART,to,0,17
delayed-zero.text.4,396,write.,5,5.103119253545714,2,2,1.0,xcomp,VERB,write,0,18
delayed-zero.text.4,397,The,3,7.469073206544746,6,1,0.7000000000000001,punct,PUNCT,.,0,19
delayed-zero.text.4,398,words,5,5.372083108574252,1,1,1.0,nsubj,NOUN,word,1,1
delayed-zero.text.4,399,flowed,6,4.138302698166282,0,0,0.0,ROOT,VERB,flow,1,2
delayed-zero.text.4,400,"easily,",6,4.353531559077762,1,1,0.6,advmod,ADV,easily,1,3
delayed-zero.text.4,401,and,3,7.126710513400982,2,1,0.2,punct,PUNCT,",",1,4
delayed-zero.text.4,402,before,6,5.899897071530102,5,2,4.0,prep,ADP,before,1,6
delayed-zero.text.4,403,"long,",4,5.829406704509388,1,3,0.5,pcomp,ADV,long,1,7
delayed-zero.text.4,404,they,4,6.613095166038459,3,2,0.30000000000000004,punct,PUNCT,",",1,8
delayed-zero.text.4,405,had,3,6.789680109103924,1,2,0.3,aux,AUX,have,1,10
delayed-zero.text.4,406,created,7,4.402605241919915,9,1,4.9,conj,VERB,create,1,11
delayed-zero.text.4,407,a,1,7.3099551280128585,1,3,0.3,det,DET,a,1,12
delayed-zero.text.4,408,story,5,5.343959729007141,2,2,2.0,dobj,NOUN,story,1,13
delayed-zero.text.4,409,that,4,7.14956733263194,1,4,1.0,nsubj,PRON,that,1,14
delayed-zero.text.4,410,was,3,6.7594230602184195,2,3,1.0,relcl,AUX,be,1,15
delayed-zero.text.4,411,unlike,6,4.016615547557177,1,4,0.8,prep,ADP,unlike,1,16
delayed-zero.text.4,412,anything,8,5.957726976872594,1,5,0.5,pobj,PRON,anything,1,17
delayed-zero.text.4,413,they'd,5,6.613095166038459,3,7,3.0,nsubj,PRON,they,1,18
delayed-zero.text.4,414,ever,4,5.8507809742035075,1,7,0.6,advmod,ADV,ever,1,20
delayed-zero.text.4,415,written,7,5.103119253545714,4,6,2.0,relcl,VERB,write,1,21
delayed-zero.text.4,416,before.,6,5.899897071530102,1,7,0.6,advmod,ADV,before,1,22
delayed-zero.text.4,417,As,2,6.345769610954118,12,2,1.9000000000000004,punct,PUNCT,.,1,23
delayed-zero.text.4,418,the,3,7.469073206544746,1,3,0.3,det,DET,the,2,1
delayed-zero.text.4,419,night,5,5.937537951345398,1,2,1.0,nsubj,NOUN,night,2,2
delayed-zero.text.4,420,wore,4,5.038739348104748,6,1,3.1,advcl,VERB,wear,2,3
delayed-zero.text.4,421,"on,",2,6.842342715684627,1,2,0.5,prt,ADP,on,2,4
delayed-zero.text.4,422,the,3,7.469073206544746,4,1,0.4,punct,PUNCT,",",2,5
delayed-zero.text.4,423,storm,5,4.489395921727129,2,1,2.0,nsubj,NOUN,storm,2,7
delayed-zero.text.4,424,finally,7,5.069779060881514,1,1,0.6,advmod,ADV,finally,2,8
delayed-zero.text.4,425,began,5,4.7557224449034585,0,0,0.0,ROOT,VERB,begin,2,9
delayed-zero.text.4,426,to,2,7.355601686871925,1,2,0.3,aux,PART,to,2,10
delayed-zero.text.4,427,"subside,",7,2.591064607026499,2,1,1.0,xcomp,VERB,subside,2,11
delayed-zero.text.4,428,and,3,7.126710513400982,3,1,0.30000000000000004,punct,PUNCT,",",2,12
delayed-zero.text.4,429,the,3,7.469073206544746,2,3,0.6,det,DET,the,2,14
delayed-zero.text.4,430,airport,7,4.580240508265376,1,3,0.5,compound,NOUN,airport,2,15
delayed-zero.text.4,431,staff,5,4.505149978319906,1,2,1.0,nsubj,NOUN,staff,2,16
delayed-zero.text.4,432,announced,9,3.9894498176666917,8,1,4.3,conj,VERB,announce,2,17
delayed-zero.text.4,433,that,4,7.14956733263194,3,3,1.5,mark,SCONJ,that,2,18
delayed-zero.text.4,434,the,3,7.469073206544746,1,4,0.3,det,DET,the,2,19
delayed-zero.text.4,435,power,5,5.173244559061566,1,3,1.0,nsubj,NOUN,power,2,20
delayed-zero.text.4,436,was,3,6.7594230602184195,4,2,2.0,ccomp,AUX,be,2,21
delayed-zero.text.4,437,back,4,6.303014523283947,1,4,0.6,advmod,ADV,back,2,22
delayed-zero.text.4,438,on.,2,6.842342715684627,2,3,1.2,advmod,ADV,on,2,23
delayed-zero.text.4,439,Rachel,6,4.15,7,2,0.9000000000000001,punct,PUNCT,.,2,24
delayed-zero.text.4,440,and,3,7.126710513400982,1,2,0.5,cc,CCONJ,and,3,1
delayed-zero.text.4,441,Max,3,4.851135995011574,2,2,1.0,conj,PROPN,Max,3,2
delayed-zero.text.4,442,reluctantly,11,2.8129133566428557,1,1,0.6,advmod,ADV,reluctantly,3,3
delayed-zero.text.4,443,said,4,6.214785585123866,0,0,0.0,ROOT,VERB,say,3,4
delayed-zero.text.4,444,their,5,5.816347374238363,1,2,0.5,poss,PRON,their,3,5
delayed-zero.text.4,445,"goodbyes,",8,5.066363202258494,2,1,2.0,dobj,NOUN,goodbye,3,6
delayed-zero.text.4,446,exchanging,10,3.0492180226701815,3,1,0.30000000000000004,punct,PUNCT,",",3,7
delayed-zero.text.4,447,numbers,7,5.381908906005798,1,2,1.0,dobj,NOUN,number,3,9
delayed-zero.text.4,448,and,3,7.126710513400982,2,2,1.0,cc,CCONJ,and,3,10
delayed-zero.text.4,449,promising,9,5.185031920432769,3,2,1.5,conj,VERB,promise,3,11
delayed-zero.text.4,450,to,2,7.355601686871925,1,4,0.3,aux,PART,to,3,12
delayed-zero.text.4,451,stay,4,5.7123550220857044,2,3,1.0,xcomp,VERB,stay,3,13
delayed-zero.text.4,452,in,2,6.990046118048168,1,4,0.8,prep,ADP,in,3,14
delayed-zero.text.4,453,touch.,5,5.1694686978269395,1,5,0.5,pobj,NOUN,touch,3,15
delayed-zero.text.4,454,As,2,6.345769610954118,12,1,1.9000000000000004,punct,PUNCT,.,3,16
delayed-zero.text.4,455,they,4,6.613095166038459,1,2,1.0,nsubj,PRON,they,4,1
delayed-zero.text.4,456,parted,6,5.417488300705328,4,1,2.0,advcl,VERB,part,4,2
delayed-zero.text.4,457,"ways,",4,6.153732569172379,1,2,1.0,dobj,NOUN,way,4,3
delayed-zero.text.4,458,Rachel,6,4.15,2,1,0.2,punct,PUNCT,",",4,4
delayed-zero.text.4,459,felt,4,5.797433746145375,0,0,0.0,ROOT,VERB,feel,4,6
delayed-zero.text.4,460,a,1,7.3099551280128585,1,2,0.3,det,DET,a,4,7
delayed-zero.text.4,461,sense,5,5.119915410257991,2,1,2.0,dobj,NOUN,sense,4,8
delayed-zero.text.4,462,of,2,7.063605036452092,1,2,0.8,prep,ADP,of,4,9
delayed-zero.text.4,463,excitement,10,4.090258052931317,1,3,0.5,pobj,NOUN,excitement,4,10
delayed-zero.text.4,464,and,3,7.126710513400982,1,4,0.5,cc,CCONJ,and,4,11
delayed-zero.text.4,465,possibility.,11,4.307282047033346,2,4,1.0,conj,NOUN,possibility,4,12
delayed-zero.text.4,466,She,3,6.572044028989929,7,1,0.9000000000000001,punct,PUNCT,.,4,13
delayed-zero.text.4,467,had,3,6.789680109103924,0,0,0.0,ROOT,VERB,have,5,1
delayed-zero.text.4,468,no,2,6.7760870730181075,1,2,0.3,det,DET,no,5,2
delayed-zero.text.4,469,idea,4,5.555142835240048,2,1,2.0,dobj,NOUN,idea,5,3
delayed-zero.text.4,470,what,4,6.993103217236282,3,3,3.0,dobj,PRON,what,5,4
delayed-zero.text.4,471,the,3,7.469073206544746,1,4,0.3,det,DET,the,5,5
delayed-zero.text.4,472,future,6,5.014898386946205,1,3,1.0,nsubj,NOUN,future,5,6
delayed-zero.text.4,473,"held,",4,5.64021302564462,4,2,2.0,relcl,VERB,hold,5,7
delayed-zero.text.4,474,but,3,6.645173608800489,7,1,0.9000000000000001,punct,PUNCT,",",5,8
delayed-zero.text.4,475,she,3,6.572044028989929,1,2,1.0,nsubj,PRON,she,5,10
delayed-zero.text.4,476,knew,4,6.757485611771434,10,1,5.5,conj,VERB,know,5,11
delayed-zero.text.4,477,that,4,7.14956733263194,7,3,3.7,mark,SCONJ,that,5,12
delayed-zero.text.4,478,this,4,6.9019337688086235,1,5,0.3,det,DET,this,5,13
delayed-zero.text.4,479,chance,6,5.382449319798916,1,4,0.5,compound,NOUN,chance,5,14
delayed-zero.text.4,480,encounter,9,3.745855195173729,4,3,4.0,nsubj,VERB,encounter,5,15
delayed-zero.text.4,481,with,4,6.703147736191453,1,4,0.8,prep,ADP,with,5,16
delayed-zero.text.4,482,Max,3,4.851135995011574,1,5,0.5,pobj,PROPN,Max,5,17
delayed-zero.text.4,483,had,3,6.789680109103924,1,3,0.3,aux,AUX,have,5,18
delayed-zero.text.4,484,changed,7,5.380844126464665,8,2,4.3,ccomp,VERB,change,5,19
delayed-zero.text.4,485,her,3,6.452678661106354,1,4,0.5,poss,PRON,her,5,20
delayed-zero.text.4,486,life,4,5.901267560474818,2,3,2.0,dobj,NOUN,life,5,21
delayed-zero.text.4,487,forever.,7,4.9484129657786005,3,3,1.7999999999999998,advmod,ADV,forever,5,22
delayed-zero.difficulty,0,How,3,6.485184613433453,1,2,0.6,advmod,SCONJ,how,0,0
delayed-zero.difficulty,1,difficult,9,4.779307827583586,1,1,0.5,acomp,ADJ,difficult,0,1
delayed-zero.difficulty,2,was,3,6.7594230602184195,0,0,0.0,ROOT,AUX,be,0,2
delayed-zero.difficulty,3,this,4,6.9019337688086235,1,2,0.3,det,DET,this,0,3
delayed-zero.difficulty,4,text,4,3.7193312869837265,2,1,2.0,nsubj,NOUN,text,0,4
delayed-zero.difficulty,5,for,3,6.838540569153386,3,2,1.5,mark,SCONJ,for,0,5
delayed-zero.difficulty,6,you,3,7.621769343182391,2,2,2.0,nsubj,PRON,you,0,6
delayed-zero.difficulty,7,to,2,7.355601686871925,1,2,0.3,aux,PART,to,0,7
delayed-zero.difficulty,8,read,4,5.382413313126266,6,1,3.1,advcl,VERB,read,0,8
delayed-zero.difficulty,9,and,3,7.126710513400982,1,2,0.5,cc,CCONJ,and,0,9
delayed-zero.difficulty,10,understand?,10,5.683452310738281,2,2,1.0,conj,VERB,understand,0,10
delayed-zero.difficulty,11,4,0,5.78,9,1,1.3,punct,PUNCT,?,0,11
delayed-zero.difficulty,12,–,0,,1,2,0.1,punct,PUNCT,–,1,1
delayed-zero.difficulty,13,very,4,6.093859261503438,1,2,0.6,advmod,ADV,very,1,2
delayed-zero.difficulty,14,difficult,9,4.779307827583586,9,1,5.8,amod,ADJ,difficult,1,3
delayed-zero.difficulty,15,3,0,5.91,8,1,4.3,nummod,NUM,3,1,4
delayed-zero.difficulty,16,–,0,,1,2,0.1,punct,PUNCT,–,1,5
delayed-zero.difficulty,17,rather,6,5.057742155828753,1,4,0.6,advmod,ADV,rather,1,6
delayed-zero.difficulty,18,difficult,9,4.779307827583586,1,3,0.6,amod,ADJ,difficult,1,7
delayed-zero.difficulty,19,2,0,6.0,4,2,2.0,appos,NUM,2,1,8
delayed-zero.difficulty,20,–,0,,1,3,0.1,punct,PUNCT,–,1,9
delayed-zero.difficulty,21,rather,6,5.057742155828753,1,4,0.6,advmod,ADV,rather,1,10
delayed-zero.difficulty,22,easy,4,5.42440789939746,3,3,1.7999999999999998,amod,ADJ,easy,1,11
delayed-zero.difficulty,23,1,0,6.0,0,0,0.0,ROOT,NUM,1,1,12
delayed-zero.difficulty,24,–,0,,1,1,0.1,punct,PUNCT,–,1,13
delayed-zero.difficulty,25,very,4,6.093859261503438,1,2,0.6,advmod,ADV,very,1,14
delayed-zero.difficulty,26,easy,4,5.42440789939746,3,1,1.7999999999999998,amod,ADJ,easy,1,15
breakfast-pos.interest,0,How,3,6.485184613433453,1,2,0.6,advmod,SCONJ,how,0,0
breakfast-pos.interest,1,interesting,11,4.937969002951452,3,1,1.5,acomp,ADJ,interesting,0,1
breakfast-pos.interest,2,did,3,6.787856330946344,2,1,0.6,aux,AUX,do,0,2
breakfast-pos.interest,3,you,3,7.621769343182391,1,1,1.0,nsubj,PRON,you,0,3
breakfast-pos.interest,4,find,4,5.919580118612771,0,0,0.0,ROOT,VERB,find,0,4
breakfast-pos.interest,5,this,4,6.9019337688086235,1,2,0.3,det,DET,this,0,5
breakfast-pos.interest,6,text?,4,3.7193312869837265,2,1,2.0,dobj,NOUN,text,0,6
breakfast-pos.interest,7,4,0,5.78,3,1,0.30000000000000004,punct,PUNCT,?,0,7
breakfast-pos.interest,8,–,0,,1,2,0.1,punct,PUNCT,–,1,1
breakfast-pos.interest,9,very,4,6.093859261503438,1,3,0.6,advmod,ADV,very,1,2
breakfast-pos.interest,10,interesting,11,4.937969002951452,3,2,1.7999999999999998,amod,ADJ,interesting,1,3
breakfast-pos.interest,11,3,0,5.91,1,3,0.5,nummod,NUM,3,1,4
breakfast-pos.interest,12,–,0,,5,2,0.5,punct,PUNCT,–,1,5
breakfast-pos.interest,13,rather,6,5.057742155828753,1,1,0.6,advmod,ADV,rather,1,6
breakfast-pos.interest,14,interesting,11,4.937969002951452,0,0,0.0,ROOT,ADJ,interesting,1,7
breakfast-pos.interest,15,2,0,6.0,1,1,0.5,nummod,NUM,2,1,8
breakfast-pos.interest,16,–,0,,1,2,0.1,punct,PUNCT,–,1,9
breakfast-pos.interest,17,rather,6,5.057742155828753,1,3,0.6,advmod,ADV,rather,1,10
breakfast-pos.interest,18,boring,6,4.437909035539498,3,2,1.7999999999999998,amod,ADJ,boring,1,11
breakfast-pos.interest,19,1,0,6.0,1,3,0.5,nummod,NUM,1,1,12
breakfast-pos.interest,20,–,0,,1,4,0.1,punct,PUNCT,–,1,13
breakfast-pos.interest,21,very,4,6.093859261503438,1,3,0.6,advmod,ADV,very,1,14
breakfast-pos.interest,22,boring,6,4.437909035539498,7,2,4.4,amod,ADJ,boring,1,15
blackout-neg.question,0,What,4,6.993103217236282,1,1,1.0,nsubj,PRON,what,0,0
blackout-neg.question,1,drew,4,4.606488850442648,0,0,0.0,ROOT,VERB,draw,0,1
blackout-neg.question,2,the,3,7.469073206544746,1,2,0.3,det,DET,the,0,2
blackout-neg.question,3,crowd,5,4.572523097849637,2,1,2.0,dobj,NOUN,crowd,0,3
blackout-neg.question,4,to,2,7.355601686871925,3,1,2.4000000000000004,prep,ADP,to,0,4
blackout-neg.question,5,the,3,7.469073206544746,1,3,0.3,det,DET,the,0,5
blackout-neg.question,6,house,5,5.710963118995275,2,2,1.0,pobj,NOUN,house,0,6
blackout-neg.question,7,on,2,6.842342715684627,6,1,4.9,prep,ADP,on,0,7
blackout-neg.question,8,Elm,3,3.155336037465062,1,3,0.5,compound,PROPN,Elm,0,8
blackout-neg.question,9,Street?,6,5.170789590446391,2,2,1.0,pobj,PROPN,Street,0,9
blackout-neg.question,10,A,1,7.3099551280128585,9,1,1.3,punct,PUNCT,?,0,10
blackout-neg.question,11,"mysterious,",10,4.176091259055681,3,1,1.7999999999999998,amod,ADJ,mysterious,1,1
blackout-neg.question,12,growing,7,4.476251796007033,2,1,0.2,punct,PUNCT,",",1,2
blackout-neg.question,13,light,5,5.218010042984363,0,0,0.0,ROOT,NOUN,light,1,4
blackout-neg.question,14,The,3,7.469073206544746,1,3,0.3,det,DET,the,1,5
blackout-neg.question,15,woman's,6,5.63811969986024,3,2,1.5,poss,NOUN,woman,1,6
blackout-neg.question,16,whispered,9,3.8976270912904414,1,2,0.6,amod,VERB,whisper,1,8
blackout-neg.question,17,voice,5,4.935305690289924,5,1,2.5,appos,NOUN,voice,1,9
blackout-neg.question,18,A,1,7.3099551280128585,2,2,0.6,det,DET,a,1,10
blackout-neg.question,19,strange,7,4.936664513000075,1,2,0.6,amod,ADJ,strange,1,11
blackout-neg.question,20,message,7,4.961468555350786,8,1,4.3,npadvmod,NOUN,message,1,12
blackout-neg.question,21,on,2,6.842342715684627,1,2,0.8,prep,ADP,on,1,13
blackout-neg.question,22,the,3,7.469073206544746,1,4,0.3,det,DET,the,1,14
blackout-neg.question,23,door,4,5.465472080873497,2,3,1.0,pobj,NOUN,door,1,15
blackout-neg.question,24,The,3,7.469073206544746,1,2,0.3,det,DET,the,1,16
blackout-neg.question,25,sound,5,5.156518864747027,13,1,7.3,appos,NOUN,sound,1,17
blackout-neg.question,26,of,2,7.063605036452092,1,2,0.8,prep,ADP,of,1,18
blackout-neg.question,27,music,5,5.180842414646682,1,3,0.5,pobj,NOUN,music,1,19
blackout-neg.question,28,from,4,6.309430005221755,3,2,2.4000000000000004,prep,ADP,from,1,20
blackout-neg.question,29,inside,6,5.324837832312843,1,3,0.8,prep,ADP,inside,1,21
voicemail-neg.text.2,221,no,2,6.7760870730181075,1,2,0.5,neg,ADV,no,0,0
voicemail-neg.text.2,222,matter,6,5.5688936961393445,8,1,5.1,advmod,ADV,matter,0,1
voicemail-neg.text.2,223,what,4,6.993103217236282,2,3,2.0,dobj,PRON,what,0,2
voicemail-neg.text.2,224,she,3,6.572044028989929,1,3,1.0,nsubj,PRON,she,0,3
voicemail-neg.text.2,225,"did,",3,6.787856330946344,3,2,1.5,ccomp,VERB,do,0,4
voicemail-neg.text.2,226,she,3,6.572044028989929,4,1,0.4,punct,PUNCT,",",0,5
voicemail-neg.text.2,227,couldn't,7,6.212078350946609,2,1,0.6,aux,AUX,could,0,7
voicemail-neg.text.2,228,shake,5,4.59802407233419,0,0,0.0,ROOT,VERB,shake,0,9
voicemail-neg.text.2,229,the,3,7.469073206544746,1,2,0.3,det,DET,the,0,10
voicemail-neg.text.2,230,feeling,7,5.225774348143929,2,1,2.0,dobj,NOUN,feeling,0,11
voicemail-neg.text.2,231,of,2,7.063605036452092,1,2,0.8,prep,ADP,of,0,12
voicemail-neg.text.2,232,being,5,6.7594230602184195,1,4,0.5,auxpass,AUX,be,0,13
voicemail-neg.text.2,233,watched.,7,5.518540259958009,2,3,1.0,pcomp,VERB,watch,0,14
voicemail-neg.text.2,234,One,3,6.48745513929058,6,1,0.7000000000000001,punct,PUNCT,.,0,15
voicemail-neg.text.2,235,"night,",5,5.937537951345398,11,1,6.1,npadvmod,NOUN,night,1,1
voicemail-neg.text.2,236,as,2,6.345769610954118,10,1,1.5,punct,PUNCT,",",1,2
voicemail-neg.text.2,237,she,3,6.572044028989929,2,2,2.0,nsubj,PRON,she,1,4
voicemail-neg.text.2,238,was,3,6.7594230602184195,1,2,0.3,aux,AUX,be,1,5
voicemail-neg.text.2,239,walking,7,5.334172172724605,6,1,3.1,advcl,VERB,walk,1,6
voicemail-neg.text.2,240,home,4,5.888926085535086,1,2,0.6,advmod,ADV,home,1,7
voicemail-neg.text.2,241,from,4,6.309430005221755,2,2,1.6,prep,ADP,from,1,8
voicemail-neg.text.2,242,"work,",4,5.902013775787815,1,3,0.5,pobj,NOUN,work,1,9
voicemail-neg.text.2,243,she,3,6.572044028989929,2,1,0.2,punct,PUNCT,",",1,10
voicemail-neg.text.2,244,saw,3,6.407684867368763,0,0,0.0,ROOT,VERB,see,1,12
voicemail-neg.text.2,245,a,1,7.3099551280128585,1,2,0.3,det,DET,a,1,13
voicemail-neg.text.2,246,figure,6,5.111833578148847,2,1,2.0,dobj,NOUN,figure,1,14
voicemail-neg.text.2,247,in,2,6.990046118048168,3,1,2.4000000000000004,prep,ADP,in,1,15
voicemail-neg.text.2,248,the,3,7.469073206544746,1,3,0.3,det,DET,the,1,16
voicemail-neg.text.2,249,distance.,8,4.408409578468429,2,2,1.0,pobj,NOUN,distance,1,17
voicemail-neg.text.2,250,It,2,7.276377005067547,6,1,0.7000000000000001,punct,PUNCT,.,1,18
voicemail-neg.text.2,251,was,3,6.7594230602184195,0,0,0.0,ROOT,AUX,be,2,1
voicemail-neg.text.2,252,a,1,7.3099551280128585,1,2,0.3,det,DET,a,2,2
voicemail-neg.text.2,253,woman,5,5.63811969986024,2,1,1.0,attr,NOUN,woman,2,3
voicemail-neg.text.2,254,with,4,6.703147736191453,1,2,0.8,prep,ADP,with,2,4
voicemail-neg.text.2,255,"long,",4,5.829406704509388,3,4,1.7999999999999998,amod,ADJ,long,2,5
voicemail-neg.text.2,256,dark,4,4.9474827365569185,2,4,0.2,punct,PUNCT,",",2,6
voicemail-neg.text.2,257,hair,4,5.1862498207790875,4,3,2.0,pobj,NOUN,hair,2,8
voicemail-neg.text.2,258,and,3,7.126710513400982,1,4,0.5,cc,CCONJ,and,2,9
voicemail-neg.text.2,259,a,1,7.3099551280128585,1,5,0.3,det,DET,a,2,10
voicemail-neg.text.2,260,hoodie,6,2.3010299956639813,3,4,1.5,conj,NOUN,hoodie,2,11
voicemail-neg.text.2,261,pulled,6,5.1656893760176175,11,1,6.1,ccomp,VERB,pull,2,12
voicemail-neg.text.2,262,over,4,6.12165503058072,1,2,0.8,prep,ADP,over,2,13
voicemail-neg.text.2,263,her,3,6.452678661106354,1,4,0.5,poss,PRON,her,2,14
voicemail-neg.text.2,264,head.,4,5.569970508234867,2,3,1.0,pobj,NOUN,head,2,15
voicemail-neg.text.2,265,Emily's,6,4.568670978009896,2,2,1.0,poss,PROPN,Emily,3,0
voicemail-neg.text.2,266,heart,5,5.387710089398605,1,1,1.0,nsubj,NOUN,heart,3,2
voicemail-neg.text.2,267,skipped,7,4.324282455297693,0,0,0.0,ROOT,VERB,skip,3,3
voicemail-neg.text.2,268,a,1,7.3099551280128585,1,2,0.3,det,DET,a,3,4
voicemail-neg.text.2,269,beat,4,5.119552797667117,2,1,2.0,dobj,NOUN,beat,3,5
voicemail-neg.text.2,270,as,2,6.345769610954118,2,2,1.0,mark,SCONJ,as,3,6
voicemail-neg.text.2,271,she,3,6.572044028989929,1,2,1.0,nsubj,PRON,she,3,7
voicemail-neg.text.2,272,quickened,9,2.4313637641589874,5,1,2.5,advcl,VERB,quicken,3,8
voicemail-neg.text.2,273,her,3,6.452678661106354,1,3,0.5,poss,PRON,her,3,9
voicemail-neg.text.2,274,"pace,",4,3.9809119377768436,2,2,2.0,dobj,NOUN,pace,3,10
voicemail-neg.text.2,275,but,3,6.645173608800489,8,1,1.1,punct,PUNCT,",",3,11
voicemail-neg.text.2,276,as,2,6.345769610954118,2,3,1.0,mark,SCONJ,as,3,13
voicemail-neg.text.2,277,she,3,6.572044028989929,1,3,1.0,nsubj,PRON,she,3,14
voicemail-neg.text.2,278,got,3,6.6612218704330886,5,2,2.5,advcl,VERB,get,3,15
voicemail-neg.text.2,279,"closer,",6,5.341296003110066,1,3,0.5,acomp,ADJ,close,3,16
voicemail-neg.text.2,280,the,3,7.469073206544746,3,2,0.30000000000000004,punct,PUNCT,",",3,17
voicemail-neg.text.2,281,woman,5,5.63811969986024,1,2,1.0,nsubj,NOUN,woman,3,19
voicemail-neg.text.2,282,vanished,8,3.505149978319906,17,1,9.7,conj,VERB,vanish,3,20
voicemail-neg.text.2,283,into,4,5.926645935044691,1,2,0.8,prep,ADP,into,3,21
voicemail-neg.text.2,284,thin,4,4.304921161900891,1,4,0.6,amod,ADJ,thin,3,22
voicemail-neg.text.2,285,air.,3,5.14307728417362,2,3,1.0,pobj,NOUN,air,3,23
voicemail-neg.text.2,286,It,2,7.276377005067547,4,2,0.4,punct,PUNCT,.,3,24
voicemail-neg.text.2,287,was,3,6.7594230602184195,0,0,0.0,ROOT,AUX,be,4,1
voicemail-neg.text.2,288,then,4,6.17304925458245,1,1,0.6,advmod,ADV,then,4,2
voicemail-neg.text.2,289,that,4,7.14956733263194,2,2,1.0,mark,SCONJ,that,4,3
voicemail-neg.text.2,290,Emily,5,4.568670978009896,1,2,1.0,nsubj,PROPN,Emily,4,4
voicemail-neg.text.2,291,realized,8,4.897956810006952,4,1,2.0,ccomp,VERB,realize,4,5
voicemail-neg.text.2,292,the,3,7.469073206544746,1,4,0.3,det,DET,the,4,6
voicemail-neg.text.2,293,message,7,4.961468555350786,1,3,1.0,nsubj,NOUN,message,4,7
voicemail-neg.text.2,294,was,3,6.7594230602184195,3,2,1.5,ccomp,AUX,be,4,8
voicemail-neg.text.2,295,more,4,6.113472054195492,1,3,0.5,acomp,ADJ,more,4,9
voicemail-neg.text.2,296,than,4,5.868526886768203,1,4,0.8,prep,ADP,than,4,10
voicemail-neg.text.2,297,just,4,6.67661497234708,2,6,1.2,advmod,ADV,just,4,11
voicemail-neg.text.2,298,a,1,7.3099551280128585,1,6,0.3,det,DET,a,4,12
voicemail-neg.text.2,299,prank.,5,3.6020599913279625,3,5,1.5,pobj,NOUN,prank,4,13
voicemail-neg.text.2,300,It,2,7.276377005067547,13,1,2.1,punct,PUNCT,.,4,14
voicemail-neg.text.2,301,was,3,6.7594230602184195,0,0,0.0,ROOT,AUX,be,5,1
voicemail-neg.text.2,302,a,1,7.3099551280128585,1,2,0.3,det,DET,a,5,2
voicemail-neg.text.2,303,warning.,7,4.504606770641954,2,1,1.0,attr,NOUN,warning,5,3
voicemail-neg.text.2,304,And,3,7.126710513400982,3,1,0.30000000000000004,punct,PUNCT,.,5,4
voicemail-neg.text.2,305,she,3,6.572044028989929,1,1,1.0,nsubj,PRON,she,6,1
voicemail-neg.text.2,306,had,3,6.789680109103924,0,0,0.0,ROOT,VERB,have,6,2
voicemail-neg.text.2,307,no,2,6.7760870730181075,1,2,0.3,det,DET,no,6,3
voicemail-neg.text.2,308,idea,4,5.555142835240048,2,1,2.0,dobj,NOUN,idea,6,4
voicemail-neg.text.2,309,who,3,6.346927740692434,1,3,1.0,nsubj,PRON,who,6,5
voicemail-neg.text.2,310,was,3,6.7594230602184195,2,2,1.0,relcl,AUX,be,6,6
voicemail-neg.text.2,311,behind,6,5.273834318000558,1,3,0.8,prep,ADP,behind,6,7
voicemail-neg.text.2,312,it,2,7.276377005067547,1,4,0.5,pobj,PRON,it,6,8
voicemail-neg.text.2,313,or,2,6.231798245316826,3,3,1.5,cc,CCONJ,or,6,9
voicemail-neg.text.2,314,what,4,6.993103217236282,2,4,2.0,dobj,PRON,what,6,10
voicemail-neg.text.2,315,they,4,6.613095166038459,1,4,1.0,nsubj,PRON,they,6,11
voicemail-neg.text.2,316,wanted,6,6.440780033374006,6,3,3.1,conj,VERB,want,6,12
voicemail-neg.text.2,317,from,4,6.309430005221755,1,4,0.8,prep,ADP,from,6,13
voicemail-neg.text.2,318,her.,3,6.572044028989929,1,5,0.5,pobj,PRON,she,6,14
voicemail-neg.text.2,319,All,3,6.71280622142986,13,1,2.1,punct,PUNCT,.,6,15
voicemail-neg.text.2,320,she,3,6.572044028989929,1,3,1.0,nsubj,PRON,she,7,1
voicemail-neg.text.2,321,knew,4,6.757485611771434,2,2,1.0,relcl,VERB,know,7,2
voicemail-neg.text.2,322,was,3,6.7594230602184195,0,0,0.0,ROOT,AUX,be,7,3
voicemail-neg.text.2,323,that,4,7.14956733263194,2,2,1.0,mark,SCONJ,that,7,4
voicemail-neg.text.2,324,she,3,6.572044028989929,1,2,1.0,nsubj,PRON,she,7,5
voicemail-neg.text.2,325,had,3,6.789680109103924,3,1,1.5,ccomp,VERB,have,7,6
voicemail-neg.text.2,326,to,2,7.355601686871925,1,3,0.3,aux,PART,to,7,7
voicemail-neg.text.2,327,get,3,6.6612218704330886,2,2,1.0,xcomp,VERB,get,7,8
voicemail-neg.text.2,328,to,2,7.355601686871925,1,3,0.8,prep,ADP,to,7,9
voicemail-neg.text.2,329,the,3,7.469073206544746,1,5,0.3,det,DET,the,7,10
voicemail-neg.text.2,330,bottom,6,4.698274576674367,2,4,1.0,pobj,NOUN,bottom,7,11
voicemail-neg.text.2,331,of,2,7.063605036452092,1,5,0.8,prep,ADP,of,7,12
voicemail-neg.text.2,332,it.,2,7.276377005067547,1,6,0.5,pobj,PRON,it,7,13
blackout-zero.naturalness,0,How,3,6.485184613433453,1,2,0.6,advmod,SCONJ,how,0,0
blackout-zero.naturalness,1,natural,7,4.6268534146667255,3,1,1.5,acomp,ADJ,natural,0,1
blackout-zero.naturalness,2,and,3,7.126710513400982,1,2,0.5,cc,CCONJ,and,0,2
blackout-zero.naturalness,3,fluent,6,3.0644579892269186,2,2,1.0,conj,ADJ,fluent,0,3
blackout-zero.naturalness,4,was,3,6.7594230602184195,0,0,0.0,ROOT,AUX,be,0,4
blackout-zero.naturalness,5,the,3,7.469073206544746,2,2,0.6,det,DET,the,0,5
blackout-zero.naturalness,6,writing,7,5.103119253545714,1,2,0.5,compound,VERB,write,0,6
blackout-zero.naturalness,7,style,5,4.478277831919605,3,1,1.5,attr,NOUN,style,0,7
blackout-zero.naturalness,8,in,2,6.990046118048168,1,2,0.8,prep,ADP,in,0,8
blackout-zero.naturalness,9,this,4,6.9019337688086235,1,4,0.3,det,DET,this,0,9
blackout-zero.naturalness,10,text?,4,3.7193312869837265,2,3,1.0,pobj,NOUN,text,0,10
blackout-zero.naturalness,11,4,0,5.78,7,1,0.9000000000000001,punct,PUNCT,?,0,11
blackout-zero.naturalness,12,–,0,,1,1,0.1,punct,PUNCT,–,1,1
blackout-zero.naturalness,13,very,4,6.093859261503438,1,3,0.6,advmod,ADV,very,1,2
blackout-zero.naturalness,14,natural,7,4.6268534146667255,1,2,0.6,amod,ADJ,natural,1,3
blackout-zero.naturalness,15,3,0,5.91,4,1,2.0,appos,NUM,3,1,4
blackout-zero.naturalness,16,–,0,,1,2,0.1,punct,PUNCT,–,1,5
blackout-zero.naturalness,17,rather,6,5.057742155828753,1,4,0.6,advmod,ADV,rather,1,6
blackout-zero.naturalness,18,natural,7,4.6268534146667255,1,3,0.6,amod,ADJ,natural,1,7
blackout-zero.naturalness,19,2,0,6.0,4,2,2.0,appos,NUM,2,1,8
blackout-zero.naturalness,20,–,0,,1,3,0.1,punct,PUNCT,–,1,9
blackout-zero.naturalness,21,rather,6,5.057742155828753,1,3,0.6,advmod,ADV,rather,1,10
blackout-zero.naturalness,22,unnatural,9,3.4393326938302624,1,2,0.6,amod,ADJ,unnatural,1,11
blackout-zero.naturalness,23,1,0,6.0,12,1,6.7,appos,NUM,1,1,12
blackout-zero.naturalness,24,–,0,,1,2,0.1,punct,PUNCT,–,1,13
blackout-zero.naturalness,25,very,4,6.093859261503438,1,3,0.6,advmod,ADV,very,1,14
blackout-zero.naturalness,26,unnatural,9,3.4393326938302624,3,2,1.7999999999999998,amod,ADJ,unnatural,1,15
delayed-pos.difficulty,0,How,3,6.485184613433453,1,2,0.6,advmod,SCONJ,how,0,0
delayed-pos.difficulty,1,difficult,9,4.779307827583586,1,1,0.5,acomp,ADJ,difficult,0,1
delayed-pos.difficulty,2,was,3,6.7594230602184195,0,0,0.0,ROOT,AUX,be,0,2
delayed-pos.difficulty,3,this,4,6.9019337688086235,1,2,0.3,det,DET,this,0,3
delayed-pos.difficulty,4,text,4,3.7193312869837265,2,1,2.0,nsubj,NOUN,text,0,4
delayed-pos.difficulty,5,for,3,6.838540569153386,3,2,1.5,mark,SCONJ,for,0,5
delayed-pos.difficulty,6,you,3,7.621769343182391,2,2,2.0,nsubj,PRON,you,0,6
delayed-pos.difficulty,7,to,2,7.355601686871925,1,2,0.3,aux,PART,to,0,7
delayed-pos.difficulty,8,read,4,5.382413313126266,6,1,3.1,advcl,VERB,read,0,8
delayed-pos.difficulty,9,and,3,7.126710513400982,1,2,0.5,cc,CCONJ,and,0,9
delayed-pos.difficulty,10,understand?,10,5.683452310738281,2,2,1.0,conj,VERB,understand,0,10
delayed-pos.difficulty,11,4,0,5.78,9,1,1.3,punct,PUNCT,?,0,11
delayed-pos.difficulty,12,–,0,,1,2,0.1,punct,PUNCT,–,1,1
delayed-pos.difficulty,13,very,4,6.093859261503438,1,2,0.6,advmod,ADV,very,1,2
delayed-pos.difficulty,14,difficult,9,4.779307827583586,9,1,5.8,amod,ADJ,difficult,1,3
delayed-pos.difficulty,15,3,0,5.91,8,1,4.3,nummod,NUM,3,1,4
delayed-pos.difficulty,16,–,0,,1,2,0.1,punct,PUNCT,–,1,5
delayed-pos.difficulty,17,rather,6,5.057742155828753,1,4,0.6,advmod,ADV,rather,1,6
delayed-pos.difficulty,18,difficult,9,4.779307827583586,1,3,0.6,amod,ADJ,difficult,1,7
delayed-pos.difficulty,19,2,0,6.0,4,2,2.0,appos,NUM,2,1,8
delayed-pos.difficulty,20,–,0,,1,3,0.1,punct,PUNCT,–,1,9
delayed-pos.difficulty,21,rather,6,5.057742155828753,1,4,0.6,advmod,ADV,rather,1,10
delayed-pos.difficulty,22,easy,4,5.42440789939746,3,3,1.7999999999999998,amod,ADJ,easy,1,11
delayed-pos.difficulty,23,1,0,6.0,0,0,0.0,ROOT,NUM,1,1,12
delayed-pos.difficulty,24,–,0,,1,1,0.1,punct,PUNCT,–,1,13
delayed-pos.difficulty,25,very,4,6.093859261503438,1,2,0.6,advmod,ADV,very,1,14
delayed-pos.difficulty,26,easy,4,5.42440789939746,3,1,1.7999999999999998,amod,ADJ,easy,1,15
blackout-zero.interest,0,How,3,6.485184613433453,1,2,0.6,advmod,SCONJ,how,0,0
blackout-zero.interest,1,interesting,11,4.937969002951452,3,1,1.5,acomp,ADJ,interesting,0,1
blackout-zero.interest,2,did,3,6.787856330946344,2,1,0.6,aux,AUX,do,0,2
blackout-zero.interest,3,you,3,7.621769343182391,1,1,1.0,nsubj,PRON,you,0,3
blackout-zero.interest,4,find,4,5.919580118612771,0,0,0.0,ROOT,VERB,find,0,4
blackout-zero.interest,5,this,4,6.9019337688086235,1,2,0.3,det,DET,this,0,5
blackout-zero.interest,6,text?,4,3.7193312869837265,2,1,2.0,dobj,NOUN,text,0,6
blackout-zero.interest,7,4,0,5.78,3,1,0.30000000000000004,punct,PUNCT,?,0,7
blackout-zero.interest,8,–,0,,1,2,0.1,punct,PUNCT,–,1,1
blackout-zero.interest,9,very,4,6.093859261503438,1,3,0.6,advmod,ADV,very,1,2
blackout-zero.interest,10,interesting,11,4.937969002951452,3,2,1.7999999999999998,amod,ADJ,interesting,1,3
blackout-zero.interest,11,3,0,5.91,1,3,0.5,nummod,NUM,3,1,4
blackout-zero.interest,12,–,0,,5,2,0.5,punct,PUNCT,–,1,5
blackout-zero.interest,13,rather,6,5.057742155828753,1,1,0.6,advmod,ADV,rather,1,6
blackout-zero.interest,14,interesting,11,4.937969002951452,0,0,0.0,ROOT,ADJ,interesting,1,7
blackout-zero.interest,15,2,0,6.0,1,1,0.5,nummod,NUM,2,1,8
blackout-zero.interest,16,–,0,,1,2,0.1,punct,PUNCT,–,1,9
blackout-zero.interest,17,rather,6,5.057742155828753,1,3,0.6,advmod,ADV,rather,1,10
blackout-zero.interest,18,boring,6,4.437909035539498,3,2,1.7999999999999998,amod,ADJ,boring,1,11
blackout-zero.interest,19,1,0,6.0,1,3,0.5,nummod,NUM,1,1,12
blackout-zero.interest,20,–,0,,1,4,0.1,punct,PUNCT,–,1,13
blackout-zero.interest,21,very,4,6.093859261503438,1,3,0.6,advmod,ADV,very,1,14
blackout-zero.interest,22,boring,6,4.437909035539498,7,2,4.4,amod,ADJ,boring,1,15
